Workbook

Sheet README
A1: FPS Player Model — CS2 + Valorant
A2: Kills and headshot projections built map by map: per-map KPR × the rounds you expect on that map.
A3: Slate 2026-10-16 · 281 board legs · 18 matches
A5: HOW TO USE
A6: 1. Matches tab: every match on the slate, one row each. The shaded columns are yours — Map 1, Map 2, Map 3 (dropdowns) and Rounds M1/M2/M3. They arrive prefilled: maps from PickFinder's Map Picks, rounds from Thunderpick's Total Rounds ladder for that map. Change any of them and every projection for that match recalculates.
A7: 2. Board tab: pick a match in the shaded cell B2. Both rosters load, ranked by projected Maps 1-2 kills, with the PrizePicks line, the model's P(over), Thunderpick's own kill-line median and PickFinder's L10 beside it.
A8: 3. Projections tab: every leg on the board (Maps 1-2, Map 1, Map 2 — kills and HS), filterable.
A9: 4. Log tab: the same projections frozen as values at default settings when the sheet was built. Type the result in Actual after settlement; Result fills itself. This is the forward record the model does not yet have.
A11: THE MODEL, IN FOUR LINES
A12: Per-map KPR = (n × map KPR + SHRINK_MAPS × overall KPR) ÷ (n + SHRINK_MAPS), n = maps the player has on that map in PickFinder's sample. A map he has never played uses his overall KPR.
A13: Kills on map k = per-map KPR × rounds on map k. Maps 1-2 = map 1 + map 2. Maps 1-3 = maps 1-2 + P(map 3) × map 3.
A14: HS on map k = kills on map k × per-map HS%, shrunk the same way. (CS2 only — PickFinder posts no Valorant HS%.)
... A36: Each slate is rebuilt from fresh captures and imported over this file (File → Import → Replace spreadsheet), so the link stays the same. Your shaded edits are per slate and are replaced on the next import.

Sheet Match_Intel
A1: Match Intel — 2026-10-16
A2: Recent form, margins, ranks, pistols, map pools and recent vetoes per match. Windows: HLTV 3 months to the day before the slate; vlr last 10 series. Bucket probabilities are the frozen v2 model (PAPER, not a pick). Margins are rounds: + won by, − lost by.
A4: VAL · VIT vs LOUD | 06:00 UTC | Bo3 | Win: VIT 47% – LOUD 53% | 2-0 24% · 2-1 23% · 1-2 26% · 0-2 27%
B5: Team Vitality (VIT) | C5: LOUD (LOUD)
A6: Rank (vlr) | B6: Current Rank 1 Europe · Rating 2052 · Record 31W 15L | C6: Current Rank 1 Brazil · Rating 2004 · Record 79W 48L
A7: Last 10 series: maps W-L | B7: 16-10 | C7: 18-10
A8: Avg margin in wins / losses | B8: +4.8 / -4.0 | C8: +5.7 / -4.3
A9: Stomps for / against (8+) | B9: 1 / 2 | C9: 5 / 2
A10: Pistols | B10: not available from vlr summary pages | C10: not available from vlr summary pages
A11: Kill share (last 10 series, all maps) | B11: 10 series · 26 maps · team 81.3 kills/map Derke 21.2% (17.3/map) Chronicle 20.9% (17.0/map) Jamppi 20.4% (16.6/map) Sayonara 20.1% (16.4/map) PROFEK 17.4% (14.1/map) | C11: 10 series · 28 maps · team 76.1 kills/map lukxo 25.2% (19.1/map) erde 22.2% (16.9/map) tkzin 20.8% (15.8/map) Darker 16.6% (12.6/map) DaviH 15.2% (11.6/map)
A12: Last 5 series | B12: 2026-10-10 G2 Esports vs Team Vitality Abyss:11-13:P,Split:4-13:P 2026-10-08 Team Vitality vs Nongshim RedForce Split:13-8:P,Abyss:4-13:P,Haven:14-12: 2026-09-30 Team Vitality vs LOUD Ascent:13-7:P,Summit:19-17:P 2026-09-26 Global Esports vs Team Vitality Abyss:10-13:P,Ascent:13-9:P,Summit:11-13: 2026-08-22 Team Vitality vs Fire Flux Esports Abyss:13-11:P,Ascent:11-13:P,Split:7-13: | C12: 2026-10-10 NRG vs LOUD Haven:9-13:P,Sunset:13-10:P,Summit:3-13: 2026-10-07 Paper Rex vs LOUD Split:9-13:P,Sunset:13-15:P 2026-10-04 LOUD vs Global Esports Split:13-8:P,Sunset:13-9:P 2026-09-30 Team Vitality vs LOUD Ascent:13-7:P,Summit:19-17:P 2026-09-26 LOUD vs EDward Gaming Lotus:13-8:P,Summit:13-5:P
A13: Recent vetoes (last 5) | B13: 2026-10-10 vs G2 Esports: G2 ban Summit; VIT ban Sunset; G2 pick Abyss; VIT pick Split; G2 ban Haven; VIT ban Lotus; Ascent remains 2026-10-08 vs Nongshim RedForce: NS ban Lotus; VIT ban Sunset; NS pick Split; VIT pick Abyss; NS ban Ascent; VIT ban Summit; Haven remains 2026-09-30 vs LOUD: VIT ban Sunset; LOUD ban Split; VIT pick Ascent; LOUD pick Summit; VIT ban Abyss; LOUD ban Haven; Lotus remains 2026-09-26 vs Global Esports: VIT ban Sunset; GE ban Split; VIT pick Abyss; GE pick Ascent; VIT ban Haven; GE ban Lotus; Summit remains 2026-08-22 vs Fire Flux Esports: FF ban Haven; VIT ban Sunset; FF pick Abyss; VIT pick Ascent; FF ban Summit; VIT ban Lotus; Split remains | C13: 2026-10-10 vs NRG: NRG ban Split; LOUD ban Lotus; NRG pick Haven; LOUD pick Sunset; NRG ban Abyss; LOUD ban Ascent; Summit remains 2026-10-07 vs Paper Rex: PRX ban Abyss; LOUD ban Ascent; PRX pick Split; LOUD pick Sunset; PRX ban Haven; LOUD ban Lotus; Summit remains 2026-10-04 vs Global Esports: GE ban Lotus; LOUD ban Ascent; GE pick Split; LOUD pick Sunset; GE ban Summit; LOUD ban Haven; Abyss remains 2026-09-30 vs Team Vitality: VIT ban Sunset; LOUD ban Split; VIT pick Ascent; LOUD pick Summit; VIT ban Abyss; LOUD ban Haven; Lotus remains 2026-09-26 vs EDward Gaming: EDG ban Ascent; LOUD ban Split; EDG pick Lotus; LOUD pick Summit; EDG ban Abyss; LOUD ban Haven; Sunset remains
A14: Map | B14: PF pick % | C14: A maps (3 mo) | D14: A ATK % | E14: A DEF % | I14: B maps (3 mo) | J14: B ATK % | K14: B DEF % | O14: A 8+ | A 3-7 | close/OT | B 3-7 | B 8+ | P14: E rounds
A15: Split | B15: 15% | C15: 7 | D15: 55% | E15: 62% | I15: 3 | J15: 84% | K15: 41%
A16: Haven | B16: 15% | C16: 5 | D16: 63% | E16: 40% | I16: 6 | J16: 46% | K16: 50%
A17: Summit | B17: 15% | C17: 3 | D17: 43% | E17: 69% | I17: 9 | J17: 62% | K17: 56%
A18: Breeze | C18: 1 | D18: 67% | E18: 71% | I18: 2 | J18: 39% | K18: 54%
A19: Lotus | C19: 2 | D19: 47% | E19: 47% | I19: 7 | J19: 58% | K19: 49%
A20: Abyss | C20: 5 | D20: 58% | E20: 39% | I20: 3 | J20: 74% | K20: 53%
A21: Ascent | C21: 4 | D21: 57% | E21: 48% | I21: 3 | J21: 30% | K21: 48%
A22: Sunset | C22: 2 | D22: 50% | E22: 55% | I22: 9 | J22: 57% | K22: 55%
A24: CS2 · EF vs BCA | 08:00 UTC | Bo3 | Win: EF 64% – BCA 36% | 2-0 34% · 2-1 30% · 1-2 19% · 0-2 17%
B25: Eternal Fire (EF) | C25: Apogee Esports (BCA)
A26: Rank | B26: HLTV: #38 · VRS: #34 | C26: HLTV: #71 · VRS: #55
A27: Last 10 maps (newest first) | B27: 6-4 L L W L W W W W W L | C27: 2-8 L L L W L L L L L W
A28: Last 10 maps, avg margin | B28: +1.6 | C28: -5.0
A29: 3 months: maps W-L | B29: 56-32 (64%) | C29: 23-22 (51%)
A30: Avg margin in wins / losses | B30: +5.3 / -4.7 | C30: +5.8 / -4.6
A31: Stomps for / against (8+) | B31: 11 / 6 | C31: 5 / 4
A32: Pistols (3 months) | B32: 52.8% (93-83) · R2 conv 82.8% · R2 break 16.9% | C32: not captured
A33: Kill share (last 6 series, all maps) | B33: 6 series · 12 maps · team 80.0 kills/map jottAAA 23.2% (18.6/map) soulfly 22.2% (17.8/map) Kvem 19.1% (15.2/map) regali 17.8% (14.2/map) MisteM 17.7% (14.2/map) | C33: 6 series · 15 maps · team 67.8 kills/map ultimate 22.1% (15.0/map) ex1st 21.5% (14.6/map) Demho 20.5% (13.9/map) Qlocuu 19.4% (13.1/map) Prism 16.5% (11.2/map)
A34: Last 5 series | B34: 0 - 2 Eternal Fire vs Ninjas in Pyjamas 2 - 1 Eternal Fire vs JiJieHao 2 - 0 Eternal Fire vs Sangal 2 - 1 Eternal Fire vs BASEMENT BOYS 13 - 4 Eternal Fire vs Anteiku | C34: 0 - 2 Betclic vs Sangal 1 - 2 Betclic vs Ninjas in Pyjamas 0 - 2 Betclic vs PRIVATE 1 - 2 Betclic vs Astralis 2 - 1 Betclic vs Eternal Fire
A35: Recent vetoes (last 5) | B35: First ban: Nuke×4, Anubis×1 First pick: Dust2×3, Cache×1 3rd of Octob Eternal Fire vs Ninjas in Pyjamas: us ban Nuke · opp ban Anubis · us pick Dust2 · opp pick Inferno · us ban Mirage · opp ban Ancient · left Cache 3rd of Octob Eternal Fire vs JiJieHao: us ban Nuke · opp ban Cache · us pick Dust2 · opp pick Mirage · us ban Inferno · opp ban Ancient · left Anubis 3rd of Octob Eternal Fire vs Sangal: us ban Nuke · opp ban Inferno · us pick Dust2 · opp pick Cache · us ban Anubis · opp ban Ancient · left Mirage 2nd of Octob Eternal Fire vs BASEMENT BOYS: opp ban Inferno · us ban Nuke · opp pick Mirage · us pick Cache · opp ban Anubis · us ban Dust2 · left Ancient 2nd of Octob Eternal Fire vs Anteiku: opp ban Nuke · us ban Anubis · opp ban Cache · us ban Inferno · opp ban Dust2 · us ban Mirage · left Ancient | C35: First ban: Inferno×3, Nuke×1 First pick: Anubis×2, Nuke×2 12th of Octo Betclic vs Sangal: opp ban Ancient · us ban Nuke · opp pick Mirage · us pick Anubis · opp ban Inferno · us ban Dust2 · left Cache 12th of Octo Betclic vs Ninjas in Pyjamas: us ban Inferno · opp ban Anubis · us pick Ancient · opp pick Cache · us ban Mirage · opp ban Dust2 · left Nuke 8th of Octob Betclic vs PRIVATE: opp ban Anubis · us ban Dust2 · opp pick Mirage · us pick Nuke · us ban Inferno · opp ban Cache · left Ancient 25th of Sept Betclic vs Astralis: us ban Inferno · opp ban Anubis · us pick Nuke · opp pick Ancient · us ban Mirage · opp ban Dust2 · left Cache 24th of Sept Betclic vs Eternal Fire: opp ban Nuke · us ban Inferno · opp pick Cache · us pick Anubis · opp ban Mirage · us ban Dust2 · left Ancient
A36: Map | B36: PF pick % | C36: A maps | D36: A W-L | E36: A avg ± | F36: A CT % | G36: A T % | H36: A pistol | I36: B maps | J36: B W-L | K36: B avg ± | L36: B CT % | M36: B T % | N36: B pistol | O36: A 8+ | A 3-7 | close/OT | B 3-7 | B 8+ | P36: E rounds
A37: Ancient | B37: 29% | C37: 17 | D37: 12-5 | E37: +2.6 | F37: 58.6% | G37: 53.5% | H37: 16/34 | I37: 8 | J37: 4-4 | K37: -0.4 | L37: 57.8% | M37: 41.3% | N37: 4/16 | O37: 10% | 37% | 29% | 20% | 4% | P37: 22.4
A38: Anubis | B38: 24% | C38: 10 | D38: 6-4 | E38: +0.4 | F38: 46.5% | G38: 55.2% | H38: 10/20 | I38: 11 | J38: 4-7 | K38: +0.6 | L38: 55.9% | M38: 45.8% | N38: 10/22 | O38: 6% | 29% | 30% | 29% | 6% | P38: 22.5
A39: Cache | B39: 22% | C39: 17 | D39: 11-6 | E39: +1.3 | F39: 56.0% | G39: 50.0% | H39: 19/34 | I39: 8 | J39: 5-3 | K39: +1.0 | L39: 62.2% | M39: 43.3% | N39: 10/16 | O39: 7% | 30% | 31% | 27% | 6% | P39: 22.5
A40: Mirage | B40: 7% | C40: 16 | D40: 8-8 | E40: -0.3 | F40: 50.0% | G40: 48.5% | H40: 17/32 | I40: 7 | J40: 3-4 | K40: -0.7 | L40: 47.6% | M40: 49.3% | N40: 7/14 | O40: 6% | 29% | 30% | 28% | 6% | P40: 22.5
A41: Nuke | B41: 6% | C41: 0 | I41: 9 | J41: 5-4 | K41: +1.1 | L41: 55.6% | M41: 48.8% | N41: 10/18 | O41: 5% | 26% | 30% | 31% | 7% | P41: 22.5
A42: Inferno | B42: 6% | C42: 11 | D42: 6-5 | E42: +2.4 | F42: 55.6% | G42: 57.7% | H42: 14/22 | I42: 0 | O42: 9% | 35% | 30% | 22% | 4% | P42: 22.4
A43: Dust2 | C43: 17 | D43: 13-4 | E43: +3.2 | F43: 59.5% | G43: 55.4% | H43: 17/34 | I43: 2 | J43: 2-0 | K43: +8.0 | L43: 83.3% | M43: 50.0% | N43: 2/4 | O43: 8% | 33% | 30% | 24% | 5% | P43: 22.5
A45: CS2 · NIP vs TL | 08:00 UTC | Bo3 | Win: NIP 52% – TL 48% | 2-0 27% · 2-1 25% · 1-2 26% · 0-2 22%
B46: Ninjas in Pyjamas (NIP) | C46: Liquid (TL)
A47: Rank | B47: HLTV: #26 · VRS: #18 | C47: HLTV: #27 · VRS: #19
A48: Last 10 maps (newest first) | B48: 5-5 L L L L W W W L W W | C48: 7-3 W W L W L W W L W W
A49: Last 10 maps, avg margin | B49: +0.4 | C49: +1.7
A50: 3 months: maps W-L | B50: 51-38 (57%) | C50: 40-19 (68%)
A51: Avg margin in wins / losses | B51: +5.2 / -4.6 | C51: +5.8 / -5.6
A52: Stomps for / against (8+) | B52: 12 / 5 | C52: 14 / 3
A53: Pistols (3 months) | B53: 53.4% (95-83) · R2 conv 80.9% · R2 break 17.1% | C53: not captured
A54: Kill share (last 6 series, all maps) | B54: 6 series · 13 maps · team 68.5 kills/map stavn 22.4% (15.4/map) Krimbo 20.8% (14.2/map) adamb 20.3% (13.9/map) sjuush 18.4% (12.6/map) xKacpersky 18.1% (12.4/map) | C54: 6 series · 14 maps · team 75.0 kills/map malbsMd 22.1% (16.6/map) EliGE 21.2% (15.9/map) NAF 20.3% (15.2/map) Jorko 19.8% (14.9/map) JT 16.6% (12.4/map)
A55: Last 5 series | B55: 2 - 0 Aurora vs Ninjas in Pyjamas 0 - 2 Ninjas in Pyjamas vs Aurora 0 - 2 Ninjas in Pyjamas vs Falcons 2 - 0 Ninjas in Pyjamas vs Inner Circle 2 - 1 Ninjas in Pyjamas vs Betclic | C55: 2 - 0 Liquid vs JiJieHao 1 - 2 Liquid vs 100 Thieves 2 - 1 Liquid vs BBL 2 - 0 Liquid vs Wildcard 2 - 0 Liquid vs M80
A56: Recent vetoes (last 5) | B56: First ban: Anubis×5 First pick: Cache×3, Ancient×1 15th of Octo Aurora vs Ninjas in Pyjamas: us ban Anubis · opp ban Ancient · us pick Cache · opp pick Dust2 · us ban Mirage · opp ban Inferno · left Nuke 15th of Octo Ninjas in Pyjamas vs Aurora: us ban Anubis · opp ban Ancient · us pick Cache · opp pick Dust2 · us ban Mirage · opp ban Inferno · left Nuke 14th of Octo Ninjas in Pyjamas vs Falcons: us ban Anubis · opp ban Cache · us pick Ancient · opp pick Dust2 · us ban Inferno · opp ban Nuke · left Mirage 12th of Octo Ninjas in Pyjamas vs Inner Circle: us ban Anubis · opp ban Inferno · us pick Nuke · opp pick Dust2 · us ban Mirage · opp ban Ancient · left Cache 12th of Octo Ninjas in Pyjamas vs Betclic: opp ban Inferno · us ban Anubis · opp pick Ancient · us pick Cache · opp ban Mirage · us ban Dust2 · left Nuke | C56: First ban: Ancient×4, Dust2×1 First pick: Anubis×2, Cache×1 13th of Octo Liquid vs JiJieHao: opp ban Nuke · us ban Ancient · opp pick Mirage · us pick Cache · opp ban Anubis · us ban Dust2 · left Inferno 13th of Octo Liquid vs 100 Thieves: opp ban Anubis · us ban Ancient · opp pick Dust2 · us pick Inferno · opp ban Cache · us ban Nuke · left Mirage 13th of Octo Liquid vs BBL: opp ban Dust2 · us ban Ancient · opp pick Nuke · us pick Mirage · opp ban Anubis · us ban Inferno · left Cache 28th of Sept Liquid vs Wildcard: opp ban Ancient · us ban Dust2 · opp pick Inferno · us pick Anubis · opp ban Nuke · us ban Mirage · left Cache 26th of Sept Liquid vs M80: opp ban Nuke · us ban Ancient · opp pick Cache · us pick Anubis · opp ban Dust2 · us ban Inferno · left Mirage
A57: Map | B57: PF pick % | C57: A maps | D57: A W-L | E57: A avg ± | F57: A CT % | G57: A T % | H57: A pistol | I57: B maps | J57: B W-L | K57: B avg ± | L57: B CT % | M57: B T % | N57: B pistol | O57: A 8+ | A 3-7 | close/OT | B 3-7 | B 8+ | P57: E rounds
A58: Cache | B58: 36% | C58: 15 | D58: 6-9 | E58: +0.1 | F58: 49.7% | G58: 50.6% | H58: 15/30 | I58: 11 | J58: 8-3 | K58: +2.7 | L58: 53.9% | M58: 58.4% | N58: 14/22 | O58: 4% | 22% | 30% | 35% | 9% | P58: 22.4
A59: Mirage | B59: 19% | C59: 15 | D59: 7-8 | E59: +0.0 | F59: 59.0% | G59: 41.3% | H59: 18/30 | I59: 9 | J59: 7-2 | K59: +3.1 | L59: 54.8% | M59: 59.4% | N59: 14/18 | O59: 4% | 22% | 30% | 35% | 9% | P59: 22.4
A60: Nuke | B60: 14% | C60: 19 | D60: 15-4 | E60: +2.4 | F60: 66.1% | G60: 47.0% | H60: 22/38 | I60: 12 | J60: 7-5 | K60: +1.5 | L60: 56.3% | M60: 51.2% | N60: 12/24 | O60: 8% | 33% | 30% | 23% | 5% | P60: 22.5
A61: Inferno | B61: 10% | C61: 11 | D61: 7-4 | E61: +2.4 | F61: 54.5% | G61: 56.3% | H61: 12/22 | I61: 6 | J61: 6-0 | K61: +6.3 | L61: 76.1% | M61: 50.9% | N61: 7/12 | O61: 5% | 24% | 30% | 33% | 8% | P61: 22.5
A62: Anubis | B62: 7% | C62: 3 | D62: 2-1 | E62: +1.0 | F62: 40.0% | G62: 63.9% | H62: 2/6 | I62: 12 | J62: 9-3 | K62: +3.4 | L62: 58.4% | M62: 58.5% | N62: 13/24 | O62: 4% | 21% | 29% | 37% | 10% | P62: 22.4
A63: Dust2 | B63: 7% | C63: 9 | D63: 3-6 | E63: -2.3 | F63: 40.0% | G63: 50.0% | H63: 10/18 | I63: 8 | J63: 3-5 | K63: -3.2 | L63: 37.5% | M63: 48.3% | N63: 9/16 | O63: 7% | 30% | 31% | 27% | 6% | P63: 22.5
A64: Ancient | C64: 17 | D64: 11-6 | E64: +2.3 | F64: 59.5% | G64: 50.3% | H64: 16/34 | I64: 1 | J64: 0-1 | K64: -3.0 | L64: 25.0% | M64: 63.6% | N64: 1/2 | O64: 10% | 36% | 29% | 21% | 4% | P64: 22.4
A66: CS2 · VOCA vs PHA | 08:00 UTC | Bo1 | Win: VOCA 45% – PHA 55%
B67: Voca (VOCA) | C67: Phantom Esports (PHA)
A68: Rank | B68: HLTV: #59 · VRS: #67 | C68: HLTV: #88 · VRS: #83
A69: Last 10 maps (newest first) | B69: 5-5 L L W W L W W L L W | C69: 3-7 L W L W L L W L L L
A70: Last 10 maps, avg margin | B70: +0.8 | C70: -3.3
A71: 3 months: maps W-L | B71: 29-17 (63%) | C71: 30-34 (47%)
A72: Avg margin in wins / losses | B72: +6.1 / -5.2 | C72: +5.8 / -5.5
A73: Stomps for / against (8+) | B73: 11 / 3 | C73: 10 / 8
A74: Pistols (3 months) | B74: not captured | C74: 49.2% (63-65) · R2 conv 75.8% · R2 break 21.5%
A75: Kill share (last 6 series, all maps) | B75: 6 series · 7 maps · team 71.4 kills/map dare 23.2% (16.6/map) junior 22.0% (15.7/map) MarKE 19.6% (14.0/map) snav 17.6% (12.6/map) nosraC 17.6% (12.6/map) | C75: 6 series · 14 maps · team 62.4 kills/map Kunai 21.5% (13.4/map) nicoodoz 21.2% (13.2/map) Kylar 20.5% (12.8/map) KEi 19.8% (12.4/map) TMB 17.0% (10.6/map)
A76: Last 5 series | B76: 0 - 2 Voca vs 100 Thieves 13 - 3 Voca vs Prestige 13 - 9 Voca vs Sashi 6 - 13 Voca vs BC.Game 13 - 1 Voca vs Glitch | C76: 1 - 2 Phantom vs Nuclear TigeRES 13 - 3 Phantom vs DNK 1 - 2 Phantom vs fnatic 0 - 2 Phantom vs Iberian Soul 0 - 2 Phantom vs fnatic
A77: Recent vetoes (last 5) | B77: First ban: Inferno×4, Cache×1 First pick: Ancient×1 2nd of Octob Voca vs 100 Thieves: opp ban Mirage · us ban Inferno · opp pick Dust2 · us pick Ancient · opp ban Cache · us ban Anubis · left Nuke 2nd of Octob Voca vs Prestige: opp ban Dust2 · us ban Inferno · opp ban Cache · us ban Nuke · opp ban Anubis · us ban Mirage · left Ancient 2nd of Octob Voca vs Sashi: us ban Cache · opp ban Dust2 · us ban Inferno · opp ban Mirage · us ban Anubis · opp ban Ancient · left Nuke 2nd of Octob Voca vs BC.Game: us ban Inferno · opp ban Anubis · us ban Cache · opp ban Ancient · us ban Mirage · opp ban Nuke · left Dust2 2nd of Octob Voca vs Glitch: opp ban Dust2 · us ban Inferno · opp ban Mirage · us ban Anubis · opp ban Cache · us ban Nuke · left Ancient | C77: First ban: Cache×4, Mirage×1 First pick: Ancient×2, Mirage×1 14th of Octo Phantom vs Nuclear TigeRES: opp ban Nuke · us ban Cache · opp pick Anubis · us pick Mirage · us ban Inferno · opp ban Ancient · left Dust2 13th of Octo Phantom vs DNK: us ban Cache · us ban Mirage · opp ban Nuke · opp ban Inferno · opp ban Ancient · us ban Anubis · left Dust2 7th of Octob Phantom vs fnatic: opp ban Nuke · us ban Cache · opp pick Anubis · us pick Ancient · us ban Dust2 · opp ban Mirage · left Inferno 24th of Sept Phantom vs Iberian Soul: us ban Mirage · opp ban Dust2 · us pick Nuke · opp pick Inferno · us ban Anubis · opp ban Cache · left Ancient 23rd of Sept Phantom vs fnatic: us ban Cache · opp ban Nuke · us pick Ancient · opp pick Anubis · us ban Dust2 · opp ban Mirage · left Inferno
A78: Map | B78: PF pick % | C78: A maps | D78: A W-L | E78: A avg ± | F78: A CT % | G78: A T % | H78: A pistol | I78: B maps | J78: B W-L | K78: B avg ± | L78: B CT % | M78: B T % | N78: B pistol | O78: A 8+ | A 3-7 | close/OT | B 3-7 | B 8+ | P78: E rounds
A79: Ancient | B79: 52% | C79: 14 | D79: 10-4 | E79: +3.3 | F79: 64.1% | G79: 50.7% | H79: 16/28 | I79: 18 | J79: 9-9 | K79: +0.4 | L79: 48.8% | M79: 52.9% | N79: 23/36 | O79: 10% | 36% | 29% | 21% | 4% | P79: 22.4
A80: Nuke | B80: 15% | C80: 7 | D80: 3-4 | E80: -0.7 | F80: 51.7% | G80: 44.9% | H80: 8/14 | I80: 10 | J80: 4-6 | K80: -1.0 | L80: 62.4% | M80: 35.3% | N80: 10/20 | O80: 6% | 28% | 31% | 29% | 7% | P80: 22.5
A81: Mirage | B81: 8% | C81: 4 | D81: 4-0 | E81: +5.0 | F81: 60.4% | G81: 63.9% | H81: 7/8 | I81: 8 | J81: 4-4 | K81: -0.4 | L81: 45.1% | M81: 53.8% | N81: 6/16 | O81: 10% | 36% | 29% | 21% | 4% | P81: 22.4
A82: Anubis | B82: 6% | C82: 4 | D82: 2-2 | E82: +2.2 | F82: 62.2% | G82: 50.0% | H82: 4/8 | I82: 7 | J82: 2-5 | K82: -3.7 | L82: 46.2% | M82: 36.5% | N82: 5/14 | O82: 12% | 40% | 28% | 18% | 3% | P82: 22.2
A83: Dust2 | B83: 6% | C83: 10 | D83: 8-2 | E83: +4.4 | F83: 64.1% | G83: 59.0% | H83: 12/20 | I83: 8 | J83: 5-3 | K83: +4.2 | L83: 55.7% | M83: 70.0% | N83: 8/16 | O83: 6% | 29% | 30% | 28% | 6% | P83: 22.5
A84: Inferno | B84: 6% | C84: 0 | I84: 11 | J84: 6-5 | K84: -0.5 | L84: 52.1% | M84: 45.3% | N84: 10/22 | O84: 7% | 30% | 30% | 27% | 6% | P84: 22.5
A85: Cache | C85: 7 | D85: 2-5 | E85: -3.7 | F85: 51.4% | G85: 30.0% | H85: 4/14 | I85: 2 | J85: 0-2 | K85: -4.5 | L85: 29.2% | M85: 52.6% | N85: 1/4 | O85: 5% | 24% | 30% | 33% | 8% | P85: 22.5
A87: VAL · 100T vs G2 | 09:00 UTC | Bo3 | Win: 100T 62% – G2 38% | 2-0 34% · 2-1 28% · 1-2 20% · 0-2 19%
B88: 100 Thieves (100T) | C88: G2 Esports (G2)
A89: Rank (vlr) | B89: Current Rank 1 North America · Rating 2137 · Record 96W 57L | C89: Current Rank 3 North America · Rating 1986 · Record 153W 74L
A90: Last 10 series: maps W-L | B90: 17-7 | C90: 15-10
A91: Avg margin in wins / losses | B91: +5.8 / -5.1 | C91: +5.4 / -4.7
A92: Stomps for / against (8+) | B92: 6 / 2 | C92: 3 / 2
A93: Pistols | B93: not available from vlr summary pages | C93: not available from vlr summary pages
A94: Kill share (last 10 series, all maps) | B94: 10 series · 24 maps · team 76.0 kills/map Asuna 21.5% (16.3/map) Timotino 21.4% (16.3/map) Cryocells 20.0% (15.2/map) bang 19.2% (14.6/map) vora 17.9% (13.6/map) | C94: 10 series · 25 maps · team 74.0 kills/map trent 21.0% (15.5/map) BABYBAY 20.6% (15.2/map) valyn 20.0% (14.8/map) jawgemo 19.3% (14.3/map) leaf 19.2% (14.2/map)
A95: Last 5 series | B95: 2026-10-11 NRG vs 100 Thieves Sunset:12-14:P,Haven:4-13:P 2026-10-09 100 Thieves vs Nongshim RedForce Summit:13-5:P,Sunset:9-13:P,Ascent:13-1: 2026-10-08 100 Thieves vs G2 Esports Abyss:5-13:P,Ascent:11-13:P 2026-09-30 100 Thieves vs FUT Esports Split:13-5:P,Lotus:13-10:P 2026-09-27 100 Thieves vs T1 Summit:13-8:P,Ascent:13-9:P | C95: 2026-10-11 G2 Esports vs T1 Lotus:13-11:P,Abyss:10-13:P,Ascent:13-6: 2026-10-10 G2 Esports vs Team Vitality Abyss:11-13:P,Split:4-13:P 2026-10-08 100 Thieves vs G2 Esports Abyss:5-13:P,Ascent:11-13:P 2026-10-03 G2 Esports vs Team Liquid Split:13-10:P,Abyss:13-7:P 2026-09-29 G2 Esports vs Paper Rex Split:13-9:P,Haven:11-13:P,Lotus:9-13:
A96: Recent vetoes (last 5) | B96: 2026-10-11 vs NRG: 100T ban Lotus; NRG ban Ascent; 100T pick Sunset; NRG pick Haven; 100T ban Abyss; NRG ban Split; Summit remains 2026-10-09 vs Nongshim RedForce: 100T ban Abyss; NS ban Lotus; 100T pick Summit; NS pick Sunset; 100T ban Split; NS ban Haven; Ascent remains 2026-10-08 vs G2 Esports: G2 ban Split; 100T ban Lotus; G2 pick Abyss; 100T pick Ascent; G2 ban Sunset; 100T ban Haven; Summit remains 2026-09-30 vs FUT Esports: FUT ban Abyss; 100T ban Haven; FUT pick Split; 100T pick Lotus; FUT ban Summit; 100T ban Ascent; Sunset remains 2026-09-27 vs T1: T1 ban Split; 100T ban Lotus; T1 pick Summit; 100T pick Ascent; T1 ban Haven; 100T ban Abyss; Sunset remains | C96: 2026-10-11 vs T1: T1 ban Split; G2 ban Summit; T1 pick Lotus; G2 pick Abyss; T1 ban Haven; G2 ban Sunset; Ascent remains 2026-10-10 vs Team Vitality: G2 ban Summit; VIT ban Sunset; G2 pick Abyss; VIT pick Split; G2 ban Haven; VIT ban Lotus; Ascent remains 2026-10-08 vs 100 Thieves: G2 ban Split; 100T ban Lotus; G2 pick Abyss; 100T pick Ascent; G2 ban Sunset; 100T ban Haven; Summit remains 2026-10-03 vs Team Liquid: TL ban Sunset; G2 ban Haven; TL pick Split; G2 pick Abyss; TL ban Summit; G2 ban Lotus; Ascent remains 2026-09-29 vs Paper Rex: PRX ban Abyss; G2 ban Summit; PRX pick Split; G2 pick Haven; PRX ban Ascent; G2 ban Sunset; Lotus remains
A97: Map | B97: PF pick % | C97: A maps (3 mo) | D97: A ATK % | E97: A DEF % | I97: B maps (3 mo) | J97: B ATK % | K97: B DEF % | O97: A 8+ | A 3-7 | close/OT | B 3-7 | B 8+ | P97: E rounds
A98: Sunset | B98: 16% | C98: 6 | D98: 51% | E98: 51% | I98: 6 | J98: 54% | K98: 66% | O98: 4% | 22% | 30% | 36% | 9% | P98: 22.0
A99: Ascent | B99: 14% | C99: 6 | D99: 48% | E99: 69% | I99: 4 | J99: 57% | K99: 61% | O99: 7% | 30% | 30% | 27% | 6% | P99: 22.1
A100: Split | B100: 13% | C100: 4 | D100: 51% | E100: 64% | I100: 6 | J100: 56% | K100: 46% | O100: 8% | 33% | 30% | 25% | 5% | P100: 22.0
A101: Breeze | C101: 3 | D101: 69% | E101: 52% | I101: 7 | J101: 60% | K101: 48% | O101: 7% | 31% | 30% | 26% | 5% | P101: 22.0
A102: Haven | C102: 4 | D102: 61% | E102: 58% | I102: 5 | J102: 60% | K102: 34% | O102: 10% | 37% | 29% | 20% | 4% | P102: 21.9
A103: Lotus | C103: 2 | D103: 58% | E103: 86% | I103: 7 | J103: 58% | K103: 48% | O103: 8% | 33% | 30% | 25% | 5% | P103: 22.0
A104: Summit | C104: 5 | D104: 64% | E104: 50% | I104: 2 | J104: 38% | K104: 54% | O104: 8% | 34% | 30% | 24% | 4% | P104: 22.0
A105: Abyss | C105: 2 | D105: 54% | E105: 50% | I105: 7 | J105: 55% | K105: 53% | O105: 5% | 26% | 30% | 31% | 7% | P105: 22.1
...

Sheet Board
A1: Board
A2: Match: | B2: CS2 · EF vs BCA
A4: Teams | B4: {=IFERROR(IF(INDEX(Matches!$E$5:$E$22,MATCH($B$2,Matches!$A$5:$A$22,0))="","",INDEX(Matches!$E$5:$E$22,MATCH($B$2,Matches!$A$5:$A$22,0))),"")&" vs "&IFERROR(IF(INDEX(Matches!$F$5:$F$22,MATCH($B$2,Matches!$A$5:$A$22,0))="","",INDEX(Matches!$F$5:$F$22,MATCH($B$2,Matches!$A$5:$A$22,0))),"")} -> Eternal Fire (EF) vs Apogee Esports (BCA) | D4: Start (CT) | E4: {=IFERROR(IF(INDEX(Matches!$C$5:$C$22,MATCH($B$2,Matches!$A$5:$A$22,0))="","",INDEX(Matches!$C$5:$C$22,MATCH($B$2,Matches!$A$5:$A$22,0))),"")} -> Fri 03:00 | G4: Bo | H4: {=IFERROR(IF(INDEX(Matches!$D$5:$D$22,MATCH($B$2,Matches!$A$5:$A$22,0))="","",INDEX(Matches!$D$5:$D$22,MATCH($B$2,Matches!$A$5:$A$22,0))),"")} -> 3
A5: P(A wins) | B5: {=IFERROR(IF(INDEX(Matches!$G$5:$G$22,MATCH($B$2,Matches!$A$5:$A$22,0))="","",INDEX(Matches!$G$5:$G$22,MATCH($B$2,Matches!$A$5:$A$22,0))),"")} -> 0.64197531 | D5: P(A 2-0) | E5: {=IFERROR(IF(INDEX(Matches!$H$5:$H$22,MATCH($B$2,Matches!$A$5:$A$22,0))="","",INDEX(Matches!$H$5:$H$22,MATCH($B$2,Matches!$A$5:$A$22,0))),"")} -> 0.34126772 | G5: P(B 2-0) | H5: {=IFERROR(IF(INDEX(Matches!$I$5:$I$22,MATCH($B$2,Matches!$A$5:$A$22,0))="","",INDEX(Matches!$I$5:$I$22,MATCH($B$2,Matches!$A$5:$A$22,0))),"")} -> 0.17063386
A6: P(3 maps) | B6: {=IFERROR(IF(INDEX(Matches!$J$5:$J$22,MATCH($B$2,Matches!$A$5:$A$22,0))="","",INDEX(Matches!$J$5:$J$22,MATCH($B$2,Matches!$A$5:$A$22,0))),"")} -> 0.48809842 | D6: Map pick #1 | E6: {=IFERROR(IF(INDEX(Matches!$K$5:$K$22,MATCH($B$2,Matches!$A$5:$A$22,0))="","",INDEX(Matches!$K$5:$K$22,MATCH($B$2,Matches!$A$5:$A$22,0))),"")} -> Ancient 29% | G6: Map pick #2 | H6: {=IFERROR(IF(INDEX(Matches!$L$5:$L$22,MATCH($B$2,Matches!$A$5:$A$22,0))="","",INDEX(Matches!$L$5:$L$22,MATCH($B$2,Matches!$A$5:$A$22,0))),"")} -> Anubis 24%
A7: TP rounds M1 | B7: {=IFERROR(IF(INDEX(Matches!$O$5:$O$22,MATCH($B$2,Matches!$A$5:$A$22,0))="","",INDEX(Matches!$O$5:$O$22,MATCH($B$2,Matches!$A$5:$A$22,0))),"")} -> 21.423154 | D7: TP rounds M2 | E7: {=IFERROR(IF(INDEX(Matches!$P$5:$P$22,MATCH($B$2,Matches!$A$5:$A$22,0))="","",INDEX(Matches!$P$5:$P$22,MATCH($B$2,Matches!$A$5:$A$22,0))),"")} -> 21.312553 | G7: P(OT) M1 | H7: {=IFERROR(IF(INDEX(Matches!$R$5:$R$22,MATCH($B$2,Matches!$A$5:$A$22,0))="","",INDEX(Matches!$R$5:$R$22,MATCH($B$2,Matches!$A$5:$A$22,0))),"")} -> 0.15942029
A8: A margin M1 | B8: {=IFERROR(IF(INDEX(Matches!$S$5:$S$22,MATCH($B$2,Matches!$A$5:$A$22,0))="","",INDEX(Matches!$S$5:$S$22,MATCH($B$2,Matches!$A$5:$A$22,0))),"")} -> 1.7003949 | D8: A rounds M1 | E8: {=IFERROR(IF(INDEX(Matches!$T$5:$T$22,MATCH($B$2,Matches!$A$5:$A$22,0))="","",INDEX(Matches!$T$5:$T$22,MATCH($B$2,Matches!$A$5:$A$22,0))),"")} | G8: B rounds M1 | H8: {=IFERROR(IF(INDEX(Matches!$U$5:$U$22,MATCH($B$2,Matches!$A$5:$A$22,0))="","",INDEX(Matches!$U$5:$U$22,MATCH($B$2,Matches!$A$5:$A$22,0))),"")} -> 11.5
A9: HLTV rounds M1 | B9: {=IFERROR(IF(INDEX(Matches!$AN$5:$AN$22,MATCH($B$2,Matches!$A$5:$A$22,0))="","",INDEX(Matches!$AN$5:$AN$22,MATCH($B$2,Matches!$A$5:$A$22,0))),"")} -> 21.2764 | D9: HLTV A margin M1 | E9: {=IFERROR(IF(INDEX(Matches!$AO$5:$AO$22,MATCH($B$2,Matches!$A$5:$A$22,0))="","",INDEX(Matches!$AO$5:$AO$22,MATCH($B$2,Matches!$A$5:$A$22,0))),"")} -> 0.4116 | G9: Hist share A / B | H9: {=IF(IFERROR(IF(INDEX(Matches!$AI$5:$AI$22,MATCH($B$2,Matches!$A$5:$A$22,0))="","",INDEX(Matches!$AI$5:$AI$22,MATCH($B$2,Matches!$A$5:$A$22,0))),"")="","",TEXT(IFERROR(IF(INDEX(Matches!$AI$5:$AI$22,MATCH($B$2,Matches!$A$5:$A$22,0))="","",INDEX(Matches!$AI$5:$AI$22,MATCH($B$2,Matches!$A$5:$A$22,0))),""),"0%")&" / "&TEXT(IFERROR(IF(INDEX(Matches!$AJ$5:$AJ$22,MATCH($B$2,Matches!$A$5:$A$22,0))="","",INDEX(Matches!$AJ$5:$AJ$22,MATCH($B$2,Matches!$A$5:$A$22,0))),""),"0%"))} -> 53% / 53%
A10: IN USE | B10: {="Map 1: "&IFERROR(IF(INDEX(Matches!$W$5:$W$22,MATCH($B$2,Matches!$A$5:$A$22,0))="","",INDEX(Matches!$W$5:$W$22,MATCH($B$2,Matches!$A$5:$A$22,0))),"")&" · Map 2: "&IFERROR(IF(INDEX(Matches!$X$5:$X$22,MATCH($B$2,Matches!$A$5:$A$22,0))="","",INDEX(Matches!$X$5:$X$22,MATCH($B$2,Matches!$A$5:$A$22,0))),"")&IF(IFERROR(IF(INDEX(Matches!$Y$5:$Y$22,MATCH($B$2,Matches!$A$5:$A$22,0))="","",INDEX(Matches!$Y$5:$Y$22,MATCH($B$2,Matches!$A$5:$A$22,0))),"")="",""," · Map 3: "&IFERROR(IF(INDEX(Matches!$Y$5:$Y$22,MATCH($B$2,Matches!$A$5:$A$22,0))="","",INDEX(Matches!$Y$5:$Y$22,MATCH($B$2,Matches!$A$5:$A$22,0))),""))} -> Map 1: Ancient · Map 2: Anubis · Map 3: Cache
B11: {="Rounds: "&TEXT(IFERROR(IF(INDEX(Matches!$Z$5:$Z$22,MATCH($B$2,Matches!$A$5:$A$22,0))="","",INDEX(Matches!$Z$5:$Z$22,MATCH($B$2,Matches!$A$5:$A$22,0))),""),"0.0")&" / "&TEXT(IFERROR(IF(INDEX(Matches!$AA$5:$AA$22,MATCH($B$2,Matches!$A$5:$A$22,0))="","",INDEX(Matches!$AA$5:$AA$22,MATCH($B$2,Matches!$A$5:$A$22,0))),""),"0.0")&IF(IFERROR(IF(INDEX(Matches!$AB$5:$AB$22,MATCH($B$2,Matches!$A$5:$A$22,0))="","",INDEX(Matches!$AB$5:$AB$22,MATCH($B$2,Matches!$A$5:$A$22,0))),"")="",""," / "&TEXT(IFERROR(IF(INDEX(Matches!$AB$5:$AB$22,MATCH($B$2,Matches!$A$5:$A$22,0))="","",INDEX(Matches!$AB$5:$AB$22,MATCH($B$2,Matches!$A$5:$A$22,0))),""),"0.0"))&" · P(map 3) "&TEXT(IFERROR(IF(INDEX(Matches!$AC$5:$AC$22,MATCH($B$2,Matches!$A$5:$A$22,0))="","",INDEX(Matches!$AC$5:$AC$22,MATCH($B$2,Matches!$A$5:$A$22,0))),""),"0%")} -> Rounds: 21.4 / 21.3 / 21.4 · P(map 3) 49%
B12: ="Change maps or rounds on the Matches tab, row "&(MATCH($B$2,Matches!$A$5:$A$22,0)+4)&" (shaded cells)." -> Change maps or rounds on the Matches tab, row 5 (shaded cells).
A14: Team | B14: Player | C14: KPR M1 | D14: KPR M2 | E14: Kills M1 | F14: Kills M2 | G14: Kills 1-2 | H14: Diff mult | I14: Adj K 1-2 | J14: PP line | K14: P(over) | L14: Adj P(over) | M14: TP book | N14: PF L10 | O14: HS% 1-2 | P14: HS 1-2 | Q14: PP HS line | R14: P(over) HS | S14: Sample | T14: Flags | V14: row
A15: {=IF($V15="","",INDEX(Calc!$D$2:$D$157,$V15))} -> EF | B15: {=IF($V15="","",INDEX(Calc!$E$2:$E$157,$V15))} -> jottAAA | C15: {=IF($V15="","",INDEX(Calc!$T$2:$T$157,$V15))} -> 0.825 | D15: {=IF($V15="","",INDEX(Calc!$AA$2:$AA$157,$V15))} -> 0.79454545 | E15: {=IF($V15="","",INDEX(Calc!$V$2:$V$157,$V15))} -> 17.6715 | F15: {=IF($V15="","",INDEX(Calc!$AC$2:$AC$157,$V15))} -> 16.931764 | G15: {=IF($V15="","",INDEX(Calc!$AL$2:$AL$157,$V15))} -> 34.603264 | H15: {=IF($V15="","",INDEX(Calc!$BK$2:$BK$157,$V15))} -> 0.96621425 | I15: {=IF($V15="","",INDEX(Calc!$BD$2:$BD$157,$V15))} -> 33.434166 | J15: {=IF($V15="","",IFERROR(INDEX(Projections!$F$2:$F$282,MATCH(INDEX(Calc!$A$2:$A$157,$V15)&"|K12",Projections!$Y$2:$Y$282,0)),""))} -> 33.5 | K15: {=IF($V15="","",IFERROR(INDEX(Projections!$I$2:$I$282,MATCH(INDEX(Calc!$A$2:$A$157,$V15)&"|K12",Projections!$Y$2:$Y$282,0)),""))} -> 0.56297254 | L15: {=IF($V15="","",IFERROR(INDEX(Projections!$AB$2:$AB$282,MATCH(INDEX(Calc!$A$2:$A$157,$V15)&"|K12",Projections!$Y$2:$Y$282,0)),""))} -> 0.49616123 | M15: {=IF($V15="","",IFERROR(INDEX(Projections!$M$2:$M$282,MATCH(INDEX(Calc!$A$2:$A$157,$V15)&"|K12",Projections!$Y$2:$Y$282,0)),""))} | N15: {=IF($V15="","",IFERROR(INDEX(Projections!$P$2:$P$282,MATCH(INDEX(Calc!$A$2:$A$157,$V15)&"|K12",Projections!$Y$2:$Y$282,0)),""))} -> 0.5 | O15: {=IF($V15="","",INDEX(Calc!$AP$2:$AP$157,$V15))} -> 0.57848758 | P15: {=IF($V15="","",INDEX(Calc!$AN$2:$AN$157,$V15))} -> 20.017558 | Q15: {=IF($V15="","",IFERROR(INDEX(Projections!$F$2:$F$282,MATCH(INDEX(Calc!$A$2:$A$157,$V15)&"|H12",Projections!$Y$2:$Y$282,0)),""))} -> 19 | R15: {=IF($V15="","",IFERROR(INDEX(Projections!$I$2:$I$282,MATCH(INDEX(Calc!$A$2:$A$157,$V15)&"|H12",Projections!$Y$2:$Y$282,0)),""))} -> 0.54151252 | S15: {=IF($V15="","",INDEX(Calc!$N$2:$N$157,$V15))} -> 29 | T15: {=IF($V15="","",INDEX(Calc!$AQ$2:$AQ$157,$V15))} | V15: =IFERROR(MATCH(1,Calc!$AR$2:$AR$157,0),"") -> 49
A16: {=IF($V16="","",INDEX(Calc!$D$2:$D$157,$V16))} -> EF | B16: {=IF($V16="","",INDEX(Calc!$E$2:$E$157,$V16))} -> Soulfly | C16: {=IF($V16="","",INDEX(Calc!$T$2:$T$157,$V16))} -> 0.795 | D16: {=IF($V16="","",INDEX(Calc!$AA$2:$AA$157,$V16))} -> 0.74818182 | E16: {=IF($V16="","",INDEX(Calc!$V$2:$V$157,$V16))} -> 17.0289 | F16: {=IF($V16="","",INDEX(Calc!$AC$2:$AC$157,$V16))} -> 15.943755 | G16: {=IF($V16="","",INDEX(Calc!$AL$2:$AL$157,$V16))} -> 32.972655 | H16: {=IF($V16="","",INDEX(Calc!$BK$2:$BK$157,$V16))} -> 0.96639289 | I16: {=IF($V16="","",INDEX(Calc!$BD$2:$BD$157,$V16))} -> 31.864539 | J16: {=IF($V16="","",IFERROR(INDEX(Projections!$F$2:$F$282,MATCH(INDEX(Calc!$A$2:$A$157,$V16)&"|K12",Projections!$Y$2:$Y$282,0)),""))} -> 30.5 | K16: {=IF($V16="","",IFERROR(INDEX(Projections!$I$2:$I$282,MATCH(INDEX(Calc!$A$2:$A$157,$V16)&"|K12",Projections!$Y$2:$Y$282,0)),""))} -> 0.6420463 | L16: {=IF($V16="","",IFERROR(INDEX(Projections!$AB$2:$AB$282,MATCH(INDEX(Calc!$A$2:$A$157,$V16)&"|K12",Projections!$Y$2:$Y$282,0)),""))} -> 0.58094042 | M16: {=IF($V16="","",IFERROR(INDEX(Projections!$M$2:$M$282,MATCH(INDEX(Calc!$A$2:$A$157,$V16)&"|K12",Projections!$Y$2:$Y$282,0)),""))} | N16: {=IF($V16="","",IFERROR(INDEX(Projections!$P$2:$P$282,MATCH(INDEX(Calc!$A$2:$A$157,$V16)&"|K12",Projections!$Y$2:$Y$282,0)),""))} -> 0.8 | O16: {=IF($V16="","",INDEX(Calc!$AP$2:$AP$157,$V16))} -> 0.53814082 | P16: {=IF($V16="","",INDEX(Calc!$AN$2:$AN$157,$V16))} -> 17.743931 | Q16: {=IF($V16="","",IFERROR(INDEX(Projections!$F$2:$F$282,MATCH(INDEX(Calc!$A$2:$A$157,$V16)&"|H12",Projections!$Y$2:$Y$282,0)),""))} -> 16.5 | R16: {=IF($V16="","",IFERROR(INDEX(Projections!$I$2:$I$282,MATCH(INDEX(Calc!$A$2:$A$157,$V16)&"|H12",Projections!$Y$2:$Y$282,0)),""))} -> 0.6056035 | S16: {=IF($V16="","",INDEX(Calc!$N$2:$N$157,$V16))} -> 29 | T16: {=IF($V16="","",INDEX(Calc!$AQ$2:$AQ$157,$V16))} | V16: =IFERROR(MATCH(2,Calc!$AR$2:$AR$157,0),"") -> 53
A17: {=IF($V17="","",INDEX(Calc!$D$2:$D$157,$V17))} -> BCA | B17: {=IF($V17="","",INDEX(Calc!$E$2:$E$157,$V17))} -> Ex1st | C17: {=IF($V17="","",INDEX(Calc!$T$2:$T$157,$V17))} -> 0.79454545 | D17: {=IF($V17="","",INDEX(Calc!$AA$2:$AA$157,$V17))} -> 0.72153846 | E17: {=IF($V17="","",INDEX(Calc!$V$2:$V$157,$V17))} -> 17.019164 | F17: {=IF($V17="","",INDEX(Calc!$AC$2:$AC$157,$V17))} -> 15.375985 | G17: {=IF($V17="","",INDEX(Calc!$AL$2:$AL$157,$V17))} -> 32.395148 | H17: {=IF($V17="","",INDEX(Calc!$BK$2:$BK$157,$V17))} -> 0.97915312 | I17: {=IF($V17="","",INDEX(Calc!$BD$2:$BD$157,$V17))} -> 31.71981 | J17: {=IF($V17="","",IFERROR(INDEX(Projections!$F$2:$F$282,MATCH(INDEX(Calc!$A$2:$A$157,$V17)&"|K12",Projections!$Y$2:$Y$282,0)),""))} -> 29.5 | K17: {=IF($V17="","",IFERROR(INDEX(Projections!$I$2:$I$282,MATCH(INDEX(Calc!$A$2:$A$157,$V17)&"|K12",Projections!$Y$2:$Y$282,0)),""))} -> 0.66636558 | L17: {=IF($V17="","",IFERROR(INDEX(Projections!$AB$2:$AB$282,MATCH(INDEX(Calc!$A$2:$A$157,$V17)&"|K12",Projections!$Y$2:$Y$282,0)),""))} -> 0.63047406 | M17: {=IF($V17="","",IFERROR(INDEX(Projections!$M$2:$M$282,MATCH(INDEX(Calc!$A$2:$A$157,$V17)&"|K12",Projections!$Y$2:$Y$282,0)),""))} | N17: {=IF($V17="","",IFERROR(INDEX(Projections!$P$2:$P$282,MATCH(INDEX(Calc!$A$2:$A$157,$V17)&"|K12",Projections!$Y$2:$Y$282,0)),""))} -> 0.6 | O17: {=IF($V17="","",INDEX(Calc!$AP$2:$AP$157,$V17))} -> 0.50809844 | P17: {=IF($V17="","",INDEX(Calc!$AN$2:$AN$157,$V17))} -> 16.459924 | Q17: {=IF($V17="","",IFERROR(INDEX(Projections!$F$2:$F$282,MATCH(INDEX(Calc!$A$2:$A$157,$V17)&"|H12",Projections!$Y$2:$Y$282,0)),""))} -> 15.5 | R17: {=IF($V17="","",IFERROR(INDEX(Projections!$I$2:$I$282,MATCH(INDEX(Calc!$A$2:$A$157,$V17)&"|H12",Projections!$Y$2:$Y$282,0)),""))} -> 0.58538859 | S17: {=IF($V17="","",INDEX(Calc!$N$2:$N$157,$V17))} -> 34 | T17: {=IF($V17="","",INDEX(Calc!$AQ$2:$AQ$157,$V17))} | V17: =IFERROR(MATCH(3,Calc!$AR$2:$AR$157,0),"") -> 45
A18: {=IF($V18="","",INDEX(Calc!$D$2:$D$157,$V18))} -> EF | B18: {=IF($V18="","",INDEX(Calc!$E$2:$E$157,$V18))} -> Kvem | C18: {=IF($V18="","",INDEX(Calc!$T$2:$T$157,$V18))} -> 0.78 | D18: {=IF($V18="","",INDEX(Calc!$AA$2:$AA$157,$V18))} -> 0.69909091 | E18: {=IF($V18="","",INDEX(Calc!$V$2:$V$157,$V18))} -> 16.7076 | F18: {=IF($V18="","",INDEX(Calc!$AC$2:$AC$157,$V18))} -> 14.897627 | G18: {=IF($V18="","",INDEX(Calc!$AL$2:$AL$157,$V18))} -> 31.605227 | H18: {=IF($V18="","",INDEX(Calc!$BK$2:$BK$157,$V18))} -> 0.9667702 | I18: {=IF($V18="","",INDEX(Calc!$BD$2:$BD$157,$V18))} -> 30.554992 | J18: {=IF($V18="","",IFERROR(INDEX(Projections!$F$2:$F$282,MATCH(INDEX(Calc!$A$2:$A$157,$V18)&"|K12",Projections!$Y$2:$Y$282,0)),""))} -> 31.5 | K18: {=IF($V18="","",IFERROR(INDEX(Projections!$I$2:$I$282,MATCH(INDEX(Calc!$A$2:$A$157,$V18)&"|K12",Projections!$Y$2:$Y$282,0)),""))} -> 0.50631069 | L18: {=IF($V18="","",IFERROR(INDEX(Projections!$AB$2:$AB$282,MATCH(INDEX(Calc!$A$2:$A$157,$V18)&"|K12",Projections!$Y$2:$Y$282,0)),""))} -> 0.44255774 | M18: {=IF($V18="","",IFERROR(INDEX(Projections!$M$2:$M$282,MATCH(INDEX(Calc!$A$2:$A$157,$V18)&"|K12",Projections!$Y$2:$Y$282,0)),""))} | N18: {=IF($V18="","",IFERROR(INDEX(Projections!$P$2:$P$282,MATCH(INDEX(Calc!$A$2:$A$157,$V18)&"|K12",Projections!$Y$2:$Y$282,0)),""))} -> 0.6 | O18: {=IF($V18="","",INDEX(Calc!$AP$2:$AP$157,$V18))} -> 0.56407089 | P18: {=IF($V18="","",INDEX(Calc!$AN$2:$AN$157,$V18))} -> 17.827589 | Q18: {=IF($V18="","",IFERROR(INDEX(Projections!$F$2:$F$282,MATCH(INDEX(Calc!$A$2:$A$157,$V18)&"|H12",Projections!$Y$2:$Y$282,0)),""))} -> 18.5 | R18: {=IF($V18="","",IFERROR(INDEX(Projections!$I$2:$I$282,MATCH(INDEX(Calc!$A$2:$A$157,$V18)&"|H12",Projections!$Y$2:$Y$282,0)),""))} -> 0.44280952 | S18: {=IF($V18="","",INDEX(Calc!$N$2:$N$157,$V18))} -> 29 | T18: {=IF($V18="","",INDEX(Calc!$AQ$2:$AQ$157,$V18))} | V18: =IFERROR(MATCH(4,Calc!$AR$2:$AR$157,0),"") -> 50
A19: {=IF($V19="","",INDEX(Calc!$D$2:$D$157,$V19))} -> BCA | B19: {=IF($V19="","",INDEX(Calc!$E$2:$E$157,$V19))} -> Qlocuu | C19: {=IF($V19="","",INDEX(Calc!$T$2:$T$157,$V19))} -> 0.66545455 | D19: {=IF($V19="","",INDEX(Calc!$AA$2:$AA$157,$V19))} -> 0.72769231 | E19: {=IF($V19="","",INDEX(Calc!$V$2:$V$157,$V19))} -> 14.254036 | F19: {=IF($V19="","",INDEX(Calc!$AC$2:$AC$157,$V19))} -> 15.507123 | G19: {=IF($V19="","",INDEX(Calc!$AL$2:$AL$157,$V19))} -> 29.761159 | H19: {=IF($V19="","",INDEX(Calc!$BK$2:$BK$157,$V19))} -> 0.98059089 | I19: {=IF($V19="","",INDEX(Calc!$BD$2:$BD$157,$V19))} -> 29.183522 | J19: {=IF($V19="","",IFERROR(INDEX(Projections!$F$2:$F$282,MATCH(INDEX(Calc!$A$2:$A$157,$V19)&"|K12",Projections!$Y$2:$Y$282,0)),""))} -> 27.5 | K19: {=IF($V19="","",IFERROR(INDEX(Projections!$I$2:$I$282,MATCH(INDEX(Calc!$A$2:$A$157,$V19)&"|K12",Projections!$Y$2:$Y$282,0)),""))} -> 0.63694386 | L19: {=IF($V19="","",IFERROR(INDEX(Projections!$AB$2:$AB$282,MATCH(INDEX(Calc!$A$2:$A$157,$V19)&"|K12",Projections!$Y$2:$Y$282,0)),""))} -> 0.60387187 | M19: {=IF($V19="","",IFERROR(INDEX(Projections!$M$2:$M$282,MATCH(INDEX(Calc!$A$2:$A$157,$V19)&"|K12",Projections!$Y$2:$Y$282,0)),""))} | N19: {=IF($V19="","",IFERROR(INDEX(Projections!$P$2:$P$282,MATCH(INDEX(Calc!$A$2:$A$157,$V19)&"|K12",Projections!$Y$2:$Y$282,0)),""))} -> 0.7 | O19: {=IF($V19="","",INDEX(Calc!$AP$2:$AP$157,$V19))} -> 0.51596077 | P19: {=IF($V19="","",INDEX(Calc!$AN$2:$AN$157,$V19))} -> 15.355591 | Q19: {=IF($V19="","",IFERROR(INDEX(Projections!$F$2:$F$282,MATCH(INDEX(Calc!$A$2:$A$157,$V19)&"|H12",Projections!$Y$2:$Y$282,0)),""))} -> 14.5 | R19: {=IF($V19="","",IFERROR(INDEX(Projections!$I$2:$I$282,MATCH(INDEX(Calc!$A$2:$A$157,$V19)&"|H12",Projections!$Y$2:$Y$282,0)),""))} -> 0.57878567 | S19: {=IF($V19="","",INDEX(Calc!$N$2:$N$157,$V19))} -> 34 | T19: {=IF($V19="","",INDEX(Calc!$AQ$2:$AQ$157,$V19))} | V19: =IFERROR(MATCH(5,Calc!$AR$2:$AR$157,0),"") -> 47
A20: {=IF($V20="","",INDEX(Calc!$D$2:$D$157,$V20))} -> BCA | B20: {=IF($V20="","",INDEX(Calc!$E$2:$E$157,$V20))} -> ultimate | C20: {=IF($V20="","",INDEX(Calc!$T$2:$T$157,$V20))} -> 0.64909091 | D20: {=IF($V20="","",INDEX(Calc!$AA$2:$AA$157,$V20))} -> 0.60545455 | E20: {=IF($V20="","",INDEX(Calc!$V$2:$V$157,$V20))} -> 13.903527 | F20: {=IF($V20="","",INDEX(Calc!$AC$2:$AC$157,$V20))} -> 12.902236 | G20: {=IF($V20="","",INDEX(Calc!$AL$2:$AL$157,$V20))} -> 26.805764 | H20: {=IF($V20="","",INDEX(Calc!$BK$2:$BK$157,$V20))} -> 0.97936019 | I20: {=IF($V20="","",INDEX(Calc!$BD$2:$BD$157,$V20))} -> 26.252498 | J20: {=IF($V20="","",IFERROR(INDEX(Projections!$F$2:$F$282,MATCH(INDEX(Calc!$A$2:$A$157,$V20)&"|K12",Projections!$Y$2:$Y$282,0)),""))} -> 28.5 | K20: {=IF($V20="","",IFERROR(INDEX(Projections!$I$2:$I$282,MATCH(INDEX(Calc!$A$2:$A$157,$V20)&"|K12",Projections!$Y$2:$Y$282,0)),""))} -> 0.3910574 | L20: {=IF($V20="","",IFERROR(INDEX(Projections!$AB$2:$AB$282,MATCH(INDEX(Calc!$A$2:$A$157,$V20)&"|K12",Projections!$Y$2:$Y$282,0)),""))} -> 0.35542153 | M20: {=IF($V20="","",IFERROR(INDEX(Projections!$M$2:$M$282,MATCH(INDEX(Calc!$A$2:$A$157,$V20)&"|K12",Projections!$Y$2:$Y$282,0)),""))} | N20: {=IF($V20="","",IFERROR(INDEX(Projections!$P$2:$P$282,MATCH(INDEX(Calc!$A$2:$A$157,$V20)&"|K12",Projections!$Y$2:$Y$282,0)),""))} -> 0.6 | O20: {=IF($V20="","",INDEX(Calc!$AP$2:$AP$157,$V20))} -> 0.35421393 | P20: {=IF($V20="","",INDEX(Calc!$AN$2:$AN$157,$V20))} -> 9.494975 | Q20: {=IF($V20="","",IFERROR(INDEX(Projections!$F$2:$F$282,MATCH(INDEX(Calc!$A$2:$A$157,$V20)&"|H12",Projections!$Y$2:$Y$282,0)),""))} -> 11.5 | R20: {=IF($V20="","",IFERROR(INDEX(Projections!$I$2:$I$282,MATCH(INDEX(Calc!$A$2:$A$157,$V20)&"|H12",Projections!$Y$2:$Y$282,0)),""))} -> 0.27127043 | S20: {=IF($V20="","",INDEX(Calc!$N$2:$N$157,$V20))} -> 30 | T20: {=IF($V20="","",INDEX(Calc!$AQ$2:$AQ$157,$V20))} | V20: =IFERROR(MATCH(6,Calc!$AR$2:$AR$157,0),"") -> 48
A21: {=IF($V21="","",INDEX(Calc!$D$2:$D$157,$V21))} -> BCA | B21: {=IF($V21="","",INDEX(Calc!$E$2:$E$157,$V21))} -> Prism | C21: {=IF($V21="","",INDEX(Calc!$T$2:$T$157,$V21))} -> 0.62818182 | D21: {=IF($V21="","",INDEX(Calc!$AA$2:$AA$157,$V21))} -> 0.60692308 | E21: {=IF($V21="","",INDEX(Calc!$V$2:$V$157,$V21))} -> 13.455655 | F21: {=IF($V21="","",INDEX(Calc!$AC$2:$AC$157,$V21))} -> 12.933531 | G21: {=IF($V21="","",INDEX(Calc!$AL$2:$AL$157,$V21))} -> 26.389185 | H21: {=IF($V21="","",INDEX(Calc!$BK$2:$BK$157,$V21))} -> 0.9796323 | I21: {=IF($V21="","",INDEX(Calc!$BD$2:$BD$157,$V21))} -> 25.851698 | J21: {=IF($V21="","",IFERROR(INDEX(Projections!$F$2:$F$282,MATCH(INDEX(Calc!$A$2:$A$157,$V21)&"|K12",Projections!$Y$2:$Y$282,0)),""))} -> 26.5 | K21: {=IF($V21="","",IFERROR(INDEX(Projections!$I$2:$I$282,MATCH(INDEX(Calc!$A$2:$A$157,$V21)&"|K12",Projections!$Y$2:$Y$282,0)),""))} -> 0.49272712 | L21: {=IF($V21="","",IFERROR(INDEX(Projections!$AB$2:$AB$282,MATCH(INDEX(Calc!$A$2:$A$157,$V21)&"|K12",Projections!$Y$2:$Y$282,0)),""))} -> 0.45709194 | M21: {=IF($V21="","",IFERROR(INDEX(Projections!$M$2:$M$282,MATCH(INDEX(Calc!$A$2:$A$157,$V21)&"|K12",Projections!$Y$2:$Y$282,0)),""))} | N21: {=IF($V21="","",IFERROR(INDEX(Projections!$P$2:$P$282,MATCH(INDEX(Calc!$A$2:$A$157,$V21)&"|K12",Projections!$Y$2:$Y$282,0)),""))} -> 0.5 | O21: {=IF($V21="","",INDEX(Calc!$AP$2:$AP$157,$V21))} -> 0.48458577 | P21: {=IF($V21="","",INDEX(Calc!$AN$2:$AN$157,$V21))} -> 12.787824 | Q21: {=IF($V21="","",IFERROR(INDEX(Projections!$F$2:$F$282,MATCH(INDEX(Calc!$A$2:$A$157,$V21)&"|H12",Projections!$Y$2:$Y$282,0)),""))} -> 13.5 | R21: {=IF($V21="","",IFERROR(INDEX(Projections!$I$2:$I$282,MATCH(INDEX(Calc!$A$2:$A$157,$V21)&"|H12",Projections!$Y$2:$Y$282,0)),""))} -> 0.42768508 | S21: {=IF($V21="","",INDEX(Calc!$N$2:$N$157,$V21))} -> 34 | T21: {=IF($V21="","",INDEX(Calc!$AQ$2:$AQ$157,$V21))} | V21: =IFERROR(MATCH(7,Calc!$AR$2:$AR$157,0),"") -> 46
A22: {=IF($V22="","",INDEX(Calc!$D$2:$D$157,$V22))} -> EF | B22: {=IF($V22="","",INDEX(Calc!$E$2:$E$157,$V22))} -> regali | C22: {=IF($V22="","",INDEX(Calc!$T$2:$T$157,$V22))} -> 0.625 | D22: {=IF($V22="","",INDEX(Calc!$AA$2:$AA$157,$V22))} -> 0.58272727 | E22: {=IF($V22="","",INDEX(Calc!$V$2:$V$157,$V22))} -> 13.3875 | F22: {=IF($V22="","",INDEX(Calc!$AC$2:$AC$157,$V22))} -> 12.417918 | G22: {=IF($V22="","",INDEX(Calc!$AL$2:$AL$157,$V22))} -> 25.805418 | H22: {=IF($V22="","",INDEX(Calc!$BK$2:$BK$157,$V22))} -> 0.96646511 | I22: {=IF($V22="","",INDEX(Calc!$BD$2:$BD$157,$V22))} -> 24.940036 | J22: {=IF($V22="","",IFERROR(INDEX(Projections!$F$2:$F$282,MATCH(INDEX(Calc!$A$2:$A$157,$V22)&"|K12",Projections!$Y$2:$Y$282,0)),""))} -> 29.5 | K22: {=IF($V22="","",IFERROR(INDEX(Projections!$I$2:$I$282,MATCH(INDEX(Calc!$A$2:$A$157,$V22)&"|K12",Projections!$Y$2:$Y$282,0)),""))} -> 0.26938456 | L22: {=IF($V22="","",IFERROR(INDEX(Projections!$AB$2:$AB$282,MATCH(INDEX(Calc!$A$2:$A$157,$V22)&"|K12",Projections!$Y$2:$Y$282,0)),""))} -> 0.2201459 | M22: {=IF($V22="","",IFERROR(INDEX(Projections!$M$2:$M$282,MATCH(INDEX(Calc!$A$2:$A$157,$V22)&"|K12",Projections!$Y$2:$Y$282,0)),""))} | N22: {=IF($V22="","",IFERROR(INDEX(Projections!$P$2:$P$282,MATCH(INDEX(Calc!$A$2:$A$157,$V22)&"|K12",Projections!$Y$2:$Y$282,0)),""))} -> 0.4 | O22: {=IF($V22="","",INDEX(Calc!$AP$2:$AP$157,$V22))} -> 0.34538808 | P22: {=IF($V22="","",INDEX(Calc!$AN$2:$AN$157,$V22))} -> 8.9128837 | Q22: {=IF($V22="","",IFERROR(INDEX(Projections!$F$2:$F$282,MATCH(INDEX(Calc!$A$2:$A$157,$V22)&"|H12",Projections!$Y$2:$Y$282,0)),""))} -> 11.5 | R22: {=IF($V22="","",IFERROR(INDEX(Projections!$I$2:$I$282,MATCH(INDEX(Calc!$A$2:$A$157,$V22)&"|H12",Projections!$Y$2:$Y$282,0)),""))} -> 0.20831532 | S22: {=IF($V22="","",INDEX(Calc!$N$2:$N$157,$V22))} -> 29 | T22: {=IF($V22="","",INDEX(Calc!$AQ$2:$AQ$157,$V22))} | V22: =IFERROR(MATCH(8,Calc!$AR$2:$AR$157,0),"") -> 52
A23: {=IF($V23="","",INDEX(Calc!$D$2:$D$157,$V23))} -> BCA | B23: {=IF($V23="","",INDEX(Calc!$E$2:$E$157,$V23))} -> Demho | C23: {=IF($V23="","",INDEX(Calc!$T$2:$T$157,$V23))} -> 0.57818182 | D23: {=IF($V23="","",INDEX(Calc!$AA$2:$AA$157,$V23))} -> 0.61846154 | E23: {=IF($V23="","",INDEX(Calc!$V$2:$V$157,$V23))} -> 12.384655 | F23: {=IF($V23="","",INDEX(Calc!$AC$2:$AC$157,$V23))} -> 13.179415 | G23: {=IF($V23="","",INDEX(Calc!$AL$2:$AL$157,$V23))} -> 25.56407 | H23: {=IF($V23="","",INDEX(Calc!$BK$2:$BK$157,$V23))} -> 0.98042027 | I23: {=IF($V23="","",INDEX(Calc!$BD$2:$BD$157,$V23))} -> 25.063532 | J23: {=IF($V23="","",IFERROR(INDEX(Projections!$F$2:$F$282,MATCH(INDEX(Calc!$A$2:$A$157,$V23)&"|K12",Projections!$Y$2:$Y$282,0)),""))} -> 25.5 | K23: {=IF($V23="","",IFERROR(INDEX(Projections!$I$2:$I$282,MATCH(INDEX(Calc!$A$2:$A$157,$V23)&"|K12",Projections!$Y$2:$Y$282,0)),""))} -> 0.50427245 | L23: {=IF($V23="","",IFERROR(INDEX(Projections!$AB$2:$AB$282,MATCH(INDEX(Calc!$A$2:$A$157,$V23)&"|K12",Projections!$Y$2:$Y$282,0)),""))} -> 0.47063134 | M23: {=IF($V23="","",IFERROR(INDEX(Projections!$M$2:$M$282,MATCH(INDEX(Calc!$A$2:$A$157,$V23)&"|K12",Projections!$Y$2:$Y$282,0)),""))} | N23: {=IF($V23="","",IFERROR(INDEX(Projections!$P$2:$P$282,MATCH(INDEX(Calc!$A$2:$A$157,$V23)&"|K12",Projections!$Y$2:$Y$282,0)),""))} -> 0.6 | O23: {=IF($V23="","",INDEX(Calc!$AP$2:$AP$157,$V23))} -> 0.42125788 | P23: {=IF($V23="","",INDEX(Calc!$AN$2:$AN$157,$V23))} -> 10.769066 | Q23: {=IF($V23="","",IFERROR(INDEX(Projections!$F$2:$F$282,MATCH(INDEX(Calc!$A$2:$A$157,$V23)&"|H12",Projections!$Y$2:$Y$282,0)),""))} -> 11.5 | R23: {=IF($V23="","",IFERROR(INDEX(Projections!$I$2:$I$282,MATCH(INDEX(Calc!$A$2:$A$157,$V23)&"|H12",Projections!$Y$2:$Y$282,0)),""))} -> 0.41837562 | S23: {=IF($V23="","",INDEX(Calc!$N$2:$N$157,$V23))} -> 34 | T23: {=IF($V23="","",INDEX(Calc!$AQ$2:$AQ$157,$V23))} | V23: =IFERROR(MATCH(9,Calc!$AR$2:$AR$157,0),"") -> 44
A24: {=IF($V24="","",INDEX(Calc!$D$2:$D$157,$V24))} -> EF | B24: {=IF($V24="","",INDEX(Calc!$E$2:$E$157,$V24))} -> MisteM | C24: {=IF($V24="","",INDEX(Calc!$T$2:$T$157,$V24))} -> 0.57 | D24: {=IF($V24="","",INDEX(Calc!$AA$2:$AA$157,$V24))} -> 0.54363636 | E24: {=IF($V24="","",INDEX(Calc!$V$2:$V$157,$V24))} -> 12.2094 | F24: {=IF($V24="","",INDEX(Calc!$AC$2:$AC$157,$V24))} -> 11.584891 | G24: {=IF($V24="","",INDEX(Calc!$AL$2:$AL$157,$V24))} -> 23.794291 | H24: {=IF($V24="","",INDEX(Calc!$BK$2:$BK$157,$V24))} -> 0.96628966 | I24: {=IF($V24="","",INDEX(Calc!$BD$2:$BD$157,$V24))} -> 22.992177 | J24: {=IF($V24="","",IFERROR(INDEX(Projections!$F$2:$F$282,MATCH(INDEX(Calc!$A$2:$A$157,$V24)&"|K12",Projections!$Y$2:$Y$282,0)),""))} -> 25.5 | K24: {=IF($V24="","",IFERROR(INDEX(Projections!$I$2:$I$282,MATCH(INDEX(Calc!$A$2:$A$157,$V24)&"|K12",Projections!$Y$2:$Y$282,0)),""))} -> 0.38379374 | L24: {=IF($V24="","",IFERROR(INDEX(Projections!$AB$2:$AB$282,MATCH(INDEX(Calc!$A$2:$A$157,$V24)&"|K12",Projections!$Y$2:$Y$282,0)),""))} -> 0.32923706 | M24: {=IF($V24="","",IFERROR(INDEX(Projections!$M$2:$M$282,MATCH(INDEX(Calc!$A$2:$A$157,$V24)&"|K12",Projections!$Y$2:$Y$282,0)),""))} | N24: {=IF($V24="","",IFERROR(INDEX(Projections!$P$2:$P$282,MATCH(INDEX(Calc!$A$2:$A$157,$V24)&"|K12",Projections!$Y$2:$Y$282,0)),""))} -> 0.6 | O24: {=IF($V24="","",INDEX(Calc!$AP$2:$AP$157,$V24))} -> 0.55145985 | P24: {=IF($V24="","",INDEX(Calc!$AN$2:$AN$157,$V24))} -> 13.121596 | Q24: {=IF($V24="","",IFERROR(INDEX(Projections!$F$2:$F$282,MATCH(INDEX(Calc!$A$2:$A$157,$V24)&"|H12",Projections!$Y$2:$Y$282,0)),""))} -> 13.5 | R24: {=IF($V24="","",IFERROR(INDEX(Projections!$I$2:$I$282,MATCH(INDEX(Calc!$A$2:$A$157,$V24)&"|H12",Projections!$Y$2:$Y$282,0)),""))} -> 0.46233468 | S24: {=IF($V24="","",INDEX(Calc!$N$2:$N$157,$V24))} -> 29 | T24: {=IF($V24="","",INDEX(Calc!$AQ$2:$AQ$157,$V24))} | V24: =IFERROR(MATCH(10,Calc!$AR$2:$AR$157,0),"") -> 51
A25: {=IF($V25="","",INDEX(Calc!$D$2:$D$157,$V25))} | B25: {=IF($V25="","",INDEX(Calc!$E$2:$E$157,$V25))} | C25: {=IF($V25="","",INDEX(Calc!$T$2:$T$157,$V25))} | D25: {=IF($V25="","",INDEX(Calc!$AA$2:$AA$157,$V25))} | E25: {=IF($V25="","",INDEX(Calc!$V$2:$V$157,$V25))} | F25: {=IF($V25="","",INDEX(Calc!$AC$2:$AC$157,$V25))} | G25: {=IF($V25="","",INDEX(Calc!$AL$2:$AL$157,$V25))} | H25: {=IF($V25="","",INDEX(Calc!$BK$2:$BK$157,$V25))} | I25: {=IF($V25="","",INDEX(Calc!$BD$2:$BD$157,$V25))} | J25: {=IF($V25="","",IFERROR(INDEX(Projections!$F$2:$F$282,MATCH(INDEX(Calc!$A$2:$A$157,$V25)&"|K12",Projections!$Y$2:$Y$282,0)),""))} | K25: {=IF($V25="","",IFERROR(INDEX(Projections!$I$2:$I$282,MATCH(INDEX(Calc!$A$2:$A$157,$V25)&"|K12",Projections!$Y$2:$Y$282,0)),""))} | L25: {=IF($V25="","",IFERROR(INDEX(Projections!$AB$2:$AB$282,MATCH(INDEX(Calc!$A$2:$A$157,$V25)&"|K12",Projections!$Y$2:$Y$282,0)),""))} | M25: {=IF($V25="","",IFERROR(INDEX(Projections!$M$2:$M$282,MATCH(INDEX(Calc!$A$2:$A$157,$V25)&"|K12",Projections!$Y$2:$Y$282,0)),""))} | N25: {=IF($V25="","",IFERROR(INDEX(Projections!$P$2:$P$282,MATCH(INDEX(Calc!$A$2:$A$157,$V25)&"|K12",Projections!$Y$2:$Y$282,0)),""))} | O25: {=IF($V25="","",INDEX(Calc!$AP$2:$AP$157,$V25))} | P25: {=IF($V25="","",INDEX(Calc!$AN$2:$AN$157,$V25))} | Q25: {=IF($V25="","",IFERROR(INDEX(Projections!$F$2:$F$282,MATCH(INDEX(Calc!$A$2:$A$157,$V25)&"|H12",Projections!$Y$2:$Y$282,0)),""))} | R25: {=IF($V25="","",IFERROR(INDEX(Projections!$I$2:$I$282,MATCH(INDEX(Calc!$A$2:$A$157,$V25)&"|H12",Projections!$Y$2:$Y$282,0)),""))} | S25: {=IF($V25="","",INDEX(Calc!$N$2:$N$157,$V25))} | T25: {=IF($V25="","",INDEX(Calc!$AQ$2:$AQ$157,$V25))} | V25: =IFERROR(MATCH(11,Calc!$AR$2:$AR$157,0),"")
A26: {=IF($V26="","",INDEX(Calc!$D$2:$D$157,$V26))} | B26: {=IF($V26="","",INDEX(Calc!$E$2:$E$157,$V26))} | C26: {=IF($V26="","",INDEX(Calc!$T$2:$T$157,$V26))} | D26: {=IF($V26="","",INDEX(Calc!$AA$2:$AA$157,$V26))} | E26: {=IF($V26="","",INDEX(Calc!$V$2:$V$157,$V26))} | F26: {=IF($V26="","",INDEX(Calc!$AC$2:$AC$157,$V26))} | G26: {=IF($V26="","",INDEX(Calc!$AL$2:$AL$157,$V26))} | H26: {=IF($V26="","",INDEX(Calc!$BK$2:$BK$157,$V26))} | I26: {=IF($V26="","",INDEX(Calc!$BD$2:$BD$157,$V26))} | J26: {=IF($V26="","",IFERROR(INDEX(Projections!$F$2:$F$282,MATCH(INDEX(Calc!$A$2:$A$157,$V26)&"|K12",Projections!$Y$2:$Y$282,0)),""))} | K26: {=IF($V26="","",IFERROR(INDEX(Projections!$I$2:$I$282,MATCH(INDEX(Calc!$A$2:$A$157,$V26)&"|K12",Projections!$Y$2:$Y$282,0)),""))} | L26: {=IF($V26="","",IFERROR(INDEX(Projections!$AB$2:$AB$282,MATCH(INDEX(Calc!$A$2:$A$157,$V26)&"|K12",Projections!$Y$2:$Y$282,0)),""))} | M26: {=IF($V26="","",IFERROR(INDEX(Projections!$M$2:$M$282,MATCH(INDEX(Calc!$A$2:$A$157,$V26)&"|K12",Projections!$Y$2:$Y$282,0)),""))} | N26: {=IF($V26="","",IFERROR(INDEX(Projections!$P$2:$P$282,MATCH(INDEX(Calc!$A$2:$A$157,$V26)&"|K12",Projections!$Y$2:$Y$282,0)),""))} | O26: {=IF($V26="","",INDEX(Calc!$AP$2:$AP$157,$V26))} | P26: {=IF($V26="","",INDEX(Calc!$AN$2:$AN$157,$V26))} | Q26: {=IF($V26="","",IFERROR(INDEX(Projections!$F$2:$F$282,MATCH(INDEX(Calc!$A$2:$A$157,$V26)&"|H12",Projections!$Y$2:$Y$282,0)),""))} | R26: {=IF($V26="","",IFERROR(INDEX(Projections!$I$2:$I$282,MATCH(INDEX(Calc!$A$2:$A$157,$V26)&"|H12",Projections!$Y$2:$Y$282,0)),""))} | S26: {=IF($V26="","",INDEX(Calc!$N$2:$N$157,$V26))} | T26: {=IF($V26="","",INDEX(Calc!$AQ$2:$AQ$157,$V26))} | V26: =IFERROR(MATCH(12,Calc!$AR$2:$AR$157,0),"")
A28: Kills = Σ over the chosen maps of (per-map KPR, shrunk toward the player's overall KPR by SHRINK_MAPS) × rounds. HS = kills × per-map HS%, shrunk the same way. P(over) is a normal approximation with variance = KILLS_DISPERSION × projection.
A29: Adj = the round-differential layer (CS2): each map's kills × (a·s + b·(1−s)) ÷ (a·s_hist + b·(1−s_hist)), s = the team's expected round share on that map from HLTV conditional margins and Thunderpick map odds, s_hist = its round share over HLTV's 3-month sample. PAPER: neither column has a forward record.

Sheet Matches
A1: Matches — pick the maps and rounds for every match in the shaded columns
A2: Prefilled: maps from PickFinder Map Picks (#1, #2, #3), rounds from Thunderpick "Total Rounds - Map k" (devigged 50% crossing). Overwrite any shaded cell; Calc, Projections and Board follow instantly.
A4: Match | B4: Title | C4: Start (CT) | D4: Bo | E4: Team A | F4: Team B | G4: P(A wins) | H4: P(A 2-0) | I4: P(B 2-0) | J4: P(3 maps) | K4: Map pick #1 | L4: Map pick #2 | M4: Map pick #3 | N4: Picks from | O4: TP rounds M1 | P4: TP rounds M2 | Q4: TP rounds M3 | R4: P(OT) M1 | S4: A margin M1 | T4: A rounds M1 | U4: B rounds M1 | V4: TP markets | W4: Map 1 | X4: Map 2 | Y4: Map 3 | Z4: Rounds M1 | AA4: Rounds M2 | AB4: Rounds M3 | AC4: P(map 3) used | AD4: Tag A | AE4: Tag B | AF4: P(A map 1) | AG4: P(A map 2) | AH4: P(A map 3) | AI4: A hist share | AJ4: B hist share | AK4: HLTV cA M1 | AL4: HLTV cB M1 | AM4: HLTV src M1 | AN4: HLTV rounds M1 | AO4: HLTV A margin M1 | AP4: HLTV A share M1 | AQ4: HLTV cA M2 | AR4: HLTV cB M2 | AS4: HLTV src M2 | AT4: HLTV rounds M2 | AU4: HLTV A margin M2 | AV4: HLTV A share M2 | AW4: HLTV cA M3 | AX4: HLTV cB M3 | AY4: HLTV src M3 | AZ4: HLTV rounds M3 | BA4: HLTV A margin M3 | BB4: HLTV A share M3
A5: CS2 · EF vs BCA | B5: CS2 | C5: Fri 03:00 | D5: 3 | E5: Eternal Fire (EF) | F5: Apogee Esports (BCA) | G5: 0.64197531 | H5: 0.34126772 | I5: 0.17063386 | J5: 0.48809842 | K5: Ancient 29% | L5: Anubis 24% | M5: Cache 22% | N5: PF Map Picks | O5: 21.423154 | P5: 21.312553 | Q5: 21.378165 | R5: 0.15942029 | S5: 1.7003949 | U5: 11.5 | V5: 225 | W5: Ancient | X5: Anubis | Y5: Cache | Z5: 21.42 | AA5: 21.31 | AB5: 21.38 | AC5: 0.4881 | AD5: EF | AE5: BCA | AF5: 0.56 | AG5: 0.6281 | AH5: 0.6072 | AI5: {=IFERROR(INDEX(HLTV_Teams!$N$2:$N$33,MATCH($A5&"|A",HLTV_Teams!$A$2:$A$33,0)),"")} -> 0.53109601 | AJ5: {=IFERROR(INDEX(HLTV_Teams!$N$2:$N$33,MATCH($A5&"|B",HLTV_Teams!$A$2:$A$33,0)),"")} -> 0.53121911 | AK5: =IF($W5="","",IFERROR((SUMIFS(HLTV_Long!$B$2:$B$451,HLTV_Long!$A$2:$A$451,$A5&"|A|"&$W5&"|lw")+SUMIFS(HLTV_Long!$B$2:$B$451,HLTV_Long!$A$2:$A$451,$A5&"|B|"&$W5&"|wl"))/(COUNTIFS(HLTV_Long!$A$2:$A$451,$A5&"|A|"&$W5&"|lw")+COUNTIFS(HLTV_Long!$A$2:$A$451,$A5&"|B|"&$W5&"|wl")),IFERROR((SUMIFS(HLTV_Long!$B$2:$B$451,HLTV_Long!$A$2:$A$451,$A5&"|A|"&"ALL"&"|lw")+SUMIFS(HLTV_Long!$B$2:$B$451,HLTV_Long!$A$2:$A$451,$A5&"|B|"&"ALL"&"|wl"))/(COUNTIFS(HLTV_Long!$A$2:$A$451,$A5&"|A|"&"ALL"&"|lw")+COUNTIFS(HLTV_Long!$A$2:$A$451,$A5&"|B|"&"ALL"&"|wl")),""))) -> 8.415 | AL5: =IF($W5="","",IFERROR((SUMIFS(HLTV_Long!$B$2:$B$451,HLTV_Long!$A$2:$A$451,$A5&"|B|"&$W5&"|lw")+SUMIFS(HLTV_Long!$B$2:$B$451,HLTV_Long!$A$2:$A$451,$A5&"|A|"&$W5&"|wl"))/(COUNTIFS(HLTV_Long!$A$2:$A$451,$A5&"|B|"&$W5&"|lw")+COUNTIFS(HLTV_Long!$A$2:$A$451,$A5&"|A|"&$W5&"|wl")),IFERROR((SUMIFS(HLTV_Long!$B$2:$B$451,HLTV_Long!$A$2:$A$451,$A5&"|B|"&"ALL"&"|lw")+SUMIFS(HLTV_Long!$B$2:$B$451,HLTV_Long!$A$2:$A$451,$A5&"|A|"&"ALL"&"|wl"))/(COUNTIFS(HLTV_Long!$A$2:$A$451,$A5&"|B|"&"ALL"&"|lw")+COUNTIFS(HLTV_Long!$A$2:$A$451,$A5&"|A|"&"ALL"&"|wl")),""))) -> 8.1 | AM5: =IF($W5="","",COUNTIFS(HLTV_Long!$A$2:$A$451,$A5&"|A|"&$W5&"|lw")+COUNTIFS(HLTV_Long!$A$2:$A$451,$A5&"|B|"&$W5&"|wl")+COUNTIFS(HLTV_Long!$A$2:$A$451,$A5&"|B|"&$W5&"|lw")+COUNTIFS(HLTV_Long!$A$2:$A$451,$A5&"|A|"&$W5&"|wl")) -> 4 | AN5: =IF(OR($AK5="",$AL5="",$AF5=""),"",13+$AF5*$AK5+(1-$AF5)*$AL5) -> 21.2764 | AO5: =IF($AN5="","",$AF5*(13-$AK5)-(1-$AF5)*(13-$AL5)) -> 0.4116 | AP5: =IF($AN5="","",($AF5*13+(1-$AF5)*$AL5)/$AN5) -> 0.50967269 | AQ5: =IF($X5="","",IFERROR((SUMIFS(HLTV_Long!$B$2:$B$451,HLTV_Long!$A$2:$A$451,$A5&"|A|"&$X5&"|lw")+SUMIFS(HLTV_Long!$B$2:$B$451,HLTV_Long!$A$2:$A$451,$A5&"|B|"&$X5&"|wl"))/(COUNTIFS(HLTV_Long!$A$2:$A$451,$A5&"|A|"&$X5&"|lw")+COUNTIFS(HLTV_Long!$A$2:$A$451,$A5&"|B|"&$X5&"|wl")),IFERROR((SUMIFS(HLTV_Long!$B$2:$B$451,HLTV_Long!$A$2:$A$451,$A5&"|A|"&"ALL"&"|lw")+SUMIFS(HLTV_Long!$B$2:$B$451,HLTV_Long!$A$2:$A$451,$A5&"|B|"&"ALL"&"|wl"))/(COUNTIFS(HLTV_Long!$A$2:$A$451,$A5&"|A|"&"ALL"&"|lw")+COUNTIFS(HLTV_Long!$A$2:$A$451,$A5&"|B|"&"ALL"&"|wl")),""))) -> 11.785 | AR5: =IF($X5="","",IFERROR((SUMIFS(HLTV_Long!$B$2:$B$451,HLTV_Long!$A$2:$A$451,$A5&"|B|"&$X5&"|lw")+SUMIFS(HLTV_Long!$B$2:$B$451,HLTV_Long!$A$2:$A$451,$A5&"|A|"&$X5&"|wl"))/(COUNTIFS(HLTV_Long!$A$2:$A$451,$A5&"|B|"&$X5&"|lw")+COUNTIFS(HLTV_Long!$A$2:$A$451,$A5&"|A|"&$X5&"|wl")),IFERROR((SUMIFS(HLTV_Long!$B$2:$B$451,HLTV_Long!$A$2:$A$451,$A5&"|B|"&"ALL"&"|lw")+SUMIFS(HLTV_Long!$B$2:$B$451,HLTV_Long!$A$2:$A$451,$A5&"|A|"&"ALL"&"|wl"))/(COUNTIFS(HLTV_Long!$A$2:$A$451,$A5&"|B|"&"ALL"&"|lw")+COUNTIFS(HLTV_Long!$A$2:$A$451,$A5&"|A|"&"ALL"&"|wl")),""))) -> 7.7 | AS5: =IF($X5="","",COUNTIFS(HLTV_Long!$A$2:$A$451,$A5&"|A|"&$X5&"|lw")+COUNTIFS(HLTV_Long!$A$2:$A$451,$A5&"|B|"&$X5&"|wl")+COUNTIFS(HLTV_Long!$A$2:$A$451,$A5&"|B|"&$X5&"|lw")+COUNTIFS(HLTV_Long!$A$2:$A$451,$A5&"|A|"&$X5&"|wl")) -> 4 | AT5: =IF(OR($AQ5="",$AR5="",$AG5=""),"",13+$AG5*$AQ5+(1-$AG5)*$AR5) -> 23.265788 | AU5: =IF($AT5="","",$AG5*(13-$AQ5)-(1-$AG5)*(13-$AR5)) -> -1.2079285 | AV5: =IF($AT5="","",($AG5*13+(1-$AG5)*$AR5)/$AT5) -> 0.47404067 | AW5: =IF($Y5="","",IFERROR((SUMIFS(HLTV_Long!$B$2:$B$451,HLTV_Long!$A$2:$A$451,$A5&"|A|"&$Y5&"|lw")+SUMIFS(HLTV_Long!$B$2:$B$451,HLTV_Long!$A$2:$A$451,$A5&"|B|"&$Y5&"|wl"))/(COUNTIFS(HLTV_Long!$A$2:$A$451,$A5&"|A|"&$Y5&"|lw")+COUNTIFS(HLTV_Long!$A$2:$A$451,$A5&"|B|"&$Y5&"|wl")),IFERROR((SUMIFS(HLTV_Long!$B$2:$B$451,HLTV_Long!$A$2:$A$451,$A5&"|A|"&"ALL"&"|lw")+SUMIFS(HLTV_Long!$B$2:$B$451,HLTV_Long!$A$2:$A$451,$A5&"|B|"&"ALL"&"|wl"))/(COUNTIFS(HLTV_Long!$A$2:$A$451,$A5&"|A|"&"ALL"&"|lw")+COUNTIFS(HLTV_Long!$A$2:$A$451,$A5&"|B|"&"ALL"&"|wl")),""))) -> 8.475 | AX5: =IF($Y5="","",IFERROR((SUMIFS(HLTV_Long!$B$2:$B$451,HLTV_Long!$A$2:$A$451,$A5&"|B|"&$Y5&"|lw")+SUMIFS(HLTV_Long!$B$2:$B$451,HLTV_Long!$A$2:$A$451,$A5&"|A|"&$Y5&"|wl"))/(COUNTIFS(HLTV_Long!$A$2:$A$451,$A5&"|B|"&$Y5&"|lw")+COUNTIFS(HLTV_Long!$A$2:$A$451,$A5&"|A|"&$Y5&"|wl")),IFERROR((SUMIFS(HLTV_Long!$B$2:$B$451,HLTV_Long!$A$2:$A$451,$A5&"|B|"&"ALL"&"|lw")+SUMIFS(HLTV_Long!$B$2:$B$451,HLTV_Long!$A$2:$A$451,$A5&"|A|"&"ALL"&"|wl"))/(COUNTIFS(HLTV_Long!$A$2:$A$451,$A5&"|B|"&"ALL"&"|lw")+COUNTIFS(HLTV_Long!$A$2:$A$451,$A5&"|A|"&"ALL"&"|wl")),""))) -> 9.05 | AY5: =IF($Y5="","",COUNTIFS(HLTV_Long!$A$2:$A$451,$A5&"|A|"&$Y5&"|lw")+COUNTIFS(HLTV_Long!$A$2:$A$451,$A5&"|B|"&$Y5&"|wl")+COUNTIFS(HLTV_Long!$A$2:$A$451,$A5&"|B|"&$Y5&"|lw")+COUNTIFS(HLTV_Long!$A$2:$A$451,$A5&"|A|"&$Y5&"|wl")) -> 4 | AZ5: =IF(OR($AW5="",$AX5="",$AH5=""),"",13+$AH5*$AW5+(1-$AH5)*$AX5) -> 21.70086 | BA5: =IF($AZ5="","",$AH5*(13-$AW5)-(1-$AH5)*(13-$AX5)) -> 1.19602 | BB5: =IF($AZ5="","",($AH5*13+(1-$AH5)*$AX5)/$AZ5) -> 0.52755697
A6: CS2 · NIP vs TL | B6: CS2 | C6: Fri 03:00 | D6: 3 | E6: Ninjas in Pyjamas (NIP) | F6: Liquid (TL) | G6: 0.51891892 | H6: 0.27270634 | I6: 0.22247096 | J6: 0.5048227 | K6: Cache 36% | L6: Mirage 19% | M6: Nuke 14% | N6: PF Map Picks | O6: 21.5 | P6: 21.5 | Q6: 21.5 | R6: 0.15942029 | S6: 1.6291028 | U6: 11.5 | V6: 228 | W6: Cache | X6: Mirage | Y6: Nuke | Z6: 21.5 | AA6: 21.5 | AB6: 21.5 | AC6: 0.5048 | AD6: NIP | AE6: TL | AF6: 0.56 | AG6: 0.4865 | AH6: 0.5081 | AI6: {=IFERROR(INDEX(HLTV_Teams!$N$2:$N$33,MATCH($A6&"|A",HLTV_Teams!$A$2:$A$33,0)),"")} -> 0.52544584 | AJ6: {=IFERROR(INDEX(HLTV_Teams!$N$2:$N$33,MATCH($A6&"|B",HLTV_Teams!$A$2:$A$33,0)),"")} -> 0.55928537 | AK6: =IF($W6="","",IFERROR((SUMIFS(HLTV_Long!$B$2:$B$451,HLTV_Long!$A$2:$A$451,$A6&"|A|"&$W6&"|lw")+SUMIFS(HLTV_Long!$B$2:$B$451,HLTV_Long!$A$2:$A$451,$A6&"|B|"&$W6&"|wl"))/(COUNTIFS(HLTV_Long!$A$2:$A$451,$A6&"|A|"&$W6&"|lw")+COUNTIFS(HLTV_Long!$A$2:$A$451,$A6&"|B|"&$W6&"|wl")),IFERROR((SUMIFS(HLTV_Long!$B$2:$B$451,HLTV_Long!$A$2:$A$451,$A6&"|A|"&"ALL"&"|lw")+SUMIFS(HLTV_Long!$B$2:$B$451,HLTV_Long!$A$2:$A$451,$A6&"|B|"&"ALL"&"|wl"))/(COUNTIFS(HLTV_Long!$A$2:$A$451,$A6&"|A|"&"ALL"&"|lw")+COUNTIFS(HLTV_Long!$A$2:$A$451,$A6&"|B|"&"ALL"&"|wl")),""))) -> 8.5 | AL6: =IF($W6="","",IFERROR((SUMIFS(HLTV_Long!$B$2:$B$451,HLTV_Long!$A$2:$A$451,$A6&"|B|"&$W6&"|lw")+SUMIFS(HLTV_Long!$B$2:$B$451,HLTV_Long!$A$2:$A$451,$A6&"|A|"&$W6&"|wl"))/(COUNTIFS(HLTV_Long!$A$2:$A$451,$A6&"|B|"&$W6&"|lw")+COUNTIFS(HLTV_Long!$A$2:$A$451,$A6&"|A|"&$W6&"|wl")),IFERROR((SUMIFS(HLTV_Long!$B$2:$B$451,HLTV_Long!$A$2:$A$451,$A6&"|B|"&"ALL"&"|lw")+SUMIFS(HLTV_Long!$B$2:$B$451,HLTV_Long!$A$2:$A$451,$A6&"|A|"&"ALL"&"|wl"))/(COUNTIFS(HLTV_Long!$A$2:$A$451,$A6&"|B|"&"ALL"&"|lw")+COUNTIFS(HLTV_Long!$A$2:$A$451,$A6&"|A|"&"ALL"&"|wl")),""))) -> 8.57 | AM6: =IF($W6="","",COUNTIFS(HLTV_Long!$A$2:$A$451,$A6&"|A|"&$W6&"|lw")+COUNTIFS(HLTV_Long!$A$2:$A$451,$A6&"|B|"&$W6&"|wl")+COUNTIFS(HLTV_Long!$A$2:$A$451,$A6&"|B|"&$W6&"|lw")+COUNTIFS(HLTV_Long!$A$2:$A$451,$A6&"|A|"&$W6&"|wl")) -> 4 | AN6: =IF(OR($AK6="",$AL6="",$AF6=""),"",13+$AF6*$AK6+(1-$AF6)*$AL6) -> 21.5308 | AO6: =IF($AN6="","",$AF6*(13-$AK6)-(1-$AF6)*(13-$AL6)) -> 0.5708 | AP6: =IF($AN6="","",($AF6*13+(1-$AF6)*$AL6)/$AN6) -> 0.51325543 | AQ6: =IF($X6="","",IFERROR((SUMIFS(HLTV_Long!$B$2:$B$451,HLTV_Long!$A$2:$A$451,$A6&"|A|"&$X6&"|lw")+SUMIFS(HLTV_Long!$B$2:$B$451,HLTV_Long!$A$2:$A$451,$A6&"|B|"&$X6&"|wl"))/(COUNTIFS(HLTV_Long!$A$2:$A$451,$A6&"|A|"&$X6&"|lw")+COUNTIFS(HLTV_Long!$A$2:$A$451,$A6&"|B|"&$X6&"|wl")),IFERROR((SUMIFS(HLTV_Long!$B$2:$B$451,HLTV_Long!$A$2:$A$451,$A6&"|A|"&"ALL"&"|lw")+SUMIFS(HLTV_Long!$B$2:$B$451,HLTV_Long!$A$2:$A$451,$A6&"|B|"&"ALL"&"|wl"))/(COUNTIFS(HLTV_Long!$A$2:$A$451,$A6&"|A|"&"ALL"&"|lw")+COUNTIFS(HLTV_Long!$A$2:$A$451,$A6&"|B|"&"ALL"&"|wl")),""))) -> 8.5 | AR6: =IF($X6="","",IFERROR((SUMIFS(HLTV_Long!$B$2:$B$451,HLTV_Long!$A$2:$A$451,$A6&"|B|"&$X6&"|lw")+SUMIFS(HLTV_Long!$B$2:$B$451,HLTV_Long!$A$2:$A$451,$A6&"|A|"&$X6&"|wl"))/(COUNTIFS(HLTV_Long!$A$2:$A$451,$A6&"|B|"&$X6&"|lw")+COUNTIFS(HLTV_Long!$A$2:$A$451,$A6&"|A|"&$X6&"|wl")),IFERROR((SUMIFS(HLTV_Long!$B$2:$B$451,HLTV_Long!$A$2:$A$451,$A6&"|B|"&"ALL"&"|lw")+SUMIFS(HLTV_Long!$B$2:$B$451,HLTV_Long!$A$2:$A$451,$A6&"|A|"&"ALL"&"|wl"))/(COUNTIFS(HLTV_Long!$A$2:$A$451,$A6&"|B|"&"ALL"&"|lw")+COUNTIFS(HLTV_Long!$A$2:$A$451,$A6&"|A|"&"ALL"&"|wl")),""))) -> 8.87 | AS6: =IF($X6="","",COUNTIFS(HLTV_Long!$A$2:$A$451,$A6&"|A|"&$X6&"|lw")+COUNTIFS(HLTV_Long!$A$2:$A$451,$A6&"|B|"&$X6&"|wl")+COUNTIFS(HLTV_Long!$A$2:$A$451,$A6&"|B|"&$X6&"|lw")+COUNTIFS(HLTV_Long!$A$2:$A$451,$A6&"|A|"&$X6&"|wl")) -> 4 | AT6: =IF(OR($AQ6="",$AR6="",$AG6=""),"",13+$AG6*$AQ6+(1-$AG6)*$AR6) -> 21.689995 | AU6: =IF($AT6="","",$AG6*(13-$AQ6)-(1-$AG6)*(13-$AR6)) -> 0.068495 | AV6: =IF($AT6="","",($AG6*13+(1-$AG6)*$AR6)/$AT6) -> 0.50157895 | AW6: =IF($Y6="","",IFERROR((SUMIFS(HLTV_Long!$B$2:$B$451,HLTV_Long!$A$2:$A$451,$A6&"|A|"&$Y6&"|lw")+SUMIFS(HLTV_Long!$B$2:$B$451,HLTV_Long!$A$2:$A$451,$A6&"|B|"&$Y6&"|wl"))/(COUNTIFS(HLTV_Long!$A$2:$A$451,$A6&"|A|"&$Y6&"|lw")+COUNTIFS(HLTV_Long!$A$2:$A$451,$A6&"|B|"&$Y6&"|wl")),IFERROR((SUMIFS(HLTV_Long!$B$2:$B$451,HLTV_Long!$A$2:$A$451,$A6&"|A|"&"ALL"&"|lw")+SUMIFS(HLTV_Long!$B$2:$B$451,HLTV_Long!$A$2:$A$451,$A6&"|B|"&"ALL"&"|wl"))/(COUNTIFS(HLTV_Long!$A$2:$A$451,$A6&"|A|"&"ALL"&"|lw")+COUNTIFS(HLTV_Long!$A$2:$A$451,$A6&"|B|"&"ALL"&"|wl")),""))) -> 8.52 | AX6: =IF($Y6="","",IFERROR((SUMIFS(HLTV_Long!$B$2:$B$451,HLTV_Long!$A$2:$A$451,$A6&"|B|"&$Y6&"|lw")+SUMIFS(HLTV_Long!$B$2:$B$451,HLTV_Long!$A$2:$A$451,$A6&"|A|"&$Y6&"|wl"))/(COUNTIFS(HLTV_Long!$A$2:$A$451,$A6&"|B|"&$Y6&"|lw")+COUNTIFS(HLTV_Long!$A$2:$A$451,$A6&"|A|"&$Y6&"|wl")),IFERROR((SUMIFS(HLTV_Long!$B$2:$B$451,HLTV_Long!$A$2:$A$451,$A6&"|B|"&"ALL"&"|lw")+SUMIFS(HLTV_Long!$B$2:$B$451,HLTV_Long!$A$2:$A$451,$A6&"|A|"&"ALL"&"|wl"))/(COUNTIFS(HLTV_Long!$A$2:$A$451,$A6&"|B|"&"ALL"&"|lw")+COUNTIFS(HLTV_Long!$A$2:$A$451,$A6&"|A|"&"ALL"&"|wl")),""))) -> 5.585 | AY6: =IF($Y6="","",COUNTIFS(HLTV_Long!$A$2:$A$451,$A6&"|A|"&$Y6&"|lw")+COUNTIFS(HLTV_Long!$A$2:$A$451,$A6&"|B|"&$Y6&"|wl")+COUNTIFS(HLTV_Long!$A$2:$A$451,$A6&"|B|"&$Y6&"|lw")+COUNTIFS(HLTV_Long!$A$2:$A$451,$A6&"|A|"&$Y6&"|wl")) -> 4 | AZ6: =IF(OR($AW6="",$AX6="",$AH6=""),"",13+$AH6*$AW6+(1-$AH6)*$AX6) -> 20.076273 | BA6: =IF($AZ6="","",$AH6*(13-$AW6)-(1-$AH6)*(13-$AX6)) -> -1.3711505 | BB6: =IF($AZ6="","",($AH6*13+(1-$AH6)*$AX6)/$AZ6) -> 0.46585147
A7: CS2 · VOCA vs PHA | B7: CS2 | C7: Fri 03:00 | D7: 1 | E7: Voca (VOCA) | F7: Phantom Esports (PHA) | G7: 0.45040214 | J7: 0 | K7: Ancient 52% | L7: Nuke 15% | M7: Mirage 8% | N7: PF Map Picks | O7: 21.5 | R7: 0.15942029 | S7: -1.3648957 | T7: 12.5 | V7: 70 | W7: Ancient | X7: Nuke | Z7: 21.5 | AA7: =Config!$B$7 -> 21.5 | AC7: 0 | AD7: VOCA | AE7: PHA | AF7: 0.4504 | AG7: 0.4504 | AH7: 0.4504 | AI7: {=IFERROR(INDEX(HLTV_Teams!$N$2:$N$33,MATCH($A7&"|A",HLTV_Teams!$A$2:$A$33,0)),"")} -> 0.54643399 | AJ7: {=IFERROR(INDEX(HLTV_Teams!$N$2:$N$33,MATCH($A7&"|B",HLTV_Teams!$A$2:$A$33,0)),"")} -> 0.48628402 | AK7: =IF($W7="","",IFERROR((SUMIFS(HLTV_Long!$B$2:$B$451,HLTV_Long!$A$2:$A$451,$A7&"|A|"&$W7&"|lw")+SUMIFS(HLTV_Long!$B$2:$B$451,HLTV_Long!$A$2:$A$451,$A7&"|B|"&$W7&"|wl"))/(COUNTIFS(HLTV_Long!$A$2:$A$451,$A7&"|A|"&$W7&"|lw")+COUNTIFS(HLTV_Long!$A$2:$A$451,$A7&"|B|"&$W7&"|wl")),IFERROR((SUMIFS(HLTV_Long!$B$2:$B$451,HLTV_Long!$A$2:$A$451,$A7&"|A|"&"ALL"&"|lw")+SUMIFS(HLTV_Long!$B$2:$B$451,HLTV_Long!$A$2:$A$451,$A7&"|B|"&"ALL"&"|wl"))/(COUNTIFS(HLTV_Long!$A$2:$A$451,$A7&"|A|"&"ALL"&"|lw")+COUNTIFS(HLTV_Long!$A$2:$A$451,$A7&"|B|"&"ALL"&"|wl")),""))) -> 7.145 | AL7: =IF($W7="","",IFERROR((SUMIFS(HLTV_Long!$B$2:$B$451,HLTV_Long!$A$2:$A$451,$A7&"|B|"&$W7&"|lw")+SUMIFS(HLTV_Long!$B$2:$B$451,HLTV_Long!$A$2:$A$451,$A7&"|A|"&$W7&"|wl"))/(COUNTIFS(HLTV_Long!$A$2:$A$451,$A7&"|B|"&$W7&"|lw")+COUNTIFS(HLTV_Long!$A$2:$A$451,$A7&"|A|"&$W7&"|wl")),IFERROR((SUMIFS(HLTV_Long!$B$2:$B$451,HLTV_Long!$A$2:$A$451,$A7&"|B|"&"ALL"&"|lw")+SUMIFS(HLTV_Long!$B$2:$B$451,HLTV_Long!$A$2:$A$451,$A7&"|A|"&"ALL"&"|wl"))/(COUNTIFS(HLTV_Long!$A$2:$A$451,$A7&"|B|"&"ALL"&"|lw")+COUNTIFS(HLTV_Long!$A$2:$A$451,$A7&"|A|"&"ALL"&"|wl")),""))) -> 8.07 | AM7: =IF($W7="","",COUNTIFS(HLTV_Long!$A$2:$A$451,$A7&"|A|"&$W7&"|lw")+COUNTIFS(HLTV_Long!$A$2:$A$451,$A7&"|B|"&$W7&"|wl")+COUNTIFS(HLTV_Long!$A$2:$A$451,$A7&"|B|"&$W7&"|lw")+COUNTIFS(HLTV_Long!$A$2:$A$451,$A7&"|A|"&$W7&"|wl")) -> 4 | AN7: =IF(OR($AK7="",$AL7="",$AF7=""),"",13+$AF7*$AK7+(1-$AF7)*$AL7) -> 20.65338 | AO7: =IF($AN7="","",$AF7*(13-$AK7)-(1-$AF7)*(13-$AL7)) -> -0.072436 | AP7: =IF($AN7="","",($AF7*13+(1-$AF7)*$AL7)/$AN7) -> 0.49824639 | AQ7: =IF($X7="","",IFERROR((SUMIFS(HLTV_Long!$B$2:$B$451,HLTV_Long!$A$2:$A$451,$A7&"|A|"&$X7&"|lw")+SUMIFS(HLTV_Long!$B$2:$B$451,HLTV_Long!$A$2:$A$451,$A7&"|B|"&$X7&"|wl"))/(COUNTIFS(HLTV_Long!$A$2:$A$451,$A7&"|A|"&$X7&"|lw")+COUNTIFS(HLTV_Long!$A$2:$A$451,$A7&"|B|"&$X7&"|wl")),IFERROR((SUMIFS(HLTV_Long!$B$2:$B$451,HLTV_Long!$A$2:$A$451,$A7&"|A|"&"ALL"&"|lw")+SUMIFS(HLTV_Long!$B$2:$B$451,HLTV_Long!$A$2:$A$451,$A7&"|B|"&"ALL"&"|wl"))/(COUNTIFS(HLTV_Long!$A$2:$A$451,$A7&"|A|"&"ALL"&"|lw")+COUNTIFS(HLTV_Long!$A$2:$A$451,$A7&"|B|"&"ALL"&"|wl")),""))) -> 8.165 | AR7: =IF($X7="","",IFERROR((SUMIFS(HLTV_Long!$B$2:$B$451,HLTV_Long!$A$2:$A$451,$A7&"|B|"&$X7&"|lw")+SUMIFS(HLTV_Long!$B$2:$B$451,HLTV_Long!$A$2:$A$451,$A7&"|A|"&$X7&"|wl"))/(COUNTIFS(HLTV_Long!$A$2:$A$451,$A7&"|B|"&$X7&"|lw")+COUNTIFS(HLTV_Long!$A$2:$A$451,$A7&"|A|"&$X7&"|wl")),IFERROR((SUMIFS(HLTV_Long!$B$2:$B$451,HLTV_Long!$A$2:$A$451,$A7&"|B|"&"ALL"&"|lw")+SUMIFS(HLTV_Long!$B$2:$B$451,HLTV_Long!$A$2:$A$451,$A7&"|A|"&"ALL"&"|wl"))/(COUNTIFS(HLTV_Long!$A$2:$A$451,$A7&"|B|"&"ALL"&"|lw")+COUNTIFS(HLTV_Long!$A$2:$A$451,$A7&"|A|"&"ALL"&"|wl")),""))) -> 9.875 | AS7: =IF($X7="","",COUNTIFS(HLTV_Long!$A$2:$A$451,$A7&"|A|"&$X7&"|lw")+COUNTIFS(HLTV_Long!$A$2:$A$451,$A7&"|B|"&$X7&"|wl")+COUNTIFS(HLTV_Long!$A$2:$A$451,$A7&"|B|"&$X7&"|lw")+COUNTIFS(HLTV_Long!$A$2:$A$451,$A7&"|A|"&$X7&"|wl")) -> 4 | AT7: =IF(OR($AQ7="",$AR7="",$AG7=""),"",13+$AG7*$AQ7+(1-$AG7)*$AR7) -> 22.104816 | AU7: =IF($AT7="","",$AG7*(13-$AQ7)-(1-$AG7)*(13-$AR7)) -> 0.460184 | AV7: =IF($AT7="","",($AG7*13+(1-$AG7)*$AR7)/$AT7) -> 0.51040913 | AW7: =IF($Y7="","",IFERROR((SUMIFS(HLTV_Long!$B$2:$B$451,HLTV_Long!$A$2:$A$451,$A7&"|A|"&$Y7&"|lw")+SUMIFS(HLTV_Long!$B$2:$B$451,HLTV_Long!$A$2:$A$451,$A7&"|B|"&$Y7&"|wl"))/(COUNTIFS(HLTV_Long!$A$2:$A$451,$A7&"|A|"&$Y7&"|lw")+COUNTIFS(HLTV_Long!$A$2:$A$451,$A7&"|B|"&$Y7&"|wl")),IFERROR((SUMIFS(HLTV_Long!$B$2:$B$451,HLTV_Long!$A$2:$A$451,$A7&"|A|"&"ALL"&"|lw")+SUMIFS(HLTV_Long!$B$2:$B$451,HLTV_Long!$A$2:$A$451,$A7&"|B|"&"ALL"&"|wl"))/(COUNTIFS(HLTV_Long!$A$2:$A$451,$A7&"|A|"&"ALL"&"|lw")+COUNTIFS(HLTV_Long!$A$2:$A$451,$A7&"|B|"&"ALL"&"|wl")),""))) | AX7: =IF($Y7="","",IFERROR((SUMIFS(HLTV_Long!$B$2:$B$451,HLTV_Long!$A$2:$A$451,$A7&"|B|"&$Y7&"|lw")+SUMIFS(HLTV_Long!$B$2:$B$451,HLTV_Long!$A$2:$A$451,$A7&"|A|"&$Y7&"|wl"))/(COUNTIFS(HLTV_Long!$A$2:$A$451,$A7&"|B|"&$Y7&"|lw")+COUNTIFS(HLTV_Long!$A$2:$A$451,$A7&"|A|"&$Y7&"|wl")),IFERROR((SUMIFS(HLTV_Long!$B$2:$B$451,HLTV_Long!$A$2:$A$451,$A7&"|B|"&"ALL"&"|lw")+SUMIFS(HLTV_Long!$B$2:$B$451,HLTV_Long!$A$2:$A$451,$A7&"|A|"&"ALL"&"|wl"))/(COUNTIFS(HLTV_Long!$A$2:$A$451,$A7&"|B|"&"ALL"&"|lw")+COUNTIFS(HLTV_Long!$A$2:$A$451,$A7&"|A|"&"ALL"&"|wl")),""))) | AY7: =IF($Y7="","",COUNTIFS(HLTV_Long!$A$2:$A$451,$A7&"|A|"&$Y7&"|lw")+COUNTIFS(HLTV_Long!$A$2:$A$451,$A7&"|B|"&$Y7&"|wl")+COUNTIFS(HLTV_Long!$A$2:$A$451,$A7&"|B|"&$Y7&"|lw")+COUNTIFS(HLTV_Long!$A$2:$A$451,$A7&"|A|"&$Y7&"|wl")) | AZ7: =IF(OR($AW7="",$AX7="",$AH7=""),"",13+$AH7*$AW7+(1-$AH7)*$AX7) | BA7: =IF($AZ7="","",$AH7*(13-$AW7)-(1-$AH7)*(13-$AX7)) | BB7: =IF($AZ7="","",($AH7*13+(1-$AH7)*$AX7)/$AZ7)
A8: CS2 · HAVU vs RGG | B8: CS2 | C8: Fri 05:00 | D8: 1 | E8: HAVU Gaming (HAVU) | F8: ROUNDS (RGG) | G8: 0.76923077 | J8: 0 | K8: Nuke 29% | L8: Mirage 24% | M8: Dust2 15% | N8: HLTV veto: played, minus first-bans (no Map Picks) | V8: 2 | W8: Nuke | X8: Mirage | Z8: =Config!$B$7 -> 21.5 | AA8: =Config!$B$7 -> 21.5 | AC8: 0 | AD8: HAVU | AE8: RGG | AF8: 0.7692 | AG8: 0.7692 | AH8: 0.7692 | AI8: {=IFERROR(INDEX(HLTV_Teams!$N$2:$N$33,MATCH($A8&"|A",HLTV_Teams!$A$2:$A$33,0)),"")} -> 0.50219958 | AJ8: {=IFERROR(INDEX(HLTV_Teams!$N$2:$N$33,MATCH($A8&"|B",HLTV_Teams!$A$2:$A$33,0)),"")} -> 0.45923015 | AK8: =IF($W8="","",IFERROR((SUMIFS(HLTV_Long!$B$2:$B$451,HLTV_Long!$A$2:$A$451,$A8&"|A|"&$W8&"|lw")+SUMIFS(HLTV_Long!$B$2:$B$451,HLTV_Long!$A$2:$A$451,$A8&"|B|"&$W8&"|wl"))/(COUNTIFS(HLTV_Long!$A$2:$A$451,$A8&"|A|"&$W8&"|lw")+COUNTIFS(HLTV_Long!$A$2:$A$451,$A8&"|B|"&$W8&"|wl")),IFERROR((SUMIFS(HLTV_Long!$B$2:$B$451,HLTV_Long!$A$2:$A$451,$A8&"|A|"&"ALL"&"|lw")+SUMIFS(HLTV_Long!$B$2:$B$451,HLTV_Long!$A$2:$A$451,$A8&"|B|"&"ALL"&"|wl"))/(COUNTIFS(HLTV_Long!$A$2:$A$451,$A8&"|A|"&"ALL"&"|lw")+COUNTIFS(HLTV_Long!$A$2:$A$451,$A8&"|B|"&"ALL"&"|wl")),""))) -> 10.875 | AL8: =IF($W8="","",IFERROR((SUMIFS(HLTV_Long!$B$2:$B$451,HLTV_Long!$A$2:$A$451,$A8&"|B|"&$W8&"|lw")+SUMIFS(HLTV_Long!$B$2:$B$451,HLTV_Long!$A$2:$A$451,$A8&"|A|"&$W8&"|wl"))/(COUNTIFS(HLTV_Long!$A$2:$A$451,$A8&"|B|"&$W8&"|lw")+COUNTIFS(HLTV_Long!$A$2:$A$451,$A8&"|A|"&$W8&"|wl")),IFERROR((SUMIFS(HLTV_Long!$B$2:$B$451,HLTV_Long!$A$2:$A$451,$A8&"|B|"&"ALL"&"|lw")+SUMIFS(HLTV_Long!$B$2:$B$451,HLTV_Long!$A$2:$A$451,$A8&"|A|"&"ALL"&"|wl"))/(COUNTIFS(HLTV_Long!$A$2:$A$451,$A8&"|B|"&"ALL"&"|lw")+COUNTIFS(HLTV_Long!$A$2:$A$451,$A8&"|A|"&"ALL"&"|wl")),""))) -> 7.33 | AM8: =IF($W8="","",COUNTIFS(HLTV_Long!$A$2:$A$451,$A8&"|A|"&$W8&"|lw")+COUNTIFS(HLTV_Long!$A$2:$A$451,$A8&"|B|"&$W8&"|wl")+COUNTIFS(HLTV_Long!$A$2:$A$451,$A8&"|B|"&$W8&"|lw")+COUNTIFS(HLTV_Long!$A$2:$A$451,$A8&"|A|"&$W8&"|wl")) -> 4 | AN8: =IF(OR($AK8="",$AL8="",$AF8=""),"",13+$AF8*$AK8+(1-$AF8)*$AL8) -> 23.056814 | AO8: =IF($AN8="","",$AF8*(13-$AK8)-(1-$AF8)*(13-$AL8)) -> 0.325914 | AP8: =IF($AN8="","",($AF8*13+(1-$AF8)*$AL8)/$AN8) -> 0.50706763 | AQ8: =IF($X8="","",IFERROR((SUMIFS(HLTV_Long!$B$2:$B$451,HLTV_Long!$A$2:$A$451,$A8&"|A|"&$X8&"|lw")+SUMIFS(HLTV_Long!$B$2:$B$451,HLTV_Long!$A$2:$A$451,$A8&"|B|"&$X8&"|wl"))/(COUNTIFS(HLTV_Long!$A$2:$A$451,$A8&"|A|"&$X8&"|lw")+COUNTIFS(HLTV_Long!$A$2:$A$451,$A8&"|B|"&$X8&"|wl")),IFERROR((SUMIFS(HLTV_Long!$B$2:$B$451,HLTV_Long!$A$2:$A$451,$A8&"|A|"&"ALL"&"|lw")+SUMIFS(HLTV_Long!$B$2:$B$451,HLTV_Long!$A$2:$A$451,$A8&"|B|"&"ALL"&"|wl"))/(COUNTIFS(HLTV_Long!$A$2:$A$451,$A8&"|A|"&"ALL"&"|lw")+COUNTIFS(HLTV_Long!$A$2:$A$451,$A8&"|B|"&"ALL"&"|wl")),""))) -> 7.045 | AR8: =IF($X8="","",IFERROR((SUMIFS(HLTV_Long!$B$2:$B$451,HLTV_Long!$A$2:$A$451,$A8&"|B|"&$X8&"|lw")+SUMIFS(HLTV_Long!$B$2:$B$451,HLTV_Long!$A$2:$A$451,$A8&"|A|"&$X8&"|wl"))/(COUNTIFS(HLTV_Long!$A$2:$A$451,$A8&"|B|"&$X8&"|lw")+COUNTIFS(HLTV_Long!$A$2:$A$451,$A8&"|A|"&$X8&"|wl")),IFERROR((SUMIFS(HLTV_Long!$B$2:$B$451,HLTV_Long!$A$2:$A$451,$A8&"|B|"&"ALL"&"|lw")+SUMIFS(HLTV_Long!$B$2:$B$451,HLTV_Long!$A$2:$A$451,$A8&"|A|"&"ALL"&"|wl"))/(COUNTIFS(HLTV_Long!$A$2:$A$451,$A8&"|B|"&"ALL"&"|lw")+COUNTIFS(HLTV_Long!$A$2:$A$451,$A8&"|A|"&"ALL"&"|wl")),""))) -> 11.5 | AS8: =IF($X8="","",COUNTIFS(HLTV_Long!$A$2:$A$451,$A8&"|A|"&$X8&"|lw")+COUNTIFS(HLTV_Long!$A$2:$A$451,$A8&"|B|"&$X8&"|wl")+COUNTIFS(HLTV_Long!$A$2:$A$451,$A8&"|B|"&$X8&"|lw")+COUNTIFS(HLTV_Long!$A$2:$A$451,$A8&"|A|"&$X8&"|wl")) -> 3 | AT8: =IF(OR($AQ8="",$AR8="",$AG8=""),"",13+$AG8*$AQ8+(1-$AG8)*$AR8) -> 21.073214 | AU8: =IF($AT8="","",$AG8*(13-$AQ8)-(1-$AG8)*(13-$AR8)) -> 4.234386 | AV8: =IF($AT8="","",($AG8*13+(1-$AG8)*$AR8)/$AT8) -> 0.60046844 | AW8: =IF($Y8="","",IFERROR((SUMIFS(HLTV_Long!$B$2:$B$451,HLTV_Long!$A$2:$A$451,$A8&"|A|"&$Y8&"|lw")+SUMIFS(HLTV_Long!$B$2:$B$451,HLTV_Long!$A$2:$A$451,$A8&"|B|"&$Y8&"|wl"))/(COUNTIFS(HLTV_Long!$A$2:$A$451,$A8&"|A|"&$Y8&"|lw")+COUNTIFS(HLTV_Long!$A$2:$A$451,$A8&"|B|"&$Y8&"|wl")),IFERROR((SUMIFS(HLTV_Long!$B$2:$B$451,HLTV_Long!$A$2:$A$451,$A8&"|A|"&"ALL"&"|lw")+SUMIFS(HLTV_Long!$B$2:$B$451,HLTV_Long!$A$2:$A$451,$A8&"|B|"&"ALL"&"|wl"))/(COUNTIFS(HLTV_Long!$A$2:$A$451,$A8&"|A|"&"ALL"&"|lw")+COUNTIFS(HLTV_Long!$A$2:$A$451,$A8&"|B|"&"ALL"&"|wl")),""))) | AX8: =IF($Y8="","",IFERROR((SUMIFS(HLTV_Long!$B$2:$B$451,HLTV_Long!$A$2:$A$451,$A8&"|B|"&$Y8&"|lw")+SUMIFS(HLTV_Long!$B$2:$B$451,HLTV_Long!$A$2:$A$451,$A8&"|A|"&$Y8&"|wl"))/(COUNTIFS(HLTV_Long!$A$2:$A$451,$A8&"|B|"&$Y8&"|lw")+COUNTIFS(HLTV_Long!$A$2:$A$451,$A8&"|A|"&$Y8&"|wl")),IFERROR((SUMIFS(HLTV_Long!$B$2:$B$451,HLTV_Long!$A$2:$A$451,$A8&"|B|"&"ALL"&"|lw")+SUMIFS(HLTV_Long!$B$2:$B$451,HLTV_Long!$A$2:$A$451,$A8&"|A|"&"ALL"&"|wl"))/(COUNTIFS(HLTV_Long!$A$2:$A$451,$A8&"|B|"&"ALL"&"|lw")+COUNTIFS(HLTV_Long!$A$2:$A$451,$A8&"|A|"&"ALL"&"|wl")),""))) | AY8: =IF($Y8="","",COUNTIFS(HLTV_Long!$A$2:$A$451,$A8&"|A|"&$Y8&"|lw")+COUNTIFS(HLTV_Long!$A$2:$A$451,$A8&"|B|"&$Y8&"|wl")+COUNTIFS(HLTV_Long!$A$2:$A$451,$A8&"|B|"&$Y8&"|lw")+COUNTIFS(HLTV_Long!$A$2:$A$451,$A8&"|A|"&$Y8&"|wl")) | AZ8: =IF(OR($AW8="",$AX8="",$AH8=""),"",13+$AH8*$AW8+(1-$AH8)*$AX8) | BA8: =IF($AZ8="","",$AH8*(13-$AW8)-(1-$AH8)*(13-$AX8)) | BB8: =IF($AZ8="","",($AH8*13+(1-$AH8)*$AX8)/$AZ8)
A9: CS2 · FNC vs HERO | B9: CS2 | C9: Fri 06:00 | D9: 3 | E9: fnatic (FNC) | F9: HEROIC (HERO) | G9: 0.38461538 | H9: 0.18095732 | I9: 0.32170191 | J9: 0.49734077 | K9: Cache 25% | L9: Inferno 23% | M9: Ancient 20% | N9: PF Map Picks | O9: 21.5 | P9: 21.312553 | Q9: 21.423154 | R9: 0.15942029 | S9: -1.2702703 | T9: 12.5 | V9: 230 | W9: Cache | X9: Inferno | Y9: Ancient | Z9: 21.5 | AA9: 21.31 | AB9: 21.42 | AC9: 0.4973 | AD9: FNC | AE9: HERO | AF9: 0.4624 | AG9: 0.3846 | AH9: 0.418 | AI9: {=IFERROR(INDEX(HLTV_Teams!$N$2:$N$33,MATCH($A9&"|A",HLTV_Teams!$A$2:$A$33,0)),"")} -> 0.54984926 | AJ9: {=IFERROR(INDEX(HLTV_Teams!$N$2:$N$33,MATCH($A9&"|B",HLTV_Teams!$A$2:$A$33,0)),"")} -> 0.56256972 | AK9: =IF($W9="","",IFERROR((SUMIFS(HLTV_Long!$B$2:$B$451,HLTV_Long!$A$2:$A$451,$A9&"|A|"&$W9&"|lw")+SUMIFS(HLTV_Long!$B$2:$B$451,HLTV_Long!$A$2:$A$451,$A9&"|B|"&$W9&"|wl"))/(COUNTIFS(HLTV_Long!$A$2:$A$451,$A9&"|A|"&$W9&"|lw")+COUNTIFS(HLTV_Long!$A$2:$A$451,$A9&"|B|"&$W9&"|wl")),IFERROR((SUMIFS(HLTV_Long!$B$2:$B$451,HLTV_Long!$A$2:$A$451,$A9&"|A|"&"ALL"&"|lw")+SUMIFS(HLTV_Long!$B$2:$B$451,HLTV_Long!$A$2:$A$451,$A9&"|B|"&"ALL"&"|wl"))/(COUNTIFS(HLTV_Long!$A$2:$A$451,$A9&"|A|"&"ALL"&"|lw")+COUNTIFS(HLTV_Long!$A$2:$A$451,$A9&"|B|"&"ALL"&"|wl")),""))) -> 7.965 | AL9: =IF($W9="","",IFERROR((SUMIFS(HLTV_Long!$B$2:$B$451,HLTV_Long!$A$2:$A$451,$A9&"|B|"&$W9&"|lw")+SUMIFS(HLTV_Long!$B$2:$B$451,HLTV_Long!$A$2:$A$451,$A9&"|A|"&$W9&"|wl"))/(COUNTIFS(HLTV_Long!$A$2:$A$451,$A9&"|B|"&$W9&"|lw")+COUNTIFS(HLTV_Long!$A$2:$A$451,$A9&"|A|"&$W9&"|wl")),IFERROR((SUMIFS(HLTV_Long!$B$2:$B$451,HLTV_Long!$A$2:$A$451,$A9&"|B|"&"ALL"&"|lw")+SUMIFS(HLTV_Long!$B$2:$B$451,HLTV_Long!$A$2:$A$451,$A9&"|A|"&"ALL"&"|wl"))/(COUNTIFS(HLTV_Long!$A$2:$A$451,$A9&"|B|"&"ALL"&"|lw")+COUNTIFS(HLTV_Long!$A$2:$A$451,$A9&"|A|"&"ALL"&"|wl")),""))) -> 7.5 | AM9: =IF($W9="","",COUNTIFS(HLTV_Long!$A$2:$A$451,$A9&"|A|"&$W9&"|lw")+COUNTIFS(HLTV_Long!$A$2:$A$451,$A9&"|B|"&$W9&"|wl")+COUNTIFS(HLTV_Long!$A$2:$A$451,$A9&"|B|"&$W9&"|lw")+COUNTIFS(HLTV_Long!$A$2:$A$451,$A9&"|A|"&$W9&"|wl")) -> 4 | AN9: =IF(OR($AK9="",$AL9="",$AF9=""),"",13+$AF9*$AK9+(1-$AF9)*$AL9) -> 20.715016 | AO9: =IF($AN9="","",$AF9*(13-$AK9)-(1-$AF9)*(13-$AL9)) -> -0.628616 | AP9: =IF($AN9="","",($AF9*13+(1-$AF9)*$AL9)/$AN9) -> 0.48482705 | AQ9: =IF($X9="","",IFERROR((SUMIFS(HLTV_Long!$B$2:$B$451,HLTV_Long!$A$2:$A$451,$A9&"|A|"&$X9&"|lw")+SUMIFS(HLTV_Long!$B$2:$B$451,HLTV_Long!$A$2:$A$451,$A9&"|B|"&$X9&"|wl"))/(COUNTIFS(HLTV_Long!$A$2:$A$451,$A9&"|A|"&$X9&"|lw")+COUNTIFS(HLTV_Long!$A$2:$A$451,$A9&"|B|"&$X9&"|wl")),IFERROR((SUMIFS(HLTV_Long!$B$2:$B$451,HLTV_Long!$A$2:$A$451,$A9&"|A|"&"ALL"&"|lw")+SUMIFS(HLTV_Long!$B$2:$B$451,HLTV_Long!$A$2:$A$451,$A9&"|B|"&"ALL"&"|wl"))/(COUNTIFS(HLTV_Long!$A$2:$A$451,$A9&"|A|"&"ALL"&"|lw")+COUNTIFS(HLTV_Long!$A$2:$A$451,$A9&"|B|"&"ALL"&"|wl")),""))) -> 7.75 | AR9: =IF($X9="","",IFERROR((SUMIFS(HLTV_Long!$B$2:$B$451,HLTV_Long!$A$2:$A$451,$A9&"|B|"&$X9&"|lw")+SUMIFS(HLTV_Long!$B$2:$B$451,HLTV_Long!$A$2:$A$451,$A9&"|A|"&$X9&"|wl"))/(COUNTIFS(HLTV_Long!$A$2:$A$451,$A9&"|B|"&$X9&"|lw")+COUNTIFS(HLTV_Long!$A$2:$A$451,$A9&"|A|"&$X9&"|wl")),IFERROR((SUMIFS(HLTV_Long!$B$2:$B$451,HLTV_Long!$A$2:$A$451,$A9&"|B|"&"ALL"&"|lw")+SUMIFS(HLTV_Long!$B$2:$B$451,HLTV_Long!$A$2:$A$451,$A9&"|A|"&"ALL"&"|wl"))/(COUNTIFS(HLTV_Long!$A$2:$A$451,$A9&"|B|"&"ALL"&"|lw")+COUNTIFS(HLTV_Long!$A$2:$A$451,$A9&"|A|"&"ALL"&"|wl")),""))) -> 7.125 | AS9: =IF($X9="","",COUNTIFS(HLTV_Long!$A$2:$A$451,$A9&"|A|"&$X9&"|lw")+COUNTIFS(HLTV_Long!$A$2:$A$451,$A9&"|B|"&$X9&"|wl")+COUNTIFS(HLTV_Long!$A$2:$A$451,$A9&"|B|"&$X9&"|lw")+COUNTIFS(HLTV_Long!$A$2:$A$451,$A9&"|A|"&$X9&"|wl")) -> 4 | AT9: =IF(OR($AQ9="",$AR9="",$AG9=""),"",13+$AG9*$AQ9+(1-$AG9)*$AR9) -> 20.365375 | AU9: =IF($AT9="","",$AG9*(13-$AQ9)-(1-$AG9)*(13-$AR9)) -> -1.596325 | AV9: =IF($AT9="","",($AG9*13+(1-$AG9)*$AR9)/$AT9) -> 0.46080787 | AW9: =IF($Y9="","",IFERROR((SUMIFS(HLTV_Long!$B$2:$B$451,HLTV_Long!$A$2:$A$451,$A9&"|A|"&$Y9&"|lw")+SUMIFS(HLTV_Long!$B$2:$B$451,HLTV_Long!$A$2:$A$451,$A9&"|B|"&$Y9&"|wl"))/(COUNTIFS(HLTV_Long!$A$2:$A$451,$A9&"|A|"&$Y9&"|lw")+COUNTIFS(HLTV_Long!$A$2:$A$451,$A9&"|B|"&$Y9&"|wl")),IFERROR((SUMIFS(HLTV_Long!$B$2:$B$451,HLTV_Long!$A$2:$A$451,$A9&"|A|"&"ALL"&"|lw")+SUMIFS(HLTV_Long!$B$2:$B$451,HLTV_Long!$A$2:$A$451,$A9&"|B|"&"ALL"&"|wl"))/(COUNTIFS(HLTV_Long!$A$2:$A$451,$A9&"|A|"&"ALL"&"|lw")+COUNTIFS(HLTV_Long!$A$2:$A$451,$A9&"|B|"&"ALL"&"|wl")),""))) -> 7.965 | AX9: =IF($Y9="","",IFERROR((SUMIFS(HLTV_Long!$B$2:$B$451,HLTV_Long!$A$2:$A$451,$A9&"|B|"&$Y9&"|lw")+SUMIFS(HLTV_Long!$B$2:$B$451,HLTV_Long!$A$2:$A$451,$A9&"|A|"&$Y9&"|wl"))/(COUNTIFS(HLTV_Long!$A$2:$A$451,$A9&"|B|"&$Y9&"|lw")+COUNTIFS(HLTV_Long!$A$2:$A$451,$A9&"|A|"&$Y9&"|wl")),IFERROR((SUMIFS(HLTV_Long!$B$2:$B$451,HLTV_Long!$A$2:$A$451,$A9&"|B|"&"ALL"&"|lw")+SUMIFS(HLTV_Long!$B$2:$B$451,HLTV_Long!$A$2:$A$451,$A9&"|A|"&"ALL"&"|wl"))/(COUNTIFS(HLTV_Long!$A$2:$A$451,$A9&"|B|"&"ALL"&"|lw")+COUNTIFS(HLTV_Long!$A$2:$A$451,$A9&"|A|"&"ALL"&"|wl")),""))) -> 6.75 | AY9: =IF($Y9="","",COUNTIFS(HLTV_Long!$A$2:$A$451,$A9&"|A|"&$Y9&"|lw")+COUNTIFS(HLTV_Long!$A$2:$A$451,$A9&"|B|"&$Y9&"|wl")+COUNTIFS(HLTV_Long!$A$2:$A$451,$A9&"|B|"&$Y9&"|lw")+COUNTIFS(HLTV_Long!$A$2:$A$451,$A9&"|A|"&$Y9&"|wl")) -> 4 | AZ9: =IF(OR($AW9="",$AX9="",$AH9=""),"",13+$AH9*$AW9+(1-$AH9)*$AX9) -> 20.25787 | BA9: =IF($AZ9="","",$AH9*(13-$AW9)-(1-$AH9)*(13-$AX9)) -> -1.53287 | BB9: =IF($AZ9="","",($AH9*13+(1-$AH9)*$AX9)/$AZ9) -> 0.46216606
A10: CS2 · NEM vs NTR | B10: CS2 | C10: Fri 06:00 | D10: 3 | E10: Nemesis (NEM) | F10: Nuclear TigeRES (NTR) | G10: 0.58201058 | H10: 0.3052101 | I10: 0.19422461 | J10: 0.50056529 | K10: Inferno 31% | L10: Ancient 27% | M10: Dust2 21% | N10: PF Map Picks | O10: 21.5 | P10: 21.378165 | Q10: 21.5 | R10: 0.15942029 | S10: 0.70611867 | V10: 227 | W10: Inferno | X10: Ancient | Y10: Dust2 | Z10: 21.5 | AA10: 21.38 | AB10: 21.5 | AC10: 0.5006 | AD10: NEM | AE10: NTR | AF10: 0.5189 | AG10: 0.5974 | AH10: 0.56 | AI10: {=IFERROR(INDEX(HLTV_Teams!$N$2:$N$33,MATCH($A10&"|A",HLTV_Teams!$A$2:$A$33,0)),"")} -> 0.52212702 | AJ10: {=IFERROR(INDEX(HLTV_Teams!$N$2:$N$33,MATCH($A10&"|B",HLTV_Teams!$A$2:$A$33,0)),"")} -> 0.51811275 | AK10: =IF($W10="","",IFERROR((SUMIFS(HLTV_Long!$B$2:$B$451,HLTV_Long!$A$2:$A$451,$A10&"|A|"&$W10&"|lw")+SUMIFS(HLTV_Long!$B$2:$B$451,HLTV_Long!$A$2:$A$451,$A10&"|B|"&$W10&"|wl"))/(COUNTIFS(HLTV_Long!$A$2:$A$451,$A10&"|A|"&$W10&"|lw")+COUNTIFS(HLTV_Long!$A$2:$A$451,$A10&"|B|"&$W10&"|wl")),IFERROR((SUMIFS(HLTV_Long!$B$2:$B$451,HLTV_Long!$A$2:$A$451,$A10&"|A|"&"ALL"&"|lw")+SUMIFS(HLTV_Long!$B$2:$B$451,HLTV_Long!$A$2:$A$451,$A10&"|B|"&"ALL"&"|wl"))/(COUNTIFS(HLTV_Long!$A$2:$A$451,$A10&"|A|"&"ALL"&"|lw")+COUNTIFS(HLTV_Long!$A$2:$A$451,$A10&"|B|"&"ALL"&"|wl")),""))) -> 8 | AL10: =IF($W10="","",IFERROR((SUMIFS(HLTV_Long!$B$2:$B$451,HLTV_Long!$A$2:$A$451,$A10&"|B|"&$W10&"|lw")+SUMIFS(HLTV_Long!$B$2:$B$451,HLTV_Long!$A$2:$A$451,$A10&"|A|"&$W10&"|wl"))/(COUNTIFS(HLTV_Long!$A$2:$A$451,$A10&"|B|"&$W10&"|lw")+COUNTIFS(HLTV_Long!$A$2:$A$451,$A10&"|A|"&$W10&"|wl")),IFERROR((SUMIFS(HLTV_Long!$B$2:$B$451,HLTV_Long!$A$2:$A$451,$A10&"|B|"&"ALL"&"|lw")+SUMIFS(HLTV_Long!$B$2:$B$451,HLTV_Long!$A$2:$A$451,$A10&"|A|"&"ALL"&"|wl"))/(COUNTIFS(HLTV_Long!$A$2:$A$451,$A10&"|B|"&"ALL"&"|lw")+COUNTIFS(HLTV_Long!$A$2:$A$451,$A10&"|A|"&"ALL"&"|wl")),""))) -> 8.18 | AM10: =IF($W10="","",COUNTIFS(HLTV_Long!$A$2:$A$451,$A10&"|A|"&$W10&"|lw")+COUNTIFS(HLTV_Long!$A$2:$A$451,$A10&"|B|"&$W10&"|wl")+COUNTIFS(HLTV_Long!$A$2:$A$451,$A10&"|B|"&$W10&"|lw")+COUNTIFS(HLTV_Long!$A$2:$A$451,$A10&"|A|"&$W10&"|wl")) -> 4 | AN10: =IF(OR($AK10="",$AL10="",$AF10=""),"",13+$AF10*$AK10+(1-$AF10)*$AL10) -> 21.086598 | AO10: =IF($AN10="","",$AF10*(13-$AK10)-(1-$AF10)*(13-$AL10)) -> 0.275598 | AP10: =IF($AN10="","",($AF10*13+(1-$AF10)*$AL10)/$AN10) -> 0.50653491 | AQ10: =IF($X10="","",IFERROR((SUMIFS(HLTV_Long!$B$2:$B$451,HLTV_Long!$A$2:$A$451,$A10&"|A|"&$X10&"|lw")+SUMIFS(HLTV_Long!$B$2:$B$451,HLTV_Long!$A$2:$A$451,$A10&"|B|"&$X10&"|wl"))/(COUNTIFS(HLTV_Long!$A$2:$A$451,$A10&"|A|"&$X10&"|lw")+COUNTIFS(HLTV_Long!$A$2:$A$451,$A10&"|B|"&$X10&"|wl")),IFERROR((SUMIFS(HLTV_Long!$B$2:$B$451,HLTV_Long!$A$2:$A$451,$A10&"|A|"&"ALL"&"|lw")+SUMIFS(HLTV_Long!$B$2:$B$451,HLTV_Long!$A$2:$A$451,$A10&"|B|"&"ALL"&"|wl"))/(COUNTIFS(HLTV_Long!$A$2:$A$451,$A10&"|A|"&"ALL"&"|lw")+COUNTIFS(HLTV_Long!$A$2:$A$451,$A10&"|B|"&"ALL"&"|wl")),""))) -> 8.43 | AR10: =IF($X10="","",IFERROR((SUMIFS(HLTV_Long!$B$2:$B$451,HLTV_Long!$A$2:$A$451,$A10&"|B|"&$X10&"|lw")+SUMIFS(HLTV_Long!$B$2:$B$451,HLTV_Long!$A$2:$A$451,$A10&"|A|"&$X10&"|wl"))/(COUNTIFS(HLTV_Long!$A$2:$A$451,$A10&"|B|"&$X10&"|lw")+COUNTIFS(HLTV_Long!$A$2:$A$451,$A10&"|A|"&$X10&"|wl")),IFERROR((SUMIFS(HLTV_Long!$B$2:$B$451,HLTV_Long!$A$2:$A$451,$A10&"|B|"&"ALL"&"|lw")+SUMIFS(HLTV_Long!$B$2:$B$451,HLTV_Long!$A$2:$A$451,$A10&"|A|"&"ALL"&"|wl"))/(COUNTIFS(HLTV_Long!$A$2:$A$451,$A10&"|B|"&"ALL"&"|lw")+COUNTIFS(HLTV_Long!$A$2:$A$451,$A10&"|A|"&"ALL"&"|wl")),""))) -> 8.175 | AS10: =IF($X10="","",COUNTIFS(HLTV_Long!$A$2:$A$451,$A10&"|A|"&$X10&"|lw")+COUNTIFS(HLTV_Long!$A$2:$A$451,$A10&"|B|"&$X10&"|wl")+COUNTIFS(HLTV_Long!$A$2:$A$451,$A10&"|B|"&$X10&"|lw")+COUNTIFS(HLTV_Long!$A$2:$A$451,$A10&"|A|"&$X10&"|wl")) -> 4 | AT10: =IF(OR($AQ10="",$AR10="",$AG10=""),"",13+$AG10*$AQ10+(1-$AG10)*$AR10) -> 21.327337 | AU10: =IF($AT10="","",$AG10*(13-$AQ10)-(1-$AG10)*(13-$AR10)) -> 0.787573 | AV10: =IF($AT10="","",($AG10*13+(1-$AG10)*$AR10)/$AT10) -> 0.51846393 | AW10: =IF($Y10="","",IFERROR((SUMIFS(HLTV_Long!$B$2:$B$451,HLTV_Long!$A$2:$A$451,$A10&"|A|"&$Y10&"|lw")+SUMIFS(HLTV_Long!$B$2:$B$451,HLTV_Long!$A$2:$A$451,$A10&"|B|"&$Y10&"|wl"))/(COUNTIFS(HLTV_Long!$A$2:$A$451,$A10&"|A|"&$Y10&"|lw")+COUNTIFS(HLTV_Long!$A$2:$A$451,$A10&"|B|"&$Y10&"|wl")),IFERROR((SUMIFS(HLTV_Long!$B$2:$B$451,HLTV_Long!$A$2:$A$451,$A10&"|A|"&"ALL"&"|lw")+SUMIFS(HLTV_Long!$B$2:$B$451,HLTV_Long!$A$2:$A$451,$A10&"|B|"&"ALL"&"|wl"))/(COUNTIFS(HLTV_Long!$A$2:$A$451,$A10&"|A|"&"ALL"&"|lw")+COUNTIFS(HLTV_Long!$A$2:$A$451,$A10&"|B|"&"ALL"&"|wl")),""))) -> 8.165 | AX10: =IF($Y10="","",IFERROR((SUMIFS(HLTV_Long!$B$2:$B$451,HLTV_Long!$A$2:$A$451,$A10&"|B|"&$Y10&"|lw")+SUMIFS(HLTV_Long!$B$2:$B$451,HLTV_Long!$A$2:$A$451,$A10&"|A|"&$Y10&"|wl"))/(COUNTIFS(HLTV_Long!$A$2:$A$451,$A10&"|B|"&$Y10&"|lw")+COUNTIFS(HLTV_Long!$A$2:$A$451,$A10&"|A|"&$Y10&"|wl")),IFERROR((SUMIFS(HLTV_Long!$B$2:$B$451,HLTV_Long!$A$2:$A$451,$A10&"|B|"&"ALL"&"|lw")+SUMIFS(HLTV_Long!$B$2:$B$451,HLTV_Long!$A$2:$A$451,$A10&"|A|"&"ALL"&"|wl"))/(COUNTIFS(HLTV_Long!$A$2:$A$451,$A10&"|B|"&"ALL"&"|lw")+COUNTIFS(HLTV_Long!$A$2:$A$451,$A10&"|A|"&"ALL"&"|wl")),""))) -> 9.29 | AY10: =IF($Y10="","",COUNTIFS(HLTV_Long!$A$2:$A$451,$A10&"|A|"&$Y10&"|lw")+COUNTIFS(HLTV_Long!$A$2:$A$451,$A10&"|B|"&$Y10&"|wl")+COUNTIFS(HLTV_Long!$A$2:$A$451,$A10&"|B|"&$Y10&"|lw")+COUNTIFS(HLTV_Long!$A$2:$A$451,$A10&"|A|"&$Y10&"|wl")) -> 4 | AZ10: =IF(OR($AW10="",$AX10="",$AH10=""),"",13+$AH10*$AW10+(1-$AH10)*$AX10) -> 21.66 | BA10: =IF($AZ10="","",$AH10*(13-$AW10)-(1-$AH10)*(13-$AX10)) -> 1.0752 | BB10: =IF($AZ10="","",($AH10*13+(1-$AH10)*$AX10)/$AZ10) -> 0.52481994
A11: CS2 · VOCA vs HAVU | B11: CS2 | C11: Fri 07:00 | D11: 1 | E11: Voca (VOCA) | F11: HAVU Gaming (HAVU) | G11: 0.61538462 | J11: 0 | K11: Nuke 25% | L11: Dust2 22% | M11: Ancient 22% | N11: HLTV veto: played, minus first-bans (no Map Picks) | O11: 21.358533 | R11: 0.14634146 | S11: 2.739726 | U11: 10.714122 | V11: 67 | W11: Nuke | X11: Dust2 | Z11: 21.36 | AA11: =Config!$B$7 -> 21.5 | AC11: 0 | AD11: VOCA | AE11: HAVU | AF11: 0.6154 | AG11: 0.6154 | AH11: 0.6154 | AI11: {=IFERROR(INDEX(HLTV_Teams!$N$2:$N$33,MATCH($A11&"|A",HLTV_Teams!$A$2:$A$33,0)),"")} -> 0.54643399 | AJ11: {=IFERROR(INDEX(HLTV_Teams!$N$2:$N$33,MATCH($A11&"|B",HLTV_Teams!$A$2:$A$33,0)),"")} -> 0.50219958 | AK11: =IF($W11="","",IFERROR((SUMIFS(HLTV_Long!$B$2:$B$451,HLTV_Long!$A$2:$A$451,$A11&"|A|"&$W11&"|lw")+SUMIFS(HLTV_Long!$B$2:$B$451,HLTV_Long!$A$2:$A$451,$A11&"|B|"&$W11&"|wl"))/(COUNTIFS(HLTV_Long!$A$2:$A$451,$A11&"|A|"&$W11&"|lw")+COUNTIFS(HLTV_Long!$A$2:$A$451,$A11&"|B|"&$W11&"|wl")),IFERROR((SUMIFS(HLTV_Long!$B$2:$B$451,HLTV_Long!$A$2:$A$451,$A11&"|A|"&"ALL"&"|lw")+SUMIFS(HLTV_Long!$B$2:$B$451,HLTV_Long!$A$2:$A$451,$A11&"|B|"&"ALL"&"|wl"))/(COUNTIFS(HLTV_Long!$A$2:$A$451,$A11&"|A|"&"ALL"&"|lw")+COUNTIFS(HLTV_Long!$A$2:$A$451,$A11&"|B|"&"ALL"&"|wl")),""))) -> 8.665 | AL11: =IF($W11="","",IFERROR((SUMIFS(HLTV_Long!$B$2:$B$451,HLTV_Long!$A$2:$A$451,$A11&"|B|"&$W11&"|lw")+SUMIFS(HLTV_Long!$B$2:$B$451,HLTV_Long!$A$2:$A$451,$A11&"|A|"&$W11&"|wl"))/(COUNTIFS(HLTV_Long!$A$2:$A$451,$A11&"|B|"&$W11&"|lw")+COUNTIFS(HLTV_Long!$A$2:$A$451,$A11&"|A|"&$W11&"|wl")),IFERROR((SUMIFS(HLTV_Long!$B$2:$B$451,HLTV_Long!$A$2:$A$451,$A11&"|B|"&"ALL"&"|lw")+SUMIFS(HLTV_Long!$B$2:$B$451,HLTV_Long!$A$2:$A$451,$A11&"|A|"&"ALL"&"|wl"))/(COUNTIFS(HLTV_Long!$A$2:$A$451,$A11&"|B|"&"ALL"&"|lw")+COUNTIFS(HLTV_Long!$A$2:$A$451,$A11&"|A|"&"ALL"&"|wl")),""))) -> 10.125 | AM11: =IF($W11="","",COUNTIFS(HLTV_Long!$A$2:$A$451,$A11&"|A|"&$W11&"|lw")+COUNTIFS(HLTV_Long!$A$2:$A$451,$A11&"|B|"&$W11&"|wl")+COUNTIFS(HLTV_Long!$A$2:$A$451,$A11&"|B|"&$W11&"|lw")+COUNTIFS(HLTV_Long!$A$2:$A$451,$A11&"|A|"&$W11&"|wl")) -> 4 | AN11: =IF(OR($AK11="",$AL11="",$AF11=""),"",13+$AF11*$AK11+(1-$AF11)*$AL11) -> 22.226516 | AO11: =IF($AN11="","",$AF11*(13-$AK11)-(1-$AF11)*(13-$AL11)) -> 1.562034 | AP11: =IF($AN11="","",($AF11*13+(1-$AF11)*$AL11)/$AN11) -> 0.53513898 | AQ11: =IF($X11="","",IFERROR((SUMIFS(HLTV_Long!$B$2:$B$451,HLTV_Long!$A$2:$A$451,$A11&"|A|"&$X11&"|lw")+SUMIFS(HLTV_Long!$B$2:$B$451,HLTV_Long!$A$2:$A$451,$A11&"|B|"&$X11&"|wl"))/(COUNTIFS(HLTV_Long!$A$2:$A$451,$A11&"|A|"&$X11&"|lw")+COUNTIFS(HLTV_Long!$A$2:$A$451,$A11&"|B|"&$X11&"|wl")),IFERROR((SUMIFS(HLTV_Long!$B$2:$B$451,HLTV_Long!$A$2:$A$451,$A11&"|A|"&"ALL"&"|lw")+SUMIFS(HLTV_Long!$B$2:$B$451,HLTV_Long!$A$2:$A$451,$A11&"|B|"&"ALL"&"|wl"))/(COUNTIFS(HLTV_Long!$A$2:$A$451,$A11&"|A|"&"ALL"&"|lw")+COUNTIFS(HLTV_Long!$A$2:$A$451,$A11&"|B|"&"ALL"&"|wl")),""))) -> 7 | AR11: =IF($X11="","",IFERROR((SUMIFS(HLTV_Long!$B$2:$B$451,HLTV_Long!$A$2:$A$451,$A11&"|B|"&$X11&"|lw")+SUMIFS(HLTV_Long!$B$2:$B$451,HLTV_Long!$A$2:$A$451,$A11&"|A|"&$X11&"|wl"))/(COUNTIFS(HLTV_Long!$A$2:$A$451,$A11&"|B|"&$X11&"|lw")+COUNTIFS(HLTV_Long!$A$2:$A$451,$A11&"|A|"&$X11&"|wl")),IFERROR((SUMIFS(HLTV_Long!$B$2:$B$451,HLTV_Long!$A$2:$A$451,$A11&"|B|"&"ALL"&"|lw")+SUMIFS(HLTV_Long!$B$2:$B$451,HLTV_Long!$A$2:$A$451,$A11&"|A|"&"ALL"&"|wl"))/(COUNTIFS(HLTV_Long!$A$2:$A$451,$A11&"|B|"&"ALL"&"|lw")+COUNTIFS(HLTV_Long!$A$2:$A$451,$A11&"|A|"&"ALL"&"|wl")),""))) -> 6 | AS11: =IF($X11="","",COUNTIFS(HLTV_Long!$A$2:$A$451,$A11&"|A|"&$X11&"|lw")+COUNTIFS(HLTV_Long!$A$2:$A$451,$A11&"|B|"&$X11&"|wl")+COUNTIFS(HLTV_Long!$A$2:$A$451,$A11&"|B|"&$X11&"|lw")+COUNTIFS(HLTV_Long!$A$2:$A$451,$A11&"|A|"&$X11&"|wl")) -> 4 | AT11: =IF(OR($AQ11="",$AR11="",$AG11=""),"",13+$AG11*$AQ11+(1-$AG11)*$AR11) -> 19.6154 | AU11: =IF($AT11="","",$AG11*(13-$AQ11)-(1-$AG11)*(13-$AR11)) -> 1.0002 | AV11: =IF($AT11="","",($AG11*13+(1-$AG11)*$AR11)/$AT11) -> 0.52549527 | AW11: =IF($Y11="","",IFERROR((SUMIFS(HLTV_Long!$B$2:$B$451,HLTV_Long!$A$2:$A$451,$A11&"|A|"&$Y11&"|lw")+SUMIFS(HLTV_Long!$B$2:$B$451,HLTV_Long!$A$2:$A$451,$A11&"|B|"&$Y11&"|wl"))/(COUNTIFS(HLTV_Long!$A$2:$A$451,$A11&"|A|"&$Y11&"|lw")+COUNTIFS(HLTV_Long!$A$2:$A$451,$A11&"|B|"&$Y11&"|wl")),IFERROR((SUMIFS(HLTV_Long!$B$2:$B$451,HLTV_Long!$A$2:$A$451,$A11&"|A|"&"ALL"&"|lw")+SUMIFS(HLTV_Long!$B$2:$B$451,HLTV_Long!$A$2:$A$451,$A11&"|B|"&"ALL"&"|wl"))/(COUNTIFS(HLTV_Long!$A$2:$A$451,$A11&"|A|"&"ALL"&"|lw")+COUNTIFS(HLTV_Long!$A$2:$A$451,$A11&"|B|"&"ALL"&"|wl")),""))) | AX11: =IF($Y11="","",IFERROR((SUMIFS(HLTV_Long!$B$2:$B$451,HLTV_Long!$A$2:$A$451,$A11&"|B|"&$Y11&"|lw")+SUMIFS(HLTV_Long!$B$2:$B$451,HLTV_Long!$A$2:$A$451,$A11&"|A|"&$Y11&"|wl"))/(COUNTIFS(HLTV_Long!$A$2:$A$451,$A11&"|B|"&$Y11&"|lw")+COUNTIFS(HLTV_Long!$A$2:$A$451,$A11&"|A|"&$Y11&"|wl")),IFERROR((SUMIFS(HLTV_Long!$B$2:$B$451,HLTV_Long!$A$2:$A$451,$A11&"|B|"&"ALL"&"|lw")+SUMIFS(HLTV_Long!$B$2:$B$451,HLTV_Long!$A$2:$A$451,$A11&"|A|"&"ALL"&"|wl"))/(COUNTIFS(HLTV_Long!$A$2:$A$451,$A11&"|B|"&"ALL"&"|lw")+COUNTIFS(HLTV_Long!$A$2:$A$451,$A11&"|A|"&"ALL"&"|wl")),""))) | AY11: =IF($Y11="","",COUNTIFS(HLTV_Long!$A$2:$A$451,$A11&"|A|"&$Y11&"|lw")+COUNTIFS(HLTV_Long!$A$2:$A$451,$A11&"|B|"&$Y11&"|wl")+COUNTIFS(HLTV_Long!$A$2:$A$451,$A11&"|B|"&$Y11&"|lw")+COUNTIFS(HLTV_Long!$A$2:$A$451,$A11&"|A|"&$Y11&"|wl")) | AZ11: =IF(OR($AW11="",$AX11="",$AH11=""),"",13+$AH11*$AW11+(1-$AH11)*$AX11) | BA11: =IF($AZ11="","",$AH11*(13-$AW11)-(1-$AH11)*(13-$AX11)) | BB11: =IF($AZ11="","",($AH11*13+(1-$AH11)*$AX11)/$AZ11)
A12: CS2 · AUR vs 9z | B12: CS2 | C12: Fri 09:00 | D12: 3 | E12: Aurora (AUR) | F12: 9z Team (9z) | G12: 0.65853659 | H12: 0.3538732 | I12: 0.16024447 | J12: 0.48588233 | K12: Nuke 54% | L12: Mirage 16% | M12: Dust2 13% | N12: PF Map Picks | O12: 21.312553 | P12: 21.423154 | Q12: 21.378165 | R12: 0.14634146 | S12: 3.0685724 | U12: 10.380952 | V12: 358 | W12: Nuke | X12: Mirage | Y12: Dust2 | Z12: 21.31 | AA12: 21.42 | AB12: 21.38 | AC12: 0.4859 | AD12: AUR | AE12: 9z | AF12: 0.6281 | AG12: 0.56 | AH12: 0.6072 | AI12: {=IFERROR(INDEX(HLTV_Teams!$N$2:$N$33,MATCH($A12&"|A",HLTV_Teams!$A$2:$A$33,0)),"")} -> 0.54726749 | AJ12: {=IFERROR(INDEX(HLTV_Teams!$N$2:$N$33,MATCH($A12&"|B",HLTV_Teams!$A$2:$A$33,0)),"")} -> 0.46070878 | AK12: =IF($W12="","",IFERROR((SUMIFS(HLTV_Long!$B$2:$B$451,HLTV_Long!$A$2:$A$451,$A12&"|A|"&$W12&"|lw")+SUMIFS(HLTV_Long!$B$2:$B$451,HLTV_Long!$A$2:$A$451,$A12&"|B|"&$W12&"|wl"))/(COUNTIFS(HLTV_Long!$A$2:$A$451,$A12&"|A|"&$W12&"|lw")+COUNTIFS(HLTV_Long!$A$2:$A$451,$A12&"|B|"&$W12&"|wl")),IFERROR((SUMIFS(HLTV_Long!$B$2:$B$451,HLTV_Long!$A$2:$A$451,$A12&"|A|"&"ALL"&"|lw")+SUMIFS(HLTV_Long!$B$2:$B$451,HLTV_Long!$A$2:$A$451,$A12&"|B|"&"ALL"&"|wl"))/(COUNTIFS(HLTV_Long!$A$2:$A$451,$A12&"|A|"&"ALL"&"|lw")+COUNTIFS(HLTV_Long!$A$2:$A$451,$A12&"|B|"&"ALL"&"|wl")),""))) -> 7.075 | AL12: =IF($W12="","",IFERROR((SUMIFS(HLTV_Long!$B$2:$B$451,HLTV_Long!$A$2:$A$451,$A12&"|B|"&$W12&"|lw")+SUMIFS(HLTV_Long!$B$2:$B$451,HLTV_Long!$A$2:$A$451,$A12&"|A|"&$W12&"|wl"))/(COUNTIFS(HLTV_Long!$A$2:$A$451,$A12&"|B|"&$W12&"|lw")+COUNTIFS(HLTV_Long!$A$2:$A$451,$A12&"|A|"&$W12&"|wl")),IFERROR((SUMIFS(HLTV_Long!$B$2:$B$451,HLTV_Long!$A$2:$A$451,$A12&"|B|"&"ALL"&"|lw")+SUMIFS(HLTV_Long!$B$2:$B$451,HLTV_Long!$A$2:$A$451,$A12&"|A|"&"ALL"&"|wl"))/(COUNTIFS(HLTV_Long!$A$2:$A$451,$A12&"|B|"&"ALL"&"|lw")+COUNTIFS(HLTV_Long!$A$2:$A$451,$A12&"|A|"&"ALL"&"|wl")),""))) -> 4.5 | AM12: =IF($W12="","",COUNTIFS(HLTV_Long!$A$2:$A$451,$A12&"|A|"&$W12&"|lw")+COUNTIFS(HLTV_Long!$A$2:$A$451,$A12&"|B|"&$W12&"|wl")+COUNTIFS(HLTV_Long!$A$2:$A$451,$A12&"|B|"&$W12&"|lw")+COUNTIFS(HLTV_Long!$A$2:$A$451,$A12&"|A|"&$W12&"|wl")) -> 4 | AN12: =IF(OR($AK12="",$AL12="",$AF12=""),"",13+$AF12*$AK12+(1-$AF12)*$AL12) -> 19.117358 | AO12: =IF($AN12="","",$AF12*(13-$AK12)-(1-$AF12)*(13-$AL12)) -> 0.5603425 | AP12: =IF($AN12="","",($AF12*13+(1-$AF12)*$AL12)/$AN12) -> 0.51465533 | AQ12: =IF($X12="","",IFERROR((SUMIFS(HLTV_Long!$B$2:$B$451,HLTV_Long!$A$2:$A$451,$A12&"|A|"&$X12&"|lw")+SUMIFS(HLTV_Long!$B$2:$B$451,HLTV_Long!$A$2:$A$451,$A12&"|B|"&$X12&"|wl"))/(COUNTIFS(HLTV_Long!$A$2:$A$451,$A12&"|A|"&$X12&"|lw")+COUNTIFS(HLTV_Long!$A$2:$A$451,$A12&"|B|"&$X12&"|wl")),IFERROR((SUMIFS(HLTV_Long!$B$2:$B$451,HLTV_Long!$A$2:$A$451,$A12&"|A|"&"ALL"&"|lw")+SUMIFS(HLTV_Long!$B$2:$B$451,HLTV_Long!$A$2:$A$451,$A12&"|B|"&"ALL"&"|wl"))/(COUNTIFS(HLTV_Long!$A$2:$A$451,$A12&"|A|"&"ALL"&"|lw")+COUNTIFS(HLTV_Long!$A$2:$A$451,$A12&"|B|"&"ALL"&"|wl")),""))) -> 8.75 | AR12: =IF($X12="","",IFERROR((SUMIFS(HLTV_Long!$B$2:$B$451,HLTV_Long!$A$2:$A$451,$A12&"|B|"&$X12&"|lw")+SUMIFS(HLTV_Long!$B$2:$B$451,HLTV_Long!$A$2:$A$451,$A12&"|A|"&$X12&"|wl"))/(COUNTIFS(HLTV_Long!$A$2:$A$451,$A12&"|B|"&$X12&"|lw")+COUNTIFS(HLTV_Long!$A$2:$A$451,$A12&"|A|"&$X12&"|wl")),IFERROR((SUMIFS(HLTV_Long!$B$2:$B$451,HLTV_Long!$A$2:$A$451,$A12&"|B|"&"ALL"&"|lw")+SUMIFS(HLTV_Long!$B$2:$B$451,HLTV_Long!$A$2:$A$451,$A12&"|A|"&"ALL"&"|wl"))/(COUNTIFS(HLTV_Long!$A$2:$A$451,$A12&"|B|"&"ALL"&"|lw")+COUNTIFS(HLTV_Long!$A$2:$A$451,$A12&"|A|"&"ALL"&"|wl")),""))) -> 7.3 | AS12: =IF($X12="","",COUNTIFS(HLTV_Long!$A$2:$A$451,$A12&"|A|"&$X12&"|lw")+COUNTIFS(HLTV_Long!$A$2:$A$451,$A12&"|B|"&$X12&"|wl")+COUNTIFS(HLTV_Long!$A$2:$A$451,$A12&"|B|"&$X12&"|lw")+COUNTIFS(HLTV_Long!$A$2:$A$451,$A12&"|A|"&$X12&"|wl")) -> 4 | AT12: =IF(OR($AQ12="",$AR12="",$AG12=""),"",13+$AG12*$AQ12+(1-$AG12)*$AR12) -> 21.112 | AU12: =IF($AT12="","",$AG12*(13-$AQ12)-(1-$AG12)*(13-$AR12)) -> -0.128 | AV12: =IF($AT12="","",($AG12*13+(1-$AG12)*$AR12)/$AT12) -> 0.49696855 | AW12: =IF($Y12="","",IFERROR((SUMIFS(HLTV_Long!$B$2:$B$451,HLTV_Long!$A$2:$A$451,$A12&"|A|"&$Y12&"|lw")+SUMIFS(HLTV_Long!$B$2:$B$451,HLTV_Long!$A$2:$A$451,$A12&"|B|"&$Y12&"|wl"))/(COUNTIFS(HLTV_Long!$A$2:$A$451,$A12&"|A|"&$Y12&"|lw")+COUNTIFS(HLTV_Long!$A$2:$A$451,$A12&"|B|"&$Y12&"|wl")),IFERROR((SUMIFS(HLTV_Long!$B$2:$B$451,HLTV_Long!$A$2:$A$451,$A12&"|A|"&"ALL"&"|lw")+SUMIFS(HLTV_Long!$B$2:$B$451,HLTV_Long!$A$2:$A$451,$A12&"|B|"&"ALL"&"|wl"))/(COUNTIFS(HLTV_Long!$A$2:$A$451,$A12&"|A|"&"ALL"&"|lw")+COUNTIFS(HLTV_Long!$A$2:$A$451,$A12&"|B|"&"ALL"&"|wl")),""))) -> 5.6 | AX12: =IF($Y12="","",IFERROR((SUMIFS(HLTV_Long!$B$2:$B$451,HLTV_Long!$A$2:$A$451,$A12&"|B|"&$Y12&"|lw")+SUMIFS(HLTV_Long!$B$2:$B$451,HLTV_Long!$A$2:$A$451,$A12&"|A|"&$Y12&"|wl"))/(COUNTIFS(HLTV_Long!$A$2:$A$451,$A12&"|B|"&$Y12&"|lw")+COUNTIFS(HLTV_Long!$A$2:$A$451,$A12&"|A|"&$Y12&"|wl")),IFERROR((SUMIFS(HLTV_Long!$B$2:$B$451,HLTV_Long!$A$2:$A$451,$A12&"|B|"&"ALL"&"|lw")+SUMIFS(HLTV_Long!$B$2:$B$451,HLTV_Long!$A$2:$A$451,$A12&"|A|"&"ALL"&"|wl"))/(COUNTIFS(HLTV_Long!$A$2:$A$451,$A12&"|B|"&"ALL"&"|lw")+COUNTIFS(HLTV_Long!$A$2:$A$451,$A12&"|A|"&"ALL"&"|wl")),""))) -> 9.335 | AY12: =IF($Y12="","",COUNTIFS(HLTV_Long!$A$2:$A$451,$A12&"|A|"&$Y12&"|lw")+COUNTIFS(HLTV_Long!$A$2:$A$451,$A12&"|B|"&$Y12&"|wl")+COUNTIFS(HLTV_Long!$A$2:$A$451,$A12&"|B|"&$Y12&"|lw")+COUNTIFS(HLTV_Long!$A$2:$A$451,$A12&"|A|"&$Y12&"|wl")) -> 4 | AZ12: =IF(OR($AW12="",$AX12="",$AH12=""),"",13+$AH12*$AW12+(1-$AH12)*$AX12) -> 20.067108 | BA12: =IF($AZ12="","",$AH12*(13-$AW12)-(1-$AH12)*(13-$AX12)) -> 3.053668 | BB12: =IF($AZ12="","",($AH12*13+(1-$AH12)*$AX12)/$AZ12) -> 0.5760864
A13: CS2 · AST vs MIBR | B13: CS2 | C13: Fri 09:00 | D13: 3 | E13: Astralis (AST) | F13: MIBR (MIBR) | G13: 0.52702703 | H13: 0.26621297 | I13: 0.22417934 | J13: 0.50960769 | K13: Ancient 69% | L13: Inferno 8% | M13: Mirage 8% | N13: PF Map Picks | O13: 21.5 | P13: 21.5 | Q13: 21.5 | R13: 0.15942029 | S13: -0.70611867 | V13: 228 | W13: Ancient | X13: Inferno | Y13: Mirage | Z13: 21.5 | AA13: 21.5 | AB13: 21.5 | AC13: 0.5096 | AD13: AST | AE13: MIBR | AF13: 0.4811 | AG13: 0.56 | AH13: 0.5189 | AI13: {=IFERROR(INDEX(HLTV_Teams!$N$2:$N$33,MATCH($A13&"|A",HLTV_Teams!$A$2:$A$33,0)),"")} -> 0.54410085 | AJ13: {=IFERROR(INDEX(HLTV_Teams!$N$2:$N$33,MATCH($A13&"|B",HLTV_Teams!$A$2:$A$33,0)),"")} -> 0.53719594 | AK13: =IF($W13="","",IFERROR((SUMIFS(HLTV_Long!$B$2:$B$451,HLTV_Long!$A$2:$A$451,$A13&"|A|"&$W13&"|lw")+SUMIFS(HLTV_Long!$B$2:$B$451,HLTV_Long!$A$2:$A$451,$A13&"|B|"&$W13&"|wl"))/(COUNTIFS(HLTV_Long!$A$2:$A$451,$A13&"|A|"&$W13&"|lw")+COUNTIFS(HLTV_Long!$A$2:$A$451,$A13&"|B|"&$W13&"|wl")),IFERROR((SUMIFS(HLTV_Long!$B$2:$B$451,HLTV_Long!$A$2:$A$451,$A13&"|A|"&"ALL"&"|lw")+SUMIFS(HLTV_Long!$B$2:$B$451,HLTV_Long!$A$2:$A$451,$A13&"|B|"&"ALL"&"|wl"))/(COUNTIFS(HLTV_Long!$A$2:$A$451,$A13&"|A|"&"ALL"&"|lw")+COUNTIFS(HLTV_Long!$A$2:$A$451,$A13&"|B|"&"ALL"&"|wl")),""))) -> 8.445 | AL13: =IF($W13="","",IFERROR((SUMIFS(HLTV_Long!$B$2:$B$451,HLTV_Long!$A$2:$A$451,$A13&"|B|"&$W13&"|lw")+SUMIFS(HLTV_Long!$B$2:$B$451,HLTV_Long!$A$2:$A$451,$A13&"|A|"&$W13&"|wl"))/(COUNTIFS(HLTV_Long!$A$2:$A$451,$A13&"|B|"&$W13&"|lw")+COUNTIFS(HLTV_Long!$A$2:$A$451,$A13&"|A|"&$W13&"|wl")),IFERROR((SUMIFS(HLTV_Long!$B$2:$B$451,HLTV_Long!$A$2:$A$451,$A13&"|B|"&"ALL"&"|lw")+SUMIFS(HLTV_Long!$B$2:$B$451,HLTV_Long!$A$2:$A$451,$A13&"|A|"&"ALL"&"|wl"))/(COUNTIFS(HLTV_Long!$A$2:$A$451,$A13&"|B|"&"ALL"&"|lw")+COUNTIFS(HLTV_Long!$A$2:$A$451,$A13&"|A|"&"ALL"&"|wl")),""))) -> 10.3 | AM13: =IF($W13="","",COUNTIFS(HLTV_Long!$A$2:$A$451,$A13&"|A|"&$W13&"|lw")+COUNTIFS(HLTV_Long!$A$2:$A$451,$A13&"|B|"&$W13&"|wl")+COUNTIFS(HLTV_Long!$A$2:$A$451,$A13&"|B|"&$W13&"|lw")+COUNTIFS(HLTV_Long!$A$2:$A$451,$A13&"|A|"&$W13&"|wl")) -> 4 | AN13: =IF(OR($AK13="",$AL13="",$AF13=""),"",13+$AF13*$AK13+(1-$AF13)*$AL13) -> 22.40756 | AO13: =IF($AN13="","",$AF13*(13-$AK13)-(1-$AF13)*(13-$AL13)) -> 0.7903805 | AP13: =IF($AN13="","",($AF13*13+(1-$AF13)*$AL13)/$AN13) -> 0.51763647 | AQ13: =IF($X13="","",IFERROR((SUMIFS(HLTV_Long!$B$2:$B$451,HLTV_Long!$A$2:$A$451,$A13&"|A|"&$X13&"|lw")+SUMIFS(HLTV_Long!$B$2:$B$451,HLTV_Long!$A$2:$A$451,$A13&"|B|"&$X13&"|wl"))/(COUNTIFS(HLTV_Long!$A$2:$A$451,$A13&"|A|"&$X13&"|lw")+COUNTIFS(HLTV_Long!$A$2:$A$451,$A13&"|B|"&$X13&"|wl")),IFERROR((SUMIFS(HLTV_Long!$B$2:$B$451,HLTV_Long!$A$2:$A$451,$A13&"|A|"&"ALL"&"|lw")+SUMIFS(HLTV_Long!$B$2:$B$451,HLTV_Long!$A$2:$A$451,$A13&"|B|"&"ALL"&"|wl"))/(COUNTIFS(HLTV_Long!$A$2:$A$451,$A13&"|A|"&"ALL"&"|lw")+COUNTIFS(HLTV_Long!$A$2:$A$451,$A13&"|B|"&"ALL"&"|wl")),""))) -> 11 | AR13: =IF($X13="","",IFERROR((SUMIFS(HLTV_Long!$B$2:$B$451,HLTV_Long!$A$2:$A$451,$A13&"|B|"&$X13&"|lw")+SUMIFS(HLTV_Long!$B$2:$B$451,HLTV_Long!$A$2:$A$451,$A13&"|A|"&$X13&"|wl"))/(COUNTIFS(HLTV_Long!$A$2:$A$451,$A13&"|B|"&$X13&"|lw")+COUNTIFS(HLTV_Long!$A$2:$A$451,$A13&"|A|"&$X13&"|wl")),IFERROR((SUMIFS(HLTV_Long!$B$2:$B$451,HLTV_Long!$A$2:$A$451,$A13&"|B|"&"ALL"&"|lw")+SUMIFS(HLTV_Long!$B$2:$B$451,HLTV_Long!$A$2:$A$451,$A13&"|A|"&"ALL"&"|wl"))/(COUNTIFS(HLTV_Long!$A$2:$A$451,$A13&"|B|"&"ALL"&"|lw")+COUNTIFS(HLTV_Long!$A$2:$A$451,$A13&"|A|"&"ALL"&"|wl")),""))) -> 8.965 | AS13: =IF($X13="","",COUNTIFS(HLTV_Long!$A$2:$A$451,$A13&"|A|"&$X13&"|lw")+COUNTIFS(HLTV_Long!$A$2:$A$451,$A13&"|B|"&$X13&"|wl")+COUNTIFS(HLTV_Long!$A$2:$A$451,$A13&"|B|"&$X13&"|lw")+COUNTIFS(HLTV_Long!$A$2:$A$451,$A13&"|A|"&$X13&"|wl")) -> 4 | AT13: =IF(OR($AQ13="",$AR13="",$AG13=""),"",13+$AG13*$AQ13+(1-$AG13)*$AR13) -> 23.1046 | AU13: =IF($AT13="","",$AG13*(13-$AQ13)-(1-$AG13)*(13-$AR13)) -> -0.6554 | AV13: =IF($AT13="","",($AG13*13+(1-$AG13)*$AR13)/$AT13) -> 0.48581668 | AW13: =IF($Y13="","",IFERROR((SUMIFS(HLTV_Long!$B$2:$B$451,HLTV_Long!$A$2:$A$451,$A13&"|A|"&$Y13&"|lw")+SUMIFS(HLTV_Long!$B$2:$B$451,HLTV_Long!$A$2:$A$451,$A13&"|B|"&$Y13&"|wl"))/(COUNTIFS(HLTV_Long!$A$2:$A$451,$A13&"|A|"&$Y13&"|lw")+COUNTIFS(HLTV_Long!$A$2:$A$451,$A13&"|B|"&$Y13&"|wl")),IFERROR((SUMIFS(HLTV_Long!$B$2:$B$451,HLTV_Long!$A$2:$A$451,$A13&"|A|"&"ALL"&"|lw")+SUMIFS(HLTV_Long!$B$2:$B$451,HLTV_Long!$A$2:$A$451,$A13&"|B|"&"ALL"&"|wl"))/(COUNTIFS(HLTV_Long!$A$2:$A$451,$A13&"|A|"&"ALL"&"|lw")+COUNTIFS(HLTV_Long!$A$2:$A$451,$A13&"|B|"&"ALL"&"|wl")),""))) -> 8.875 | AX13: =IF($Y13="","",IFERROR((SUMIFS(HLTV_Long!$B$2:$B$451,HLTV_Long!$A$2:$A$451,$A13&"|B|"&$Y13&"|lw")+SUMIFS(HLTV_Long!$B$2:$B$451,HLTV_Long!$A$2:$A$451,$A13&"|A|"&$Y13&"|wl"))/(COUNTIFS(HLTV_Long!$A$2:$A$451,$A13&"|B|"&$Y13&"|lw")+COUNTIFS(HLTV_Long!$A$2:$A$451,$A13&"|A|"&$Y13&"|wl")),IFERROR((SUMIFS(HLTV_Long!$B$2:$B$451,HLTV_Long!$A$2:$A$451,$A13&"|B|"&"ALL"&"|lw")+SUMIFS(HLTV_Long!$B$2:$B$451,HLTV_Long!$A$2:$A$451,$A13&"|A|"&"ALL"&"|wl"))/(COUNTIFS(HLTV_Long!$A$2:$A$451,$A13&"|B|"&"ALL"&"|lw")+COUNTIFS(HLTV_Long!$A$2:$A$451,$A13&"|A|"&"ALL"&"|wl")),""))) -> 10.565 | AY13: =IF($Y13="","",COUNTIFS(HLTV_Long!$A$2:$A$451,$A13&"|A|"&$Y13&"|lw")+COUNTIFS(HLTV_Long!$A$2:$A$451,$A13&"|B|"&$Y13&"|wl")+COUNTIFS(HLTV_Long!$A$2:$A$451,$A13&"|B|"&$Y13&"|lw")+COUNTIFS(HLTV_Long!$A$2:$A$451,$A13&"|A|"&$Y13&"|wl")) -> 4 | AZ13: =IF(OR($AW13="",$AX13="",$AH13=""),"",13+$AH13*$AW13+(1-$AH13)*$AX13) -> 22.688059 | BA13: =IF($AZ13="","",$AH13*(13-$AW13)-(1-$AH13)*(13-$AX13)) -> 0.968984 | BB13: =IF($AZ13="","",($AH13*13+(1-$AH13)*$AX13)/$AZ13) -> 0.52135449
A14: CS2 · BBL vs EYE | B14: CS2 | C14: Fri 09:00 | D14: 3 | E14: BBL Esports (BBL) | F14: EYEBALLERS (EYE) | G14: 0.53763441 | H14: 0.27246072 | I14: 0.22227059 | J14: 0.50526868 | K14: Ancient 28% | L14: Nuke 14% | M14: Mirage 12% | N14: PF Map Picks | O14: 21.5 | P14: 21.5 | Q14: 21.5 | R14: 0.15942029 | S14: -0.40417009 | V14: 228 | W14: Ancient | X14: Nuke | Y14: Mirage | Z14: 21.5 | AA14: 21.5 | AB14: 21.5 | AC14: 0.5053 | AD14: BBL | AE14: EYE | AF14: 0.5 | AG14: 0.56 | AH14: 0.5189 | AI14: {=IFERROR(INDEX(HLTV_Teams!$N$2:$N$33,MATCH($A14&"|A",HLTV_Teams!$A$2:$A$33,0)),"")} -> 0.50308561 | AJ14: {=IFERROR(INDEX(HLTV_Teams!$N$2:$N$33,MATCH($A14&"|B",HLTV_Teams!$A$2:$A$33,0)),"")} -> 0.4999296 | AK14: =IF($W14="","",IFERROR((SUMIFS(HLTV_Long!$B$2:$B$451,HLTV_Long!$A$2:$A$451,$A14&"|A|"&$W14&"|lw")+SUMIFS(HLTV_Long!$B$2:$B$451,HLTV_Long!$A$2:$A$451,$A14&"|B|"&$W14&"|wl"))/(COUNTIFS(HLTV_Long!$A$2:$A$451,$A14&"|A|"&$W14&"|lw")+COUNTIFS(HLTV_Long!$A$2:$A$451,$A14&"|B|"&$W14&"|wl")),IFERROR((SUMIFS(HLTV_Long!$B$2:$B$451,HLTV_Long!$A$2:$A$451,$A14&"|A|"&"ALL"&"|lw")+SUMIFS(HLTV_Long!$B$2:$B$451,HLTV_Long!$A$2:$A$451,$A14&"|B|"&"ALL"&"|wl"))/(COUNTIFS(HLTV_Long!$A$2:$A$451,$A14&"|A|"&"ALL"&"|lw")+COUNTIFS(HLTV_Long!$A$2:$A$451,$A14&"|B|"&"ALL"&"|wl")),""))) -> 8.25 | AL14: =IF($W14="","",IFERROR((SUMIFS(HLTV_Long!$B$2:$B$451,HLTV_Long!$A$2:$A$451,$A14&"|B|"&$W14&"|lw")+SUMIFS(HLTV_Long!$B$2:$B$451,HLTV_Long!$A$2:$A$451,$A14&"|A|"&$W14&"|wl"))/(COUNTIFS(HLTV_Long!$A$2:$A$451,$A14&"|B|"&$W14&"|lw")+COUNTIFS(HLTV_Long!$A$2:$A$451,$A14&"|A|"&$W14&"|wl")),IFERROR((SUMIFS(HLTV_Long!$B$2:$B$451,HLTV_Long!$A$2:$A$451,$A14&"|B|"&"ALL"&"|lw")+SUMIFS(HLTV_Long!$B$2:$B$451,HLTV_Long!$A$2:$A$451,$A14&"|A|"&"ALL"&"|wl"))/(COUNTIFS(HLTV_Long!$A$2:$A$451,$A14&"|B|"&"ALL"&"|lw")+COUNTIFS(HLTV_Long!$A$2:$A$451,$A14&"|A|"&"ALL"&"|wl")),""))) -> 8.375 | AM14: =IF($W14="","",COUNTIFS(HLTV_Long!$A$2:$A$451,$A14&"|A|"&$W14&"|lw")+COUNTIFS(HLTV_Long!$A$2:$A$451,$A14&"|B|"&$W14&"|wl")+COUNTIFS(HLTV_Long!$A$2:$A$451,$A14&"|B|"&$W14&"|lw")+COUNTIFS(HLTV_Long!$A$2:$A$451,$A14&"|A|"&$W14&"|wl")) -> 4 | AN14: =IF(OR($AK14="",$AL14="",$AF14=""),"",13+$AF14*$AK14+(1-$AF14)*$AL14) -> 21.3125 | AO14: =IF($AN14="","",$AF14*(13-$AK14)-(1-$AF14)*(13-$AL14)) -> 0.0625 | AP14: =IF($AN14="","",($AF14*13+(1-$AF14)*$AL14)/$AN14) -> 0.50146628 | AQ14: =IF($X14="","",IFERROR((SUMIFS(HLTV_Long!$B$2:$B$451,HLTV_Long!$A$2:$A$451,$A14&"|A|"&$X14&"|lw")+SUMIFS(HLTV_Long!$B$2:$B$451,HLTV_Long!$A$2:$A$451,$A14&"|B|"&$X14&"|wl"))/(COUNTIFS(HLTV_Long!$A$2:$A$451,$A14&"|A|"&$X14&"|lw")+COUNTIFS(HLTV_Long!$A$2:$A$451,$A14&"|B|"&$X14&"|wl")),IFERROR((SUMIFS(HLTV_Long!$B$2:$B$451,HLTV_Long!$A$2:$A$451,$A14&"|A|"&"ALL"&"|lw")+SUMIFS(HLTV_Long!$B$2:$B$451,HLTV_Long!$A$2:$A$451,$A14&"|B|"&"ALL"&"|wl"))/(COUNTIFS(HLTV_Long!$A$2:$A$451,$A14&"|A|"&"ALL"&"|lw")+COUNTIFS(HLTV_Long!$A$2:$A$451,$A14&"|B|"&"ALL"&"|wl")),""))) -> 8.045 | AR14: =IF($X14="","",IFERROR((SUMIFS(HLTV_Long!$B$2:$B$451,HLTV_Long!$A$2:$A$451,$A14&"|B|"&$X14&"|lw")+SUMIFS(HLTV_Long!$B$2:$B$451,HLTV_Long!$A$2:$A$451,$A14&"|A|"&$X14&"|wl"))/(COUNTIFS(HLTV_Long!$A$2:$A$451,$A14&"|B|"&$X14&"|lw")+COUNTIFS(HLTV_Long!$A$2:$A$451,$A14&"|A|"&$X14&"|wl")),IFERROR((SUMIFS(HLTV_Long!$B$2:$B$451,HLTV_Long!$A$2:$A$451,$A14&"|B|"&"ALL"&"|lw")+SUMIFS(HLTV_Long!$B$2:$B$451,HLTV_Long!$A$2:$A$451,$A14&"|A|"&"ALL"&"|wl"))/(COUNTIFS(HLTV_Long!$A$2:$A$451,$A14&"|B|"&"ALL"&"|lw")+COUNTIFS(HLTV_Long!$A$2:$A$451,$A14&"|A|"&"ALL"&"|wl")),""))) -> 6.5 | AS14: =IF($X14="","",COUNTIFS(HLTV_Long!$A$2:$A$451,$A14&"|A|"&$X14&"|lw")+COUNTIFS(HLTV_Long!$A$2:$A$451,$A14&"|B|"&$X14&"|wl")+COUNTIFS(HLTV_Long!$A$2:$A$451,$A14&"|B|"&$X14&"|lw")+COUNTIFS(HLTV_Long!$A$2:$A$451,$A14&"|A|"&$X14&"|wl")) -> 4 | AT14: =IF(OR($AQ14="",$AR14="",$AG14=""),"",13+$AG14*$AQ14+(1-$AG14)*$AR14) -> 20.3652 | AU14: =IF($AT14="","",$AG14*(13-$AQ14)-(1-$AG14)*(13-$AR14)) -> -0.0852 | AV14: =IF($AT14="","",($AG14*13+(1-$AG14)*$AR14)/$AT14) -> 0.4979082 | AW14: =IF($Y14="","",IFERROR((SUMIFS(HLTV_Long!$B$2:$B$451,HLTV_Long!$A$2:$A$451,$A14&"|A|"&$Y14&"|lw")+SUMIFS(HLTV_Long!$B$2:$B$451,HLTV_Long!$A$2:$A$451,$A14&"|B|"&$Y14&"|wl"))/(COUNTIFS(HLTV_Long!$A$2:$A$451,$A14&"|A|"&$Y14&"|lw")+COUNTIFS(HLTV_Long!$A$2:$A$451,$A14&"|B|"&$Y14&"|wl")),IFERROR((SUMIFS(HLTV_Long!$B$2:$B$451,HLTV_Long!$A$2:$A$451,$A14&"|A|"&"ALL"&"|lw")+SUMIFS(HLTV_Long!$B$2:$B$451,HLTV_Long!$A$2:$A$451,$A14&"|B|"&"ALL"&"|wl"))/(COUNTIFS(HLTV_Long!$A$2:$A$451,$A14&"|A|"&"ALL"&"|lw")+COUNTIFS(HLTV_Long!$A$2:$A$451,$A14&"|B|"&"ALL"&"|wl")),""))) -> 10.125 | AX14: =IF($Y14="","",IFERROR((SUMIFS(HLTV_Long!$B$2:$B$451,HLTV_Long!$A$2:$A$451,$A14&"|B|"&$Y14&"|lw")+SUMIFS(HLTV_Long!$B$2:$B$451,HLTV_Long!$A$2:$A$451,$A14&"|A|"&$Y14&"|wl"))/(COUNTIFS(HLTV_Long!$A$2:$A$451,$A14&"|B|"&$Y14&"|lw")+COUNTIFS(HLTV_Long!$A$2:$A$451,$A14&"|A|"&$Y14&"|wl")),IFERROR((SUMIFS(HLTV_Long!$B$2:$B$451,HLTV_Long!$A$2:$A$451,$A14&"|B|"&"ALL"&"|lw")+SUMIFS(HLTV_Long!$B$2:$B$451,HLTV_Long!$A$2:$A$451,$A14&"|A|"&"ALL"&"|wl"))/(COUNTIFS(HLTV_Long!$A$2:$A$451,$A14&"|B|"&"ALL"&"|lw")+COUNTIFS(HLTV_Long!$A$2:$A$451,$A14&"|A|"&"ALL"&"|wl")),""))) -> 7.665 | AY14: =IF($Y14="","",COUNTIFS(HLTV_Long!$A$2:$A$451,$A14&"|A|"&$Y14&"|lw")+COUNTIFS(HLTV_Long!$A$2:$A$451,$A14&"|B|"&$Y14&"|wl")+COUNTIFS(HLTV_Long!$A$2:$A$451,$A14&"|B|"&$Y14&"|lw")+COUNTIFS(HLTV_Long!$A$2:$A$451,$A14&"|A|"&$Y14&"|wl")) -> 4 | AZ14: =IF(OR($AW14="",$AX14="",$AH14=""),"",13+$AH14*$AW14+(1-$AH14)*$AX14) -> 21.941494 | BA14: =IF($AZ14="","",$AH14*(13-$AW14)-(1-$AH14)*(13-$AX14)) -> -1.074831 | BB14: =IF($AZ14="","",($AH14*13+(1-$AH14)*$AX14)/$AZ14) -> 0.47550689
A15: CS2 · PHA vs RGG | B15: CS2 | C15: Fri 09:00 | D15: 1 | E15: Phantom Esports (PHA) | F15: ROUNDS (RGG) | G15: 0.85365854 | J15: 0 | K15: Ancient 27% | L15: Nuke 22% | M15: Mirage 17% | N15: HLTV veto: played, minus first-bans (no Map Picks) | V15: 2 | W15: Ancient | X15: Nuke | Z15: =Config!$B$7 -> 21.5 | AA15: =Config!$B$7 -> 21.5 | AC15: 0 | AD15: PHA | AE15: RGG | AF15: 0.8537 | AG15: 0.8537 | AH15: 0.8537 | AI15: {=IFERROR(INDEX(HLTV_Teams!$N$2:$N$33,MATCH($A15&"|A",HLTV_Teams!$A$2:$A$33,0)),"")} -> 0.48628402 | AJ15: {=IFERROR(INDEX(HLTV_Teams!$N$2:$N$33,MATCH($A15&"|B",HLTV_Teams!$A$2:$A$33,0)),"")} -> 0.45923015 | AK15: =IF($W15="","",IFERROR((SUMIFS(HLTV_Long!$B$2:$B$451,HLTV_Long!$A$2:$A$451,$A15&"|A|"&$W15&"|lw")+SUMIFS(HLTV_Long!$B$2:$B$451,HLTV_Long!$A$2:$A$451,$A15&"|B|"&$W15&"|wl"))/(COUNTIFS(HLTV_Long!$A$2:$A$451,$A15&"|A|"&$W15&"|lw")+COUNTIFS(HLTV_Long!$A$2:$A$451,$A15&"|B|"&$W15&"|wl")),IFERROR((SUMIFS(HLTV_Long!$B$2:$B$451,HLTV_Long!$A$2:$A$451,$A15&"|A|"&"ALL"&"|lw")+SUMIFS(HLTV_Long!$B$2:$B$451,HLTV_Long!$A$2:$A$451,$A15&"|B|"&"ALL"&"|wl"))/(COUNTIFS(HLTV_Long!$A$2:$A$451,$A15&"|A|"&"ALL"&"|lw")+COUNTIFS(HLTV_Long!$A$2:$A$451,$A15&"|B|"&"ALL"&"|wl")),""))) -> 5.695 | AL15: =IF($W15="","",IFERROR((SUMIFS(HLTV_Long!$B$2:$B$451,HLTV_Long!$A$2:$A$451,$A15&"|B|"&$W15&"|lw")+SUMIFS(HLTV_Long!$B$2:$B$451,HLTV_Long!$A$2:$A$451,$A15&"|A|"&$W15&"|wl"))/(COUNTIFS(HLTV_Long!$A$2:$A$451,$A15&"|B|"&$W15&"|lw")+COUNTIFS(HLTV_Long!$A$2:$A$451,$A15&"|A|"&$W15&"|wl")),IFERROR((SUMIFS(HLTV_Long!$B$2:$B$451,HLTV_Long!$A$2:$A$451,$A15&"|B|"&"ALL"&"|lw")+SUMIFS(HLTV_Long!$B$2:$B$451,HLTV_Long!$A$2:$A$451,$A15&"|A|"&"ALL"&"|wl"))/(COUNTIFS(HLTV_Long!$A$2:$A$451,$A15&"|B|"&"ALL"&"|lw")+COUNTIFS(HLTV_Long!$A$2:$A$451,$A15&"|A|"&"ALL"&"|wl")),""))) -> 9 | AM15: =IF($W15="","",COUNTIFS(HLTV_Long!$A$2:$A$451,$A15&"|A|"&$W15&"|lw")+COUNTIFS(HLTV_Long!$A$2:$A$451,$A15&"|B|"&$W15&"|wl")+COUNTIFS(HLTV_Long!$A$2:$A$451,$A15&"|B|"&$W15&"|lw")+COUNTIFS(HLTV_Long!$A$2:$A$451,$A15&"|A|"&$W15&"|wl")) -> 4 | AN15: =IF(OR($AK15="",$AL15="",$AF15=""),"",13+$AF15*$AK15+(1-$AF15)*$AL15) -> 19.178521 | AO15: =IF($AN15="","",$AF15*(13-$AK15)-(1-$AF15)*(13-$AL15)) -> 5.6510785 | AP15: =IF($AN15="","",($AF15*13+(1-$AF15)*$AL15)/$AN15) -> 0.64732831 | AQ15: =IF($X15="","",IFERROR((SUMIFS(HLTV_Long!$B$2:$B$451,HLTV_Long!$A$2:$A$451,$A15&"|A|"&$X15&"|lw")+SUMIFS(HLTV_Long!$B$2:$B$451,HLTV_Long!$A$2:$A$451,$A15&"|B|"&$X15&"|wl"))/(COUNTIFS(HLTV_Long!$A$2:$A$451,$A15&"|A|"&$X15&"|lw")+COUNTIFS(HLTV_Long!$A$2:$A$451,$A15&"|B|"&$X15&"|wl")),IFERROR((SUMIFS(HLTV_Long!$B$2:$B$451,HLTV_Long!$A$2:$A$451,$A15&"|A|"&"ALL"&"|lw")+SUMIFS(HLTV_Long!$B$2:$B$451,HLTV_Long!$A$2:$A$451,$A15&"|B|"&"ALL"&"|wl"))/(COUNTIFS(HLTV_Long!$A$2:$A$451,$A15&"|A|"&"ALL"&"|lw")+COUNTIFS(HLTV_Long!$A$2:$A$451,$A15&"|B|"&"ALL"&"|wl")),""))) -> 10.625 | AR15: =IF($X15="","",IFERROR((SUMIFS(HLTV_Long!$B$2:$B$451,HLTV_Long!$A$2:$A$451,$A15&"|B|"&$X15&"|lw")+SUMIFS(HLTV_Long!$B$2:$B$451,HLTV_Long!$A$2:$A$451,$A15&"|A|"&$X15&"|wl"))/(COUNTIFS(HLTV_Long!$A$2:$A$451,$A15&"|B|"&$X15&"|lw")+COUNTIFS(HLTV_Long!$A$2:$A$451,$A15&"|A|"&$X15&"|wl")),IFERROR((SUMIFS(HLTV_Long!$B$2:$B$451,HLTV_Long!$A$2:$A$451,$A15&"|B|"&"ALL"&"|lw")+SUMIFS(HLTV_Long!$B$2:$B$451,HLTV_Long!$A$2:$A$451,$A15&"|A|"&"ALL"&"|wl"))/(COUNTIFS(HLTV_Long!$A$2:$A$451,$A15&"|B|"&"ALL"&"|lw")+COUNTIFS(HLTV_Long!$A$2:$A$451,$A15&"|A|"&"ALL"&"|wl")),""))) -> 6.83 | AS15: =IF($X15="","",COUNTIFS(HLTV_Long!$A$2:$A$451,$A15&"|A|"&$X15&"|lw")+COUNTIFS(HLTV_Long!$A$2:$A$451,$A15&"|B|"&$X15&"|wl")+COUNTIFS(HLTV_Long!$A$2:$A$451,$A15&"|B|"&$X15&"|lw")+COUNTIFS(HLTV_Long!$A$2:$A$451,$A15&"|A|"&$X15&"|wl")) -> 4 | AT15: =IF(OR($AQ15="",$AR15="",$AG15=""),"",13+$AG15*$AQ15+(1-$AG15)*$AR15) -> 23.069792 | AU15: =IF($AT15="","",$AG15*(13-$AQ15)-(1-$AG15)*(13-$AR15)) -> 1.1248665 | AV15: =IF($AT15="","",($AG15*13+(1-$AG15)*$AR15)/$AT15) -> 0.52437964 | AW15: =IF($Y15="","",IFERROR((SUMIFS(HLTV_Long!$B$2:$B$451,HLTV_Long!$A$2:$A$451,$A15&"|A|"&$Y15&"|lw")+SUMIFS(HLTV_Long!$B$2:$B$451,HLTV_Long!$A$2:$A$451,$A15&"|B|"&$Y15&"|wl"))/(COUNTIFS(HLTV_Long!$A$2:$A$451,$A15&"|A|"&$Y15&"|lw")+COUNTIFS(HLTV_Long!$A$2:$A$451,$A15&"|B|"&$Y15&"|wl")),IFERROR((SUMIFS(HLTV_Long!$B$2:$B$451,HLTV_Long!$A$2:$A$451,$A15&"|A|"&"ALL"&"|lw")+SUMIFS(HLTV_Long!$B$2:$B$451,HLTV_Long!$A$2:$A$451,$A15&"|B|"&"ALL"&"|wl"))/(COUNTIFS(HLTV_Long!$A$2:$A$451,$A15&"|A|"&"ALL"&"|lw")+COUNTIFS(HLTV_Long!$A$2:$A$451,$A15&"|B|"&"ALL"&"|wl")),""))) | AX15: =IF($Y15="","",IFERROR((SUMIFS(HLTV_Long!$B$2:$B$451,HLTV_Long!$A$2:$A$451,$A15&"|B|"&$Y15&"|lw")+SUMIFS(HLTV_Long!$B$2:$B$451,HLTV_Long!$A$2:$A$451,$A15&"|A|"&$Y15&"|wl"))/(COUNTIFS(HLTV_Long!$A$2:$A$451,$A15&"|B|"&$Y15&"|lw")+COUNTIFS(HLTV_Long!$A$2:$A$451,$A15&"|A|"&$Y15&"|wl")),IFERROR((SUMIFS(HLTV_Long!$B$2:$B$451,HLTV_Long!$A$2:$A$451,$A15&"|B|"&"ALL"&"|lw")+SUMIFS(HLTV_Long!$B$2:$B$451,HLTV_Long!$A$2:$A$451,$A15&"|A|"&"ALL"&"|wl"))/(COUNTIFS(HLTV_Long!$A$2:$A$451,$A15&"|B|"&"ALL"&"|lw")+COUNTIFS(HLTV_Long!$A$2:$A$451,$A15&"|A|"&"ALL"&"|wl")),""))) | AY15: =IF($Y15="","",COUNTIFS(HLTV_Long!$A$2:$A$451,$A15&"|A|"&$Y15&"|lw")+COUNTIFS(HLTV_Long!$A$2:$A$451,$A15&"|B|"&$Y15&"|wl")+COUNTIFS(HLTV_Long!$A$2:$A$451,$A15&"|B|"&$Y15&"|lw")+COUNTIFS(HLTV_Long!$A$2:$A$451,$A15&"|A|"&$Y15&"|wl")) | AZ15: =IF(OR($AW15="",$AX15="",$AH15=""),"",13+$AH15*$AW15+(1-$AH15)*$AX15) | BA15: =IF($AZ15="","",$AH15*(13-$AW15)-(1-$AH15)*(13-$AX15)) | BB15: =IF($AZ15="","",($AH15*13+(1-$AH15)*$AX15)/$AZ15)
A16: CS2 · VOCA vs RGG | B16: CS2 | C16: Fri 11:00 | D16: 1 | E16: Voca (VOCA) | F16: ROUNDS (RGG) | G16: 0.84057971 | J16: 0 | K16: Ancient 28% | L16: Nuke 24% | M16: Dust2 19% | N16: HLTV veto: played, minus first-bans (no Map Picks) | V16: 2 | W16: Ancient | X16: Nuke | Z16: =Config!$B$7 -> 21.5 | AA16: =Config!$B$7 -> 21.5 | AC16: 0 | AD16: VOCA | AE16: RGG | AF16: 0.8406 | AG16: 0.8406 | AH16: 0.8406 | AI16: {=IFERROR(INDEX(HLTV_Teams!$N$2:$N$33,MATCH($A16&"|A",HLTV_Teams!$A$2:$A$33,0)),"")} -> 0.54643399 | AJ16: {=IFERROR(INDEX(HLTV_Teams!$N$2:$N$33,MATCH($A16&"|B",HLTV_Teams!$A$2:$A$33,0)),"")} -> 0.45923015 | AK16: =IF($W16="","",IFERROR((SUMIFS(HLTV_Long!$B$2:$B$451,HLTV_Long!$A$2:$A$451,$A16&"|A|"&$W16&"|lw")+SUMIFS(HLTV_Long!$B$2:$B$451,HLTV_Long!$A$2:$A$451,$A16&"|B|"&$W16&"|wl"))/(COUNTIFS(HLTV_Long!$A$2:$A$451,$A16&"|A|"&$W16&"|lw")+COUNTIFS(HLTV_Long!$A$2:$A$451,$A16&"|B|"&$W16&"|wl")),IFERROR((SUMIFS(HLTV_Long!$B$2:$B$451,HLTV_Long!$A$2:$A$451,$A16&"|A|"&"ALL"&"|lw")+SUMIFS(HLTV_Long!$B$2:$B$451,HLTV_Long!$A$2:$A$451,$A16&"|B|"&"ALL"&"|wl"))/(COUNTIFS(HLTV_Long!$A$2:$A$451,$A16&"|A|"&"ALL"&"|lw")+COUNTIFS(HLTV_Long!$A$2:$A$451,$A16&"|B|"&"ALL"&"|wl")),""))) -> 5.895 | AL16: =IF($W16="","",IFERROR((SUMIFS(HLTV_Long!$B$2:$B$451,HLTV_Long!$A$2:$A$451,$A16&"|B|"&$W16&"|lw")+SUMIFS(HLTV_Long!$B$2:$B$451,HLTV_Long!$A$2:$A$451,$A16&"|A|"&$W16&"|wl"))/(COUNTIFS(HLTV_Long!$A$2:$A$451,$A16&"|B|"&$W16&"|lw")+COUNTIFS(HLTV_Long!$A$2:$A$451,$A16&"|A|"&$W16&"|wl")),IFERROR((SUMIFS(HLTV_Long!$B$2:$B$451,HLTV_Long!$A$2:$A$451,$A16&"|B|"&"ALL"&"|lw")+SUMIFS(HLTV_Long!$B$2:$B$451,HLTV_Long!$A$2:$A$451,$A16&"|A|"&"ALL"&"|wl"))/(COUNTIFS(HLTV_Long!$A$2:$A$451,$A16&"|B|"&"ALL"&"|lw")+COUNTIFS(HLTV_Long!$A$2:$A$451,$A16&"|A|"&"ALL"&"|wl")),""))) -> 10.125 | AM16: =IF($W16="","",COUNTIFS(HLTV_Long!$A$2:$A$451,$A16&"|A|"&$W16&"|lw")+COUNTIFS(HLTV_Long!$A$2:$A$451,$A16&"|B|"&$W16&"|wl")+COUNTIFS(HLTV_Long!$A$2:$A$451,$A16&"|B|"&$W16&"|lw")+COUNTIFS(HLTV_Long!$A$2:$A$451,$A16&"|A|"&$W16&"|wl")) -> 4 | AN16: =IF(OR($AK16="",$AL16="",$AF16=""),"",13+$AF16*$AK16+(1-$AF16)*$AL16) -> 19.569262 | AO16: =IF($AN16="","",$AF16*(13-$AK16)-(1-$AF16)*(13-$AL16)) -> 5.514188 | AP16: =IF($AN16="","",($AF16*13+(1-$AF16)*$AL16)/$AN16) -> 0.64088901 | AQ16: =IF($X16="","",IFERROR((SUMIFS(HLTV_Long!$B$2:$B$451,HLTV_Long!$A$2:$A$451,$A16&"|A|"&$X16&"|lw")+SUMIFS(HLTV_Long!$B$2:$B$451,HLTV_Long!$A$2:$A$451,$A16&"|B|"&$X16&"|wl"))/(COUNTIFS(HLTV_Long!$A$2:$A$451,$A16&"|A|"&$X16&"|lw")+COUNTIFS(HLTV_Long!$A$2:$A$451,$A16&"|B|"&$X16&"|wl")),IFERROR((SUMIFS(HLTV_Long!$B$2:$B$451,HLTV_Long!$A$2:$A$451,$A16&"|A|"&"ALL"&"|lw")+SUMIFS(HLTV_Long!$B$2:$B$451,HLTV_Long!$A$2:$A$451,$A16&"|B|"&"ALL"&"|wl"))/(COUNTIFS(HLTV_Long!$A$2:$A$451,$A16&"|A|"&"ALL"&"|lw")+COUNTIFS(HLTV_Long!$A$2:$A$451,$A16&"|B|"&"ALL"&"|wl")),""))) -> 10 | AR16: =IF($X16="","",IFERROR((SUMIFS(HLTV_Long!$B$2:$B$451,HLTV_Long!$A$2:$A$451,$A16&"|B|"&$X16&"|lw")+SUMIFS(HLTV_Long!$B$2:$B$451,HLTV_Long!$A$2:$A$451,$A16&"|A|"&$X16&"|wl"))/(COUNTIFS(HLTV_Long!$A$2:$A$451,$A16&"|B|"&$X16&"|lw")+COUNTIFS(HLTV_Long!$A$2:$A$451,$A16&"|A|"&$X16&"|wl")),IFERROR((SUMIFS(HLTV_Long!$B$2:$B$451,HLTV_Long!$A$2:$A$451,$A16&"|B|"&"ALL"&"|lw")+SUMIFS(HLTV_Long!$B$2:$B$451,HLTV_Long!$A$2:$A$451,$A16&"|A|"&"ALL"&"|wl"))/(COUNTIFS(HLTV_Long!$A$2:$A$451,$A16&"|B|"&"ALL"&"|lw")+COUNTIFS(HLTV_Long!$A$2:$A$451,$A16&"|A|"&"ALL"&"|wl")),""))) -> 7.915 | AS16: =IF($X16="","",COUNTIFS(HLTV_Long!$A$2:$A$451,$A16&"|A|"&$X16&"|lw")+COUNTIFS(HLTV_Long!$A$2:$A$451,$A16&"|B|"&$X16&"|wl")+COUNTIFS(HLTV_Long!$A$2:$A$451,$A16&"|B|"&$X16&"|lw")+COUNTIFS(HLTV_Long!$A$2:$A$451,$A16&"|A|"&$X16&"|wl")) -> 4 | AT16: =IF(OR($AQ16="",$AR16="",$AG16=""),"",13+$AG16*$AQ16+(1-$AG16)*$AR16) -> 22.667651 | AU16: =IF($AT16="","",$AG16*(13-$AQ16)-(1-$AG16)*(13-$AR16)) -> 1.711251 | AV16: =IF($AT16="","",($AG16*13+(1-$AG16)*$AR16)/$AT16) -> 0.53774654 | AW16: =IF($Y16="","",IFERROR((SUMIFS(HLTV_Long!$B$2:$B$451,HLTV_Long!$A$2:$A$451,$A16&"|A|"&$Y16&"|lw")+SUMIFS(HLTV_Long!$B$2:$B$451,HLTV_Long!$A$2:$A$451,$A16&"|B|"&$Y16&"|wl"))/(COUNTIFS(HLTV_Long!$A$2:$A$451,$A16&"|A|"&$Y16&"|lw")+COUNTIFS(HLTV_Long!$A$2:$A$451,$A16&"|B|"&$Y16&"|wl")),IFERROR((SUMIFS(HLTV_Long!$B$2:$B$451,HLTV_Long!$A$2:$A$451,$A16&"|A|"&"ALL"&"|lw")+SUMIFS(HLTV_Long!$B$2:$B$451,HLTV_Long!$A$2:$A$451,$A16&"|B|"&"ALL"&"|wl"))/(COUNTIFS(HLTV_Long!$A$2:$A$451,$A16&"|A|"&"ALL"&"|lw")+COUNTIFS(HLTV_Long!$A$2:$A$451,$A16&"|B|"&"ALL"&"|wl")),""))) | AX16: =IF($Y16="","",IFERROR((SUMIFS(HLTV_Long!$B$2:$B$451,HLTV_Long!$A$2:$A$451,$A16&"|B|"&$Y16&"|lw")+SUMIFS(HLTV_Long!$B$2:$B$451,HLTV_Long!$A$2:$A$451,$A16&"|A|"&$Y16&"|wl"))/(COUNTIFS(HLTV_Long!$A$2:$A$451,$A16&"|B|"&$Y16&"|lw")+COUNTIFS(HLTV_Long!$A$2:$A$451,$A16&"|A|"&$Y16&"|wl")),IFERROR((SUMIFS(HLTV_Long!$B$2:$B$451,HLTV_Long!$A$2:$A$451,$A16&"|B|"&"ALL"&"|lw")+SUMIFS(HLTV_Long!$B$2:$B$451,HLTV_Long!$A$2:$A$451,$A16&"|A|"&"ALL"&"|wl"))/(COUNTIFS(HLTV_Long!$A$2:$A$451,$A16&"|B|"&"ALL"&"|lw")+COUNTIFS(HLTV_Long!$A$2:$A$451,$A16&"|A|"&"ALL"&"|wl")),""))) | AY16: =IF($Y16="","",COUNTIFS(HLTV_Long!$A$2:$A$451,$A16&"|A|"&$Y16&"|lw")+COUNTIFS(HLTV_Long!$A$2:$A$451,$A16&"|B|"&$Y16&"|wl")+COUNTIFS(HLTV_Long!$A$2:$A$451,$A16&"|B|"&$Y16&"|lw")+COUNTIFS(HLTV_Long!$A$2:$A$451,$A16&"|A|"&$Y16&"|wl")) | AZ16: =IF(OR($AW16="",$AX16="",$AH16=""),"",13+$AH16*$AW16+(1-$AH16)*$AX16) | BA16: =IF($AZ16="","",$AH16*(13-$AW16)-(1-$AH16)*(13-$AX16)) | BB16: =IF($AZ16="","",($AH16*13+(1-$AH16)*$AX16)/$AZ16)
A17: CS2 · 100T vs SNG | B17: CS2 | C17: Fri 12:00 | D17: 3 | E17: 100 Thieves (100T) | F17: Sangal (SNG) | G17: 0.65853659 | H17: 0.36555698 | I17: 0.16208659 | J17: 0.47235643 | K17: Dust2 30% | L17: Nuke 17% | M17: Mirage 15% | N17: PF Map Picks | O17: 21.423154 | P17: 21.222284 | Q17: 21.378165 | R17: 0.15942029 | S17: 2.0998446 | U17: 11.285878 | V17: 224 | W17: Dust2 | X17: Nuke | Y17: Mirage | Z17: 21.42 | AA17: 21.22 | AB17: 21.38 | AC17: 0.4724 | AD17: 100T | AE17: SNG | AF17: 0.5703 | AG17: 0.6553 | AH17: 0.6072 | AI17: {=IFERROR(INDEX(HLTV_Teams!$N$2:$N$33,MATCH($A17&"|A",HLTV_Teams!$A$2:$A$33,0)),"")} -> 0.53548993 | AJ17: {=IFERROR(INDEX(HLTV_Teams!$N$2:$N$33,MATCH($A17&"|B",HLTV_Teams!$A$2:$A$33,0)),"")} -> 0.505596 | AK17: =IF($W17="","",IFERROR((SUMIFS(HLTV_Long!$B$2:$B$451,HLTV_Long!$A$2:$A$451,$A17&"|A|"&$W17&"|lw")+SUMIFS(HLTV_Long!$B$2:$B$451,HLTV_Long!$A$2:$A$451,$A17&"|B|"&$W17&"|wl"))/(COUNTIFS(HLTV_Long!$A$2:$A$451,$A17&"|A|"&$W17&"|lw")+COUNTIFS(HLTV_Long!$A$2:$A$451,$A17&"|B|"&$W17&"|wl")),IFERROR((SUMIFS(HLTV_Long!$B$2:$B$451,HLTV_Long!$A$2:$A$451,$A17&"|A|"&"ALL"&"|lw")+SUMIFS(HLTV_Long!$B$2:$B$451,HLTV_Long!$A$2:$A$451,$A17&"|B|"&"ALL"&"|wl"))/(COUNTIFS(HLTV_Long!$A$2:$A$451,$A17&"|A|"&"ALL"&"|lw")+COUNTIFS(HLTV_Long!$A$2:$A$451,$A17&"|B|"&"ALL"&"|wl")),""))) -> 5.385 | AL17: =IF($W17="","",IFERROR((SUMIFS(HLTV_Long!$B$2:$B$451,HLTV_Long!$A$2:$A$451,$A17&"|B|"&$W17&"|lw")+SUMIFS(HLTV_Long!$B$2:$B$451,HLTV_Long!$A$2:$A$451,$A17&"|A|"&$W17&"|wl"))/(COUNTIFS(HLTV_Long!$A$2:$A$451,$A17&"|B|"&$W17&"|lw")+COUNTIFS(HLTV_Long!$A$2:$A$451,$A17&"|A|"&$W17&"|wl")),IFERROR((SUMIFS(HLTV_Long!$B$2:$B$451,HLTV_Long!$A$2:$A$451,$A17&"|B|"&"ALL"&"|lw")+SUMIFS(HLTV_Long!$B$2:$B$451,HLTV_Long!$A$2:$A$451,$A17&"|A|"&"ALL"&"|wl"))/(COUNTIFS(HLTV_Long!$A$2:$A$451,$A17&"|B|"&"ALL"&"|lw")+COUNTIFS(HLTV_Long!$A$2:$A$451,$A17&"|A|"&"ALL"&"|wl")),""))) -> 6.75 | AM17: =IF($W17="","",COUNTIFS(HLTV_Long!$A$2:$A$451,$A17&"|A|"&$W17&"|lw")+COUNTIFS(HLTV_Long!$A$2:$A$451,$A17&"|B|"&$W17&"|wl")+COUNTIFS(HLTV_Long!$A$2:$A$451,$A17&"|B|"&$W17&"|lw")+COUNTIFS(HLTV_Long!$A$2:$A$451,$A17&"|A|"&$W17&"|wl")) -> 4 | AN17: =IF(OR($AK17="",$AL17="",$AF17=""),"",13+$AF17*$AK17+(1-$AF17)*$AL17) -> 18.97154 | AO17: =IF($AN17="","",$AF17*(13-$AK17)-(1-$AF17)*(13-$AL17)) -> 1.6572095 | AP17: =IF($AN17="","",($AF17*13+(1-$AF17)*$AL17)/$AN17) -> 0.5436762 | AQ17: =IF($X17="","",IFERROR((SUMIFS(HLTV_Long!$B$2:$B$451,HLTV_Long!$A$2:$A$451,$A17&"|A|"&$X17&"|lw")+SUMIFS(HLTV_Long!$B$2:$B$451,HLTV_Long!$A$2:$A$451,$A17&"|B|"&$X17&"|wl"))/(COUNTIFS(HLTV_Long!$A$2:$A$451,$A17&"|A|"&$X17&"|lw")+COUNTIFS(HLTV_Long!$A$2:$A$451,$A17&"|B|"&$X17&"|wl")),IFERROR((SUMIFS(HLTV_Long!$B$2:$B$451,HLTV_Long!$A$2:$A$451,$A17&"|A|"&"ALL"&"|lw")+SUMIFS(HLTV_Long!$B$2:$B$451,HLTV_Long!$A$2:$A$451,$A17&"|B|"&"ALL"&"|wl"))/(COUNTIFS(HLTV_Long!$A$2:$A$451,$A17&"|A|"&"ALL"&"|lw")+COUNTIFS(HLTV_Long!$A$2:$A$451,$A17&"|B|"&"ALL"&"|wl")),""))) -> 8.085 | AR17: =IF($X17="","",IFERROR((SUMIFS(HLTV_Long!$B$2:$B$451,HLTV_Long!$A$2:$A$451,$A17&"|B|"&$X17&"|lw")+SUMIFS(HLTV_Long!$B$2:$B$451,HLTV_Long!$A$2:$A$451,$A17&"|A|"&$X17&"|wl"))/(COUNTIFS(HLTV_Long!$A$2:$A$451,$A17&"|B|"&$X17&"|lw")+COUNTIFS(HLTV_Long!$A$2:$A$451,$A17&"|A|"&$X17&"|wl")),IFERROR((SUMIFS(HLTV_Long!$B$2:$B$451,HLTV_Long!$A$2:$A$451,$A17&"|B|"&"ALL"&"|lw")+SUMIFS(HLTV_Long!$B$2:$B$451,HLTV_Long!$A$2:$A$451,$A17&"|A|"&"ALL"&"|wl"))/(COUNTIFS(HLTV_Long!$A$2:$A$451,$A17&"|B|"&"ALL"&"|lw")+COUNTIFS(HLTV_Long!$A$2:$A$451,$A17&"|A|"&"ALL"&"|wl")),""))) -> 7.985 | AS17: =IF($X17="","",COUNTIFS(HLTV_Long!$A$2:$A$451,$A17&"|A|"&$X17&"|lw")+COUNTIFS(HLTV_Long!$A$2:$A$451,$A17&"|B|"&$X17&"|wl")+COUNTIFS(HLTV_Long!$A$2:$A$451,$A17&"|B|"&$X17&"|lw")+COUNTIFS(HLTV_Long!$A$2:$A$451,$A17&"|A|"&$X17&"|wl")) -> 4 | AT17: =IF(OR($AQ17="",$AR17="",$AG17=""),"",13+$AG17*$AQ17+(1-$AG17)*$AR17) -> 21.05053 | AU17: =IF($AT17="","",$AG17*(13-$AQ17)-(1-$AG17)*(13-$AR17)) -> 1.492129 | AV17: =IF($AT17="","",($AG17*13+(1-$AG17)*$AR17)/$AT17) -> 0.5354416 | AW17: =IF($Y17="","",IFERROR((SUMIFS(HLTV_Long!$B$2:$B$451,HLTV_Long!$A$2:$A$451,$A17&"|A|"&$Y17&"|lw")+SUMIFS(HLTV_Long!$B$2:$B$451,HLTV_Long!$A$2:$A$451,$A17&"|B|"&$Y17&"|wl"))/(COUNTIFS(HLTV_Long!$A$2:$A$451,$A17&"|A|"&$Y17&"|lw")+COUNTIFS(HLTV_Long!$A$2:$A$451,$A17&"|B|"&$Y17&"|wl")),IFERROR((SUMIFS(HLTV_Long!$B$2:$B$451,HLTV_Long!$A$2:$A$451,$A17&"|A|"&"ALL"&"|lw")+SUMIFS(HLTV_Long!$B$2:$B$451,HLTV_Long!$A$2:$A$451,$A17&"|B|"&"ALL"&"|wl"))/(COUNTIFS(HLTV_Long!$A$2:$A$451,$A17&"|A|"&"ALL"&"|lw")+COUNTIFS(HLTV_Long!$A$2:$A$451,$A17&"|B|"&"ALL"&"|wl")),""))) -> 6.52 | AX17: =IF($Y17="","",IFERROR((SUMIFS(HLTV_Long!$B$2:$B$451,HLTV_Long!$A$2:$A$451,$A17&"|B|"&$Y17&"|lw")+SUMIFS(HLTV_Long!$B$2:$B$451,HLTV_Long!$A$2:$A$451,$A17&"|A|"&$Y17&"|wl"))/(COUNTIFS(HLTV_Long!$A$2:$A$451,$A17&"|B|"&$Y17&"|lw")+COUNTIFS(HLTV_Long!$A$2:$A$451,$A17&"|A|"&$Y17&"|wl")),IFERROR((SUMIFS(HLTV_Long!$B$2:$B$451,HLTV_Long!$A$2:$A$451,$A17&"|B|"&"ALL"&"|lw")+SUMIFS(HLTV_Long!$B$2:$B$451,HLTV_Long!$A$2:$A$451,$A17&"|A|"&"ALL"&"|wl"))/(COUNTIFS(HLTV_Long!$A$2:$A$451,$A17&"|B|"&"ALL"&"|lw")+COUNTIFS(HLTV_Long!$A$2:$A$451,$A17&"|A|"&"ALL"&"|wl")),""))) -> 8.125 | AY17: =IF($Y17="","",COUNTIFS(HLTV_Long!$A$2:$A$451,$A17&"|A|"&$Y17&"|lw")+COUNTIFS(HLTV_Long!$A$2:$A$451,$A17&"|B|"&$Y17&"|wl")+COUNTIFS(HLTV_Long!$A$2:$A$451,$A17&"|B|"&$Y17&"|lw")+COUNTIFS(HLTV_Long!$A$2:$A$451,$A17&"|A|"&$Y17&"|wl")) -> 4 | AZ17: =IF(OR($AW17="",$AX17="",$AH17=""),"",13+$AH17*$AW17+(1-$AH17)*$AX17) -> 20.150444 | BA17: =IF($AZ17="","",$AH17*(13-$AW17)-(1-$AH17)*(13-$AX17)) -> 2.019756 | BB17: =IF($AZ17="","",($AH17*13+(1-$AH17)*$AX17)/$AZ17) -> 0.55011691
A18: CS2 · BB vs LGC | B18: CS2 | C18: Fri 12:00 | D18: 3 | E18: BB Team (BB) | F18: Legacy (LGC) | G18: 0.3718593 | H18: 0.17145012 | I18: 0.35718775 | J18: 0.47136213 | K18: Mirage 70% | L18: Ancient 10% | M18: Nuke 5% | N18: PF Map Picks | O18: 21.423154 | P18: 21.312553 | Q18: 21.423154 | R18: 0.15942029 | S18: -2.0998446 | T18: 11.359493 | V18: 361 | W18: Mirage | X18: Ancient | Y18: Nuke | Z18: 21.42 | AA18: 21.31 | AB18: 21.42 | AC18: 0.4714 | AD18: BB | AE18: LGC | AF18: 0.44 | AG18: 0.3719 | AH18: 0.4297 | AI18: {=IFERROR(INDEX(HLTV_Teams!$N$2:$N$33,MATCH($A18&"|A",HLTV_Teams!$A$2:$A$33,0)),"")} -> 0.48728056 | AJ18: {=IFERROR(INDEX(HLTV_Teams!$N$2:$N$33,MATCH($A18&"|B",HLTV_Teams!$A$2:$A$33,0)),"")} -> 0.50247513 | AK18: =IF($W18="","",IFERROR((SUMIFS(HLTV_Long!$B$2:$B$451,HLTV_Long!$A$2:$A$451,$A18&"|A|"&$W18&"|lw")+SUMIFS(HLTV_Long!$B$2:$B$451,HLTV_Long!$A$2:$A$451,$A18&"|B|"&$W18&"|wl"))/(COUNTIFS(HLTV_Long!$A$2:$A$451,$A18&"|A|"&$W18&"|lw")+COUNTIFS(HLTV_Long!$A$2:$A$451,$A18&"|B|"&$W18&"|wl")),IFERROR((SUMIFS(HLTV_Long!$B$2:$B$451,HLTV_Long!$A$2:$A$451,$A18&"|A|"&"ALL"&"|lw")+SUMIFS(HLTV_Long!$B$2:$B$451,HLTV_Long!$A$2:$A$451,$A18&"|B|"&"ALL"&"|wl"))/(COUNTIFS(HLTV_Long!$A$2:$A$451,$A18&"|A|"&"ALL"&"|lw")+COUNTIFS(HLTV_Long!$A$2:$A$451,$A18&"|B|"&"ALL"&"|wl")),""))) -> 7.5 | AL18: =IF($W18="","",IFERROR((SUMIFS(HLTV_Long!$B$2:$B$451,HLTV_Long!$A$2:$A$451,$A18&"|B|"&$W18&"|lw")+SUMIFS(HLTV_Long!$B$2:$B$451,HLTV_Long!$A$2:$A$451,$A18&"|A|"&$W18&"|wl"))/(COUNTIFS(HLTV_Long!$A$2:$A$451,$A18&"|B|"&$W18&"|lw")+COUNTIFS(HLTV_Long!$A$2:$A$451,$A18&"|A|"&$W18&"|wl")),IFERROR((SUMIFS(HLTV_Long!$B$2:$B$451,HLTV_Long!$A$2:$A$451,$A18&"|B|"&"ALL"&"|lw")+SUMIFS(HLTV_Long!$B$2:$B$451,HLTV_Long!$A$2:$A$451,$A18&"|A|"&"ALL"&"|wl"))/(COUNTIFS(HLTV_Long!$A$2:$A$451,$A18&"|B|"&"ALL"&"|lw")+COUNTIFS(HLTV_Long!$A$2:$A$451,$A18&"|A|"&"ALL"&"|wl")),""))) -> 8.445 | AM18: =IF($W18="","",COUNTIFS(HLTV_Long!$A$2:$A$451,$A18&"|A|"&$W18&"|lw")+COUNTIFS(HLTV_Long!$A$2:$A$451,$A18&"|B|"&$W18&"|wl")+COUNTIFS(HLTV_Long!$A$2:$A$451,$A18&"|B|"&$W18&"|lw")+COUNTIFS(HLTV_Long!$A$2:$A$451,$A18&"|A|"&$W18&"|wl")) -> 4 | AN18: =IF(OR($AK18="",$AL18="",$AF18=""),"",13+$AF18*$AK18+(1-$AF18)*$AL18) -> 21.0292 | AO18: =IF($AN18="","",$AF18*(13-$AK18)-(1-$AF18)*(13-$AL18)) -> -0.1308 | AP18: =IF($AN18="","",($AF18*13+(1-$AF18)*$AL18)/$AN18) -> 0.49689004 | AQ18: =IF($X18="","",IFERROR((SUMIFS(HLTV_Long!$B$2:$B$451,HLTV_Long!$A$2:$A$451,$A18&"|A|"&$X18&"|lw")+SUMIFS(HLTV_Long!$B$2:$B$451,HLTV_Long!$A$2:$A$451,$A18&"|B|"&$X18&"|wl"))/(COUNTIFS(HLTV_Long!$A$2:$A$451,$A18&"|A|"&$X18&"|lw")+COUNTIFS(HLTV_Long!$A$2:$A$451,$A18&"|B|"&$X18&"|wl")),IFERROR((SUMIFS(HLTV_Long!$B$2:$B$451,HLTV_Long!$A$2:$A$451,$A18&"|A|"&"ALL"&"|lw")+SUMIFS(HLTV_Long!$B$2:$B$451,HLTV_Long!$A$2:$A$451,$A18&"|B|"&"ALL"&"|wl"))/(COUNTIFS(HLTV_Long!$A$2:$A$451,$A18&"|A|"&"ALL"&"|lw")+COUNTIFS(HLTV_Long!$A$2:$A$451,$A18&"|B|"&"ALL"&"|wl")),""))) -> 11.9 | AR18: =IF($X18="","",IFERROR((SUMIFS(HLTV_Long!$B$2:$B$451,HLTV_Long!$A$2:$A$451,$A18&"|B|"&$X18&"|lw")+SUMIFS(HLTV_Long!$B$2:$B$451,HLTV_Long!$A$2:$A$451,$A18&"|A|"&$X18&"|wl"))/(COUNTIFS(HLTV_Long!$A$2:$A$451,$A18&"|B|"&$X18&"|lw")+COUNTIFS(HLTV_Long!$A$2:$A$451,$A18&"|A|"&$X18&"|wl")),IFERROR((SUMIFS(HLTV_Long!$B$2:$B$451,HLTV_Long!$A$2:$A$451,$A18&"|B|"&"ALL"&"|lw")+SUMIFS(HLTV_Long!$B$2:$B$451,HLTV_Long!$A$2:$A$451,$A18&"|A|"&"ALL"&"|wl"))/(COUNTIFS(HLTV_Long!$A$2:$A$451,$A18&"|B|"&"ALL"&"|lw")+COUNTIFS(HLTV_Long!$A$2:$A$451,$A18&"|A|"&"ALL"&"|wl")),""))) -> 8.3 | AS18: =IF($X18="","",COUNTIFS(HLTV_Long!$A$2:$A$451,$A18&"|A|"&$X18&"|lw")+COUNTIFS(HLTV_Long!$A$2:$A$451,$A18&"|B|"&$X18&"|wl")+COUNTIFS(HLTV_Long!$A$2:$A$451,$A18&"|B|"&$X18&"|lw")+COUNTIFS(HLTV_Long!$A$2:$A$451,$A18&"|A|"&$X18&"|wl")) -> 4 | AT18: =IF(OR($AQ18="",$AR18="",$AG18=""),"",13+$AG18*$AQ18+(1-$AG18)*$AR18) -> 22.63884 | AU18: =IF($AT18="","",$AG18*(13-$AQ18)-(1-$AG18)*(13-$AR18)) -> -2.54298 | AV18: =IF($AT18="","",($AG18*13+(1-$AG18)*$AR18)/$AT18) -> 0.4438359 | AW18: =IF($Y18="","",IFERROR((SUMIFS(HLTV_Long!$B$2:$B$451,HLTV_Long!$A$2:$A$451,$A18&"|A|"&$Y18&"|lw")+SUMIFS(HLTV_Long!$B$2:$B$451,HLTV_Long!$A$2:$A$451,$A18&"|B|"&$Y18&"|wl"))/(COUNTIFS(HLTV_Long!$A$2:$A$451,$A18&"|A|"&$Y18&"|lw")+COUNTIFS(HLTV_Long!$A$2:$A$451,$A18&"|B|"&$Y18&"|wl")),IFERROR((SUMIFS(HLTV_Long!$B$2:$B$451,HLTV_Long!$A$2:$A$451,$A18&"|A|"&"ALL"&"|lw")+SUMIFS(HLTV_Long!$B$2:$B$451,HLTV_Long!$A$2:$A$451,$A18&"|B|"&"ALL"&"|wl"))/(COUNTIFS(HLTV_Long!$A$2:$A$451,$A18&"|A|"&"ALL"&"|lw")+COUNTIFS(HLTV_Long!$A$2:$A$451,$A18&"|B|"&"ALL"&"|wl")),""))) -> 11 | AX18: =IF($Y18="","",IFERROR((SUMIFS(HLTV_Long!$B$2:$B$451,HLTV_Long!$A$2:$A$451,$A18&"|B|"&$Y18&"|lw")+SUMIFS(HLTV_Long!$B$2:$B$451,HLTV_Long!$A$2:$A$451,$A18&"|A|"&$Y18&"|wl"))/(COUNTIFS(HLTV_Long!$A$2:$A$451,$A18&"|B|"&$Y18&"|lw")+COUNTIFS(HLTV_Long!$A$2:$A$451,$A18&"|A|"&$Y18&"|wl")),IFERROR((SUMIFS(HLTV_Long!$B$2:$B$451,HLTV_Long!$A$2:$A$451,$A18&"|B|"&"ALL"&"|lw")+SUMIFS(HLTV_Long!$B$2:$B$451,HLTV_Long!$A$2:$A$451,$A18&"|A|"&"ALL"&"|wl"))/(COUNTIFS(HLTV_Long!$A$2:$A$451,$A18&"|B|"&"ALL"&"|lw")+COUNTIFS(HLTV_Long!$A$2:$A$451,$A18&"|A|"&"ALL"&"|wl")),""))) -> 6.25 | AY18: =IF($Y18="","",COUNTIFS(HLTV_Long!$A$2:$A$451,$A18&"|A|"&$Y18&"|lw")+COUNTIFS(HLTV_Long!$A$2:$A$451,$A18&"|B|"&$Y18&"|wl")+COUNTIFS(HLTV_Long!$A$2:$A$451,$A18&"|B|"&$Y18&"|lw")+COUNTIFS(HLTV_Long!$A$2:$A$451,$A18&"|A|"&$Y18&"|wl")) -> 4 | AZ18: =IF(OR($AW18="",$AX18="",$AH18=""),"",13+$AH18*$AW18+(1-$AH18)*$AX18) -> 21.291075 | BA18: =IF($AZ18="","",$AH18*(13-$AW18)-(1-$AH18)*(13-$AX18)) -> -2.990125 | BB18: =IF($AZ18="","",($AH18*13+(1-$AH18)*$AX18)/$AZ18) -> 0.42977985
A19: CS2 · GL vs ex-RUSTEC | B19: CS2 | C19: Fri 12:00 | D19: 3 | E19: GamerLegion (GL) | F19: ex-RUSTEC (ex-RUSTEC) | G19: 0.80672269 | K19: Nuke 32% | L19: Cache 18% | M19: Ancient 18% | N19: PF Map Picks | V19: 7 | W19: Nuke | X19: Cache | Y19: Ancient | Z19: =Config!$B$7 -> 21.5 | AA19: =Config!$B$7 -> 21.5 | AB19: =Config!$B$7 -> 21.5 | AC19: 0 | AD19: GL | AE19: ex-RUSTEC | AF19: 0.7014 | AG19: 0.757 | AH19: 0.7111 | AI19: {=IFERROR(INDEX(HLTV_Teams!$N$2:$N$33,MATCH($A19&"|A",HLTV_Teams!$A$2:$A$33,0)),"")} -> 0.51059551 | AJ19: {=IFERROR(INDEX(HLTV_Teams!$N$2:$N$33,MATCH($A19&"|B",HLTV_Teams!$A$2:$A$33,0)),"")} -> 0.52273113 | AK19: =IF($W19="","",IFERROR((SUMIFS(HLTV_Long!$B$2:$B$451,HLTV_Long!$A$2:$A$451,$A19&"|A|"&$W19&"|lw")+SUMIFS(HLTV_Long!$B$2:$B$451,HLTV_Long!$A$2:$A$451,$A19&"|B|"&$W19&"|wl"))/(COUNTIFS(HLTV_Long!$A$2:$A$451,$A19&"|A|"&$W19&"|lw")+COUNTIFS(HLTV_Long!$A$2:$A$451,$A19&"|B|"&$W19&"|wl")),IFERROR((SUMIFS(HLTV_Long!$B$2:$B$451,HLTV_Long!$A$2:$A$451,$A19&"|A|"&"ALL"&"|lw")+SUMIFS(HLTV_Long!$B$2:$B$451,HLTV_Long!$A$2:$A$451,$A19&"|B|"&"ALL"&"|wl"))/(COUNTIFS(HLTV_Long!$A$2:$A$451,$A19&"|A|"&"ALL"&"|lw")+COUNTIFS(HLTV_Long!$A$2:$A$451,$A19&"|B|"&"ALL"&"|wl")),""))) -> 8.18 | AL19: =IF($W19="","",IFERROR((SUMIFS(HLTV_Long!$B$2:$B$451,HLTV_Long!$A$2:$A$451,$A19&"|B|"&$W19&"|lw")+SUMIFS(HLTV_Long!$B$2:$B$451,HLTV_Long!$A$2:$A$451,$A19&"|A|"&$W19&"|wl"))/(COUNTIFS(HLTV_Long!$A$2:$A$451,$A19&"|B|"&$W19&"|lw")+COUNTIFS(HLTV_Long!$A$2:$A$451,$A19&"|A|"&$W19&"|wl")),IFERROR((SUMIFS(HLTV_Long!$B$2:$B$451,HLTV_Long!$A$2:$A$451,$A19&"|B|"&"ALL"&"|lw")+SUMIFS(HLTV_Long!$B$2:$B$451,HLTV_Long!$A$2:$A$451,$A19&"|A|"&"ALL"&"|wl"))/(COUNTIFS(HLTV_Long!$A$2:$A$451,$A19&"|B|"&"ALL"&"|lw")+COUNTIFS(HLTV_Long!$A$2:$A$451,$A19&"|A|"&"ALL"&"|wl")),""))) -> 9.09 | AM19: =IF($W19="","",COUNTIFS(HLTV_Long!$A$2:$A$451,$A19&"|A|"&$W19&"|lw")+COUNTIFS(HLTV_Long!$A$2:$A$451,$A19&"|B|"&$W19&"|wl")+COUNTIFS(HLTV_Long!$A$2:$A$451,$A19&"|B|"&$W19&"|lw")+COUNTIFS(HLTV_Long!$A$2:$A$451,$A19&"|A|"&$W19&"|wl")) -> 4 | AN19: =IF(OR($AK19="",$AL19="",$AF19=""),"",13+$AF19*$AK19+(1-$AF19)*$AL19) -> 21.451726 | AO19: =IF($AN19="","",$AF19*(13-$AK19)-(1-$AF19)*(13-$AL19)) -> 2.213222 | AP19: =IF($AN19="","",($AF19*13+(1-$AF19)*$AL19)/$AN19) -> 0.55158611 | AQ19: =IF($X19="","",IFERROR((SUMIFS(HLTV_Long!$B$2:$B$451,HLTV_Long!$A$2:$A$451,$A19&"|A|"&$X19&"|lw")+SUMIFS(HLTV_Long!$B$2:$B$451,HLTV_Long!$A$2:$A$451,$A19&"|B|"&$X19&"|wl"))/(COUNTIFS(HLTV_Long!$A$2:$A$451,$A19&"|A|"&$X19&"|lw")+COUNTIFS(HLTV_Long!$A$2:$A$451,$A19&"|B|"&$X19&"|wl")),IFERROR((SUMIFS(HLTV_Long!$B$2:$B$451,HLTV_Long!$A$2:$A$451,$A19&"|A|"&"ALL"&"|lw")+SUMIFS(HLTV_Long!$B$2:$B$451,HLTV_Long!$A$2:$A$451,$A19&"|B|"&"ALL"&"|wl"))/(COUNTIFS(HLTV_Long!$A$2:$A$451,$A19&"|A|"&"ALL"&"|lw")+COUNTIFS(HLTV_Long!$A$2:$A$451,$A19&"|B|"&"ALL"&"|wl")),""))) -> 9.75 | AR19: =IF($X19="","",IFERROR((SUMIFS(HLTV_Long!$B$2:$B$451,HLTV_Long!$A$2:$A$451,$A19&"|B|"&$X19&"|lw")+SUMIFS(HLTV_Long!$B$2:$B$451,HLTV_Long!$A$2:$A$451,$A19&"|A|"&$X19&"|wl"))/(COUNTIFS(HLTV_Long!$A$2:$A$451,$A19&"|B|"&$X19&"|lw")+COUNTIFS(HLTV_Long!$A$2:$A$451,$A19&"|A|"&$X19&"|wl")),IFERROR((SUMIFS(HLTV_Long!$B$2:$B$451,HLTV_Long!$A$2:$A$451,$A19&"|B|"&"ALL"&"|lw")+SUMIFS(HLTV_Long!$B$2:$B$451,HLTV_Long!$A$2:$A$451,$A19&"|A|"&"ALL"&"|wl"))/(COUNTIFS(HLTV_Long!$A$2:$A$451,$A19&"|B|"&"ALL"&"|lw")+COUNTIFS(HLTV_Long!$A$2:$A$451,$A19&"|A|"&"ALL"&"|wl")),""))) -> 5 | AS19: =IF($X19="","",COUNTIFS(HLTV_Long!$A$2:$A$451,$A19&"|A|"&$X19&"|lw")+COUNTIFS(HLTV_Long!$A$2:$A$451,$A19&"|B|"&$X19&"|wl")+COUNTIFS(HLTV_Long!$A$2:$A$451,$A19&"|B|"&$X19&"|lw")+COUNTIFS(HLTV_Long!$A$2:$A$451,$A19&"|A|"&$X19&"|wl")) -> 3 | AT19: =IF(OR($AQ19="",$AR19="",$AG19=""),"",13+$AG19*$AQ19+(1-$AG19)*$AR19) -> 21.59575 | AU19: =IF($AT19="","",$AG19*(13-$AQ19)-(1-$AG19)*(13-$AR19)) -> 0.51625 | AV19: =IF($AT19="","",($AG19*13+(1-$AG19)*$AR19)/$AT19) -> 0.51195258 | AW19: =IF($Y19="","",IFERROR((SUMIFS(HLTV_Long!$B$2:$B$451,HLTV_Long!$A$2:$A$451,$A19&"|A|"&$Y19&"|lw")+SUMIFS(HLTV_Long!$B$2:$B$451,HLTV_Long!$A$2:$A$451,$A19&"|B|"&$Y19&"|wl"))/(COUNTIFS(HLTV_Long!$A$2:$A$451,$A19&"|A|"&$Y19&"|lw")+COUNTIFS(HLTV_Long!$A$2:$A$451,$A19&"|B|"&$Y19&"|wl")),IFERROR((SUMIFS(HLTV_Long!$B$2:$B$451,HLTV_Long!$A$2:$A$451,$A19&"|A|"&"ALL"&"|lw")+SUMIFS(HLTV_Long!$B$2:$B$451,HLTV_Long!$A$2:$A$451,$A19&"|B|"&"ALL"&"|wl"))/(COUNTIFS(HLTV_Long!$A$2:$A$451,$A19&"|A|"&"ALL"&"|lw")+COUNTIFS(HLTV_Long!$A$2:$A$451,$A19&"|B|"&"ALL"&"|wl")),""))) -> 7.915 | AX19: =IF($Y19="","",IFERROR((SUMIFS(HLTV_Long!$B$2:$B$451,HLTV_Long!$A$2:$A$451,$A19&"|B|"&$Y19&"|lw")+SUMIFS(HLTV_Long!$B$2:$B$451,HLTV_Long!$A$2:$A$451,$A19&"|A|"&$Y19&"|wl"))/(COUNTIFS(HLTV_Long!$A$2:$A$451,$A19&"|B|"&$Y19&"|lw")+COUNTIFS(HLTV_Long!$A$2:$A$451,$A19&"|A|"&$Y19&"|wl")),IFERROR((SUMIFS(HLTV_Long!$B$2:$B$451,HLTV_Long!$A$2:$A$451,$A19&"|B|"&"ALL"&"|lw")+SUMIFS(HLTV_Long!$B$2:$B$451,HLTV_Long!$A$2:$A$451,$A19&"|A|"&"ALL"&"|wl"))/(COUNTIFS(HLTV_Long!$A$2:$A$451,$A19&"|B|"&"ALL"&"|lw")+COUNTIFS(HLTV_Long!$A$2:$A$451,$A19&"|A|"&"ALL"&"|wl")),""))) -> 9.35 | AY19: =IF($Y19="","",COUNTIFS(HLTV_Long!$A$2:$A$451,$A19&"|A|"&$Y19&"|lw")+COUNTIFS(HLTV_Long!$A$2:$A$451,$A19&"|B|"&$Y19&"|wl")+COUNTIFS(HLTV_Long!$A$2:$A$451,$A19&"|B|"&$Y19&"|lw")+COUNTIFS(HLTV_Long!$A$2:$A$451,$A19&"|A|"&$Y19&"|wl")) -> 4 | AZ19: =IF(OR($AW19="",$AX19="",$AH19=""),"",13+$AH19*$AW19+(1-$AH19)*$AX19) -> 21.329572 | BA19: =IF($AZ19="","",$AH19*(13-$AW19)-(1-$AH19)*(13-$AX19)) -> 2.5614585 | BB19: =IF($AZ19="","",($AH19*13+(1-$AH19)*$AX19)/$AZ19) -> 0.56004477
A20: CS2 · PHA vs HAVU | B20: CS2 | C20: Fri 13:00 | D20: 1 | E20: Phantom Esports (PHA) | F20: HAVU Gaming (HAVU) | G20: 0.70135747 | J20: 0 | K20: Ancient 69% | L20: Mirage 11% | M20: Dust2 7% | N20: PF Map Picks | O20: 21.047456 | R20: 0.14634146 | S20: 3.739726 | U20: 9.5 | V20: 63 | W20: Ancient | X20: Mirage | Z20: 21.05 | AA20: =Config!$B$7 -> 21.5 | AC20: 0 | AD20: PHA | AE20: HAVU | AF20: 0.7014 | AG20: 0.7014 | AH20: 0.7014 | AI20: {=IFERROR(INDEX(HLTV_Teams!$N$2:$N$33,MATCH($A20&"|A",HLTV_Teams!$A$2:$A$33,0)),"")} -> 0.48628402 | AJ20: {=IFERROR(INDEX(HLTV_Teams!$N$2:$N$33,MATCH($A20&"|B",HLTV_Teams!$A$2:$A$33,0)),"")} -> 0.50219958 | AK20: =IF($W20="","",IFERROR((SUMIFS(HLTV_Long!$B$2:$B$451,HLTV_Long!$A$2:$A$451,$A20&"|A|"&$W20&"|lw")+SUMIFS(HLTV_Long!$B$2:$B$451,HLTV_Long!$A$2:$A$451,$A20&"|B|"&$W20&"|wl"))/(COUNTIFS(HLTV_Long!$A$2:$A$451,$A20&"|A|"&$W20&"|lw")+COUNTIFS(HLTV_Long!$A$2:$A$451,$A20&"|B|"&$W20&"|wl")),IFERROR((SUMIFS(HLTV_Long!$B$2:$B$451,HLTV_Long!$A$2:$A$451,$A20&"|A|"&"ALL"&"|lw")+SUMIFS(HLTV_Long!$B$2:$B$451,HLTV_Long!$A$2:$A$451,$A20&"|B|"&"ALL"&"|wl"))/(COUNTIFS(HLTV_Long!$A$2:$A$451,$A20&"|A|"&"ALL"&"|lw")+COUNTIFS(HLTV_Long!$A$2:$A$451,$A20&"|B|"&"ALL"&"|wl")),""))) -> 8.445 | AL20: =IF($W20="","",IFERROR((SUMIFS(HLTV_Long!$B$2:$B$451,HLTV_Long!$A$2:$A$451,$A20&"|B|"&$W20&"|lw")+SUMIFS(HLTV_Long!$B$2:$B$451,HLTV_Long!$A$2:$A$451,$A20&"|A|"&$W20&"|wl"))/(COUNTIFS(HLTV_Long!$A$2:$A$451,$A20&"|B|"&$W20&"|lw")+COUNTIFS(HLTV_Long!$A$2:$A$451,$A20&"|A|"&$W20&"|wl")),IFERROR((SUMIFS(HLTV_Long!$B$2:$B$451,HLTV_Long!$A$2:$A$451,$A20&"|B|"&"ALL"&"|lw")+SUMIFS(HLTV_Long!$B$2:$B$451,HLTV_Long!$A$2:$A$451,$A20&"|A|"&"ALL"&"|wl"))/(COUNTIFS(HLTV_Long!$A$2:$A$451,$A20&"|B|"&"ALL"&"|lw")+COUNTIFS(HLTV_Long!$A$2:$A$451,$A20&"|A|"&"ALL"&"|wl")),""))) -> 8.25 | AM20: =IF($W20="","",COUNTIFS(HLTV_Long!$A$2:$A$451,$A20&"|A|"&$W20&"|lw")+COUNTIFS(HLTV_Long!$A$2:$A$451,$A20&"|B|"&$W20&"|wl")+COUNTIFS(HLTV_Long!$A$2:$A$451,$A20&"|B|"&$W20&"|lw")+COUNTIFS(HLTV_Long!$A$2:$A$451,$A20&"|A|"&$W20&"|wl")) -> 4 | AN20: =IF(OR($AK20="",$AL20="",$AF20=""),"",13+$AF20*$AK20+(1-$AF20)*$AL20) -> 21.386773 | AO20: =IF($AN20="","",$AF20*(13-$AK20)-(1-$AF20)*(13-$AL20)) -> 1.776527 | AP20: =IF($AN20="","",($AF20*13+(1-$AF20)*$AL20)/$AN20) -> 0.54153331 | AQ20: =IF($X20="","",IFERROR((SUMIFS(HLTV_Long!$B$2:$B$451,HLTV_Long!$A$2:$A$451,$A20&"|A|"&$X20&"|lw")+SUMIFS(HLTV_Long!$B$2:$B$451,HLTV_Long!$A$2:$A$451,$A20&"|B|"&$X20&"|wl"))/(COUNTIFS(HLTV_Long!$A$2:$A$451,$A20&"|A|"&$X20&"|lw")+COUNTIFS(HLTV_Long!$A$2:$A$451,$A20&"|B|"&$X20&"|wl")),IFERROR((SUMIFS(HLTV_Long!$B$2:$B$451,HLTV_Long!$A$2:$A$451,$A20&"|A|"&"ALL"&"|lw")+SUMIFS(HLTV_Long!$B$2:$B$451,HLTV_Long!$A$2:$A$451,$A20&"|B|"&"ALL"&"|wl"))/(COUNTIFS(HLTV_Long!$A$2:$A$451,$A20&"|A|"&"ALL"&"|lw")+COUNTIFS(HLTV_Long!$A$2:$A$451,$A20&"|B|"&"ALL"&"|wl")),""))) -> 10 | AR20: =IF($X20="","",IFERROR((SUMIFS(HLTV_Long!$B$2:$B$451,HLTV_Long!$A$2:$A$451,$A20&"|B|"&$X20&"|lw")+SUMIFS(HLTV_Long!$B$2:$B$451,HLTV_Long!$A$2:$A$451,$A20&"|A|"&$X20&"|wl"))/(COUNTIFS(HLTV_Long!$A$2:$A$451,$A20&"|B|"&$X20&"|lw")+COUNTIFS(HLTV_Long!$A$2:$A$451,$A20&"|A|"&$X20&"|wl")),IFERROR((SUMIFS(HLTV_Long!$B$2:$B$451,HLTV_Long!$A$2:$A$451,$A20&"|B|"&"ALL"&"|lw")+SUMIFS(HLTV_Long!$B$2:$B$451,HLTV_Long!$A$2:$A$451,$A20&"|A|"&"ALL"&"|wl"))/(COUNTIFS(HLTV_Long!$A$2:$A$451,$A20&"|B|"&"ALL"&"|lw")+COUNTIFS(HLTV_Long!$A$2:$A$451,$A20&"|A|"&"ALL"&"|wl")),""))) -> 7.775 | AS20: =IF($X20="","",COUNTIFS(HLTV_Long!$A$2:$A$451,$A20&"|A|"&$X20&"|lw")+COUNTIFS(HLTV_Long!$A$2:$A$451,$A20&"|B|"&$X20&"|wl")+COUNTIFS(HLTV_Long!$A$2:$A$451,$A20&"|B|"&$X20&"|lw")+COUNTIFS(HLTV_Long!$A$2:$A$451,$A20&"|A|"&$X20&"|wl")) -> 4 | AT20: =IF(OR($AQ20="",$AR20="",$AG20=""),"",13+$AG20*$AQ20+(1-$AG20)*$AR20) -> 22.335615 | AU20: =IF($AT20="","",$AG20*(13-$AQ20)-(1-$AG20)*(13-$AR20)) -> 0.544015 | AV20: =IF($AT20="","",($AG20*13+(1-$AG20)*$AR20)/$AT20) -> 0.5121782 | AW20: =IF($Y20="","",IFERROR((SUMIFS(HLTV_Long!$B$2:$B$451,HLTV_Long!$A$2:$A$451,$A20&"|A|"&$Y20&"|lw")+SUMIFS(HLTV_Long!$B$2:$B$451,HLTV_Long!$A$2:$A$451,$A20&"|B|"&$Y20&"|wl"))/(COUNTIFS(HLTV_Long!$A$2:$A$451,$A20&"|A|"&$Y20&"|lw")+COUNTIFS(HLTV_Long!$A$2:$A$451,$A20&"|B|"&$Y20&"|wl")),IFERROR((SUMIFS(HLTV_Long!$B$2:$B$451,HLTV_Long!$A$2:$A$451,$A20&"|A|"&"ALL"&"|lw")+SUMIFS(HLTV_Long!$B$2:$B$451,HLTV_Long!$A$2:$A$451,$A20&"|B|"&"ALL"&"|wl"))/(COUNTIFS(HLTV_Long!$A$2:$A$451,$A20&"|A|"&"ALL"&"|lw")+COUNTIFS(HLTV_Long!$A$2:$A$451,$A20&"|B|"&"ALL"&"|wl")),""))) | AX20: =IF($Y20="","",IFERROR((SUMIFS(HLTV_Long!$B$2:$B$451,HLTV_Long!$A$2:$A$451,$A20&"|B|"&$Y20&"|lw")+SUMIFS(HLTV_Long!$B$2:$B$451,HLTV_Long!$A$2:$A$451,$A20&"|A|"&$Y20&"|wl"))/(COUNTIFS(HLTV_Long!$A$2:$A$451,$A20&"|B|"&$Y20&"|lw")+COUNTIFS(HLTV_Long!$A$2:$A$451,$A20&"|A|"&$Y20&"|wl")),IFERROR((SUMIFS(HLTV_Long!$B$2:$B$451,HLTV_Long!$A$2:$A$451,$A20&"|B|"&"ALL"&"|lw")+SUMIFS(HLTV_Long!$B$2:$B$451,HLTV_Long!$A$2:$A$451,$A20&"|A|"&"ALL"&"|wl"))/(COUNTIFS(HLTV_Long!$A$2:$A$451,$A20&"|B|"&"ALL"&"|lw")+COUNTIFS(HLTV_Long!$A$2:$A$451,$A20&"|A|"&"ALL"&"|wl")),""))) | AY20: =IF($Y20="","",COUNTIFS(HLTV_Long!$A$2:$A$451,$A20&"|A|"&$Y20&"|lw")+COUNTIFS(HLTV_Long!$A$2:$A$451,$A20&"|B|"&$Y20&"|wl")+COUNTIFS(HLTV_Long!$A$2:$A$451,$A20&"|B|"&$Y20&"|lw")+COUNTIFS(HLTV_Long!$A$2:$A$451,$A20&"|A|"&$Y20&"|wl")) | AZ20: =IF(OR($AW20="",$AX20="",$AH20=""),"",13+$AH20*$AW20+(1-$AH20)*$AX20) | BA20: =IF($AZ20="","",$AH20*(13-$AW20)-(1-$AH20)*(13-$AX20)) | BB20: =IF($AZ20="","",($AH20*13+(1-$AH20)*$AX20)/$AZ20)
A21: VAL · VIT vs LOUD | B21: VAL | C21: Fri 01:00 | D21: 3 | E21: Team Vitality (VIT) | F21: LOUD (LOUD) | G21: 0.46933333 | H21: 0.23589894 | I21: 0.27447361 | J21: 0.48962745 | K21: Split 15% | L21: Summit 15% | M21: Haven 15% | N21: most-played by both rosters (no Map Picks) | O21: 21.618483 | P21: 21.618483 | R21: 0.16063676 | S21: -0.39278132 | V21: 442 | W21: Split | X21: Summit | Y21: Haven | Z21: 21.62 | AA21: 21.62 | AB21: =Config!$B$8 -> 22.5 | AC21: 0.4896 | AD21: VIT | AE21: LOUD | AF21: 0.4786 | AG21: 0.4786 | AH21: 0.4693
A22: VAL · 100T vs G2 | B22: VAL | C22: Fri 04:00 | D22: 3 | E22: 100 Thieves (100T) | F22: G2 Esports (G2) | G22: 0.61616162 | H22: 0.33544481 | I22: 0.18715805 | J22: 0.47739714 | K22: Sunset 16% | L22: Ascent 14% | M22: Split 13% | N22: most-played by both rosters (no Map Picks) | O22: 21.570567 | P22: 21.570567 | R22: 0.15714286 | S22: 1.7672145 | U22: 11.009533 | V22: 448 | W22: Sunset | X22: Ascent | Y22: Split | Z22: 21.57 | AA22: 21.57 | AB22: =Config!$B$8 -> 22.5 | AC22: 0.4774 | AD22: 100T | AE22: G2 | AF22: 0.5796 | AG22: 0.5796 | AH22: 0.6162

Sheet Projections
A1: Title | B1: Match | C1: Player | D1: Team | E1: Market | F1: Line | G1: Proj | H1: Sigma | I1: P(over) | J1: P(under) | K1: P(push) | L1: Model side (paper) | M1: TP book median | N1: PF Avg L10 | O1: PF L5 | P1: PF L10 | Q1: PF L15 | R1: PF H2H | S1: PF streak | T1: Maps used | U1: Rounds used | V1: Flags | W1: Calc key | X1: Code | Y1: Lookup | Z1: Proj adj | AA1: Sigma adj | AB1: P(over) adj | AC1: P(under) adj | AD1: Side adj (paper) | AE1: Diff mult
A2: CS2 | B2: CS2 · 100T vs SNG | C2: device | D2: 100T | E2: Maps 1-2 HS | F2: 10.5 | G2: {=IFERROR(INDEX(CHOOSE(MATCH($X2,{"K1","K2","K3","K12","K13","H1","H2","H3","H12","H13"},0),Calc!$V$2:$V$157,Calc!$AC$2:$AC$157,Calc!$AJ$2:$AJ$157,Calc!$AL$2:$AL$157,Calc!$AM$2:$AM$157,Calc!$W$2:$W$157,Calc!$AD$2:$AD$157,Calc!$AK$2:$AK$157,Calc!$AN$2:$AN$157,Calc!$AO$2:$AO$157),MATCH($W2,Calc!$A$2:$A$157,0)),"")} -> 10.640021 | H2: {=IF(G2="","",IF(LEFT($X2,1)="H",SQRT(G2*(IFERROR(INDEX(Calc!$AP$2:$AP$157,MATCH($W2,Calc!$A$2:$A$157,0)),0.5)*Config!$B$5+1-IFERROR(INDEX(Calc!$AP$2:$AP$157,MATCH($W2,Calc!$A$2:$A$157,0)),0.5))),SQRT(G2*Config!$B$5)))} -> 3.4669408 | I2: =IF(OR(F2="",G2="",N(H2)<=0),"",1-NORMDIST(FLOOR(F2,1)+0.5,G2,H2,TRUE)) -> 0.51610785 | J2: =IF(I2="","",NORMDIST(CEILING(F2,1)-0.5,G2,H2,TRUE)) -> 0.48389215 | K2: =IF(I2="","",MAX(0,1-I2-J2)) -> 0 | L2: =IF(I2="","",IF(I2>=0.5+Config!$B$6,"OVER",IF(J2>=0.5+Config!$B$6,"UNDER","—"))) -> — | N2: 9.1 | O2: 0.2 | P2: 0.2 | Q2: 0.27 | R2: - | S2: -2 | T2: {=INDEX(Calc!$G$2:$G$157,MATCH($W2,Calc!$A$2:$A$157,0))&" / "&INDEX(Calc!$H$2:$H$157,MATCH($W2,Calc!$A$2:$A$157,0))} -> Dust2 / Nuke | U2: {=TEXT(INDEX(Calc!$J$2:$J$157,MATCH($W2,Calc!$A$2:$A$157,0)),"0.0")&" / "&TEXT(INDEX(Calc!$K$2:$K$157,MATCH($W2,Calc!$A$2:$A$157,0)),"0.0")} -> 21.4 / 21.2 | V2: {=IFERROR(INDEX(Calc!$AQ$2:$AQ$157,MATCH($W2,Calc!$A$2:$A$157,0)),"")} | W2: yoqtwbv6uc6leni|CS2 · 100T vs SNG | X2: H12 | Y2: =W2&"|"&X2 -> yoqtwbv6uc6leni|CS2 · 100T vs SNG|H12 | Z2: {=IFERROR(INDEX(CHOOSE(MATCH($X2,{"K1","K2","K3","K12","K13","H1","H2","H3","H12","H13"},0),Calc!$BA$2:$BA$157,Calc!$BB$2:$BB$157,Calc!$BC$2:$BC$157,Calc!$BD$2:$BD$157,Calc!$BE$2:$BE$157,Calc!$BF$2:$BF$157,Calc!$BG$2:$BG$157,Calc!$BH$2:$BH$157,Calc!$BI$2:$BI$157,Calc!$BJ$2:$BJ$157),MATCH($W2,Calc!$A$2:$A$157,0)),"")} -> 10.67747 | AA2: {=IF(Z2="","",IF(LEFT($X2,1)="H",SQRT(Z2*(IFERROR(INDEX(Calc!$AP$2:$AP$157,MATCH($W2,Calc!$A$2:$A$157,0)),0.5)*Config!$B$5+1-IFERROR(INDEX(Calc!$AP$2:$AP$157,MATCH($W2,Calc!$A$2:$A$157,0)),0.5))),SQRT(Z2*Config!$B$5)))} -> 3.4730366 | AB2: =IF(OR(F2="",Z2="",N(AA2)<=0),"",1-NORMDIST(FLOOR(F2,1)+0.5,Z2,AA2,TRUE)) -> 0.5203768 | AC2: =IF(AB2="","",NORMDIST(CEILING(F2,1)-0.5,Z2,AA2,TRUE)) -> 0.4796232 | AD2: =IF(AB2="","",IF(AB2>=0.5+Config!$B$6,"OVER",IF(AC2>=0.5+Config!$B$6,"UNDER","—"))) -> — | AE2: =IFERROR(Z2/G2,"") -> 1.0035196
A3: CS2 | B3: CS2 · 100T vs SNG | C3: device | D3: 100T | E3: Maps 1-2 Kills | F3: 31.5 | G3: {=IFERROR(INDEX(CHOOSE(MATCH($X3,{"K1","K2","K3","K12","K13","H1","H2","H3","H12","H13"},0),Calc!$V$2:$V$157,Calc!$AC$2:$AC$157,Calc!$AJ$2:$AJ$157,Calc!$AL$2:$AL$157,Calc!$AM$2:$AM$157,Calc!$W$2:$W$157,Calc!$AD$2:$AD$157,Calc!$AK$2:$AK$157,Calc!$AN$2:$AN$157,Calc!$AO$2:$AO$157),MATCH($W3,Calc!$A$2:$A$157,0)),"")} -> 32.822643 | H3: {=IF(G3="","",IF(LEFT($X3,1)="H",SQRT(G3*(IFERROR(INDEX(Calc!$AP$2:$AP$157,MATCH($W3,Calc!$A$2:$A$157,0)),0.5)*Config!$B$5+1-IFERROR(INDEX(Calc!$AP$2:$AP$157,MATCH($W3,Calc!$A$2:$A$157,0)),0.5))),SQRT(G3*Config!$B$5)))} -> 6.7787683 | I3: =IF(OR(F3="",G3="",N(H3)<=0),"",1-NORMDIST(FLOOR(F3,1)+0.5,G3,H3,TRUE)) -> 0.57734874 | J3: =IF(I3="","",NORMDIST(CEILING(F3,1)-0.5,G3,H3,TRUE)) -> 0.42265126 | K3: =IF(I3="","",MAX(0,1-I3-J3)) -> 0 | L3: =IF(I3="","",IF(I3>=0.5+Config!$B$6,"OVER",IF(J3>=0.5+Config!$B$6,"UNDER","—"))) -> OVER | N3: 31 | O3: 0.6 | P3: 0.4 | Q3: 0.4 | R3: - | S3: -2 | T3: {=INDEX(Calc!$G$2:$G$157,MATCH($W3,Calc!$A$2:$A$157,0))&" / "&INDEX(Calc!$H$2:$H$157,MATCH($W3,Calc!$A$2:$A$157,0))} -> Dust2 / Nuke | U3: {=TEXT(INDEX(Calc!$J$2:$J$157,MATCH($W3,Calc!$A$2:$A$157,0)),"0.0")&" / "&TEXT(INDEX(Calc!$K$2:$K$157,MATCH($W3,Calc!$A$2:$A$157,0)),"0.0")} -> 21.4 / 21.2 | V3: {=IFERROR(INDEX(Calc!$AQ$2:$AQ$157,MATCH($W3,Calc!$A$2:$A$157,0)),"")} | W3: yoqtwbv6uc6leni|CS2 · 100T vs SNG | X3: K12 | Y3: =W3&"|"&X3 -> yoqtwbv6uc6leni|CS2 · 100T vs SNG|K12 | Z3: {=IFERROR(INDEX(CHOOSE(MATCH($X3,{"K1","K2","K3","K12","K13","H1","H2","H3","H12","H13"},0),Calc!$BA$2:$BA$157,Calc!$BB$2:$BB$157,Calc!$BC$2:$BC$157,Calc!$BD$2:$BD$157,Calc!$BE$2:$BE$157,Calc!$BF$2:$BF$157,Calc!$BG$2:$BG$157,Calc!$BH$2:$BH$157,Calc!$BI$2:$BI$157,Calc!$BJ$2:$BJ$157),MATCH($W3,Calc!$A$2:$A$157,0)),"")} -> 32.942725 | AA3: {=IF(Z3="","",IF(LEFT($X3,1)="H",SQRT(Z3*(IFERROR(INDEX(Calc!$AP$2:$AP$157,MATCH($W3,Calc!$A$2:$A$157,0)),0.5)*Config!$B$5+1-IFERROR(INDEX(Calc!$AP$2:$AP$157,MATCH($W3,Calc!$A$2:$A$157,0)),0.5))),SQRT(Z3*Config!$B$5)))} -> 6.7911572 | AB3: =IF(OR(F3="",Z3="",N(AA3)<=0),"",1-NORMDIST(FLOOR(F3,1)+0.5,Z3,AA3,TRUE)) -> 0.5841188 | AC3: =IF(AB3="","",NORMDIST(CEILING(F3,1)-0.5,Z3,AA3,TRUE)) -> 0.4158812 | AD3: =IF(AB3="","",IF(AB3>=0.5+Config!$B$6,"OVER",IF(AC3>=0.5+Config!$B$6,"UNDER","—"))) -> OVER | AE3: =IFERROR(Z3/G3,"") -> 1.0036585
A4: CS2 | B4: CS2 · 100T vs SNG | C4: Gizmy | D4: 100T | E4: Maps 1-2 HS | F4: 13.5 | G4: {=IFERROR(INDEX(CHOOSE(MATCH($X4,{"K1","K2","K3","K12","K13","H1","H2","H3","H12","H13"},0),Calc!$V$2:$V$157,Calc!$AC$2:$AC$157,Calc!$AJ$2:$AJ$157,Calc!$AL$2:$AL$157,Calc!$AM$2:$AM$157,Calc!$W$2:$W$157,Calc!$AD$2:$AD$157,Calc!$AK$2:$AK$157,Calc!$AN$2:$AN$157,Calc!$AO$2:$AO$157),MATCH($W4,Calc!$A$2:$A$157,0)),"")} -> 11.692467 | H4: {=IF(G4="","",IF(LEFT($X4,1)="H",SQRT(G4*(IFERROR(INDEX(Calc!$AP$2:$AP$157,MATCH($W4,Calc!$A$2:$A$157,0)),0.5)*Config!$B$5+1-IFERROR(INDEX(Calc!$AP$2:$AP$157,MATCH($W4,Calc!$A$2:$A$157,0)),0.5))),SQRT(G4*Config!$B$5)))} -> 3.7476602 | I4: =IF(OR(F4="",G4="",N(H4)<=0),"",1-NORMDIST(FLOOR(F4,1)+0.5,G4,H4,TRUE)) -> 0.31479296 | J4: =IF(I4="","",NORMDIST(CEILING(F4,1)-0.5,G4,H4,TRUE)) -> 0.68520704 | K4: =IF(I4="","",MAX(0,1-I4-J4)) -> 0 | L4: =IF(I4="","",IF(I4>=0.5+Config!$B$6,"OVER",IF(J4>=0.5+Config!$B$6,"UNDER","—"))) -> UNDER | N4: 11.1 | O4: 0 | P4: 0.2 | Q4: 0.33 | R4: 71%/5/7 | S4: -6 | T4: {=INDEX(Calc!$G$2:$G$157,MATCH($W4,Calc!$A$2:$A$157,0))&" / "&INDEX(Calc!$H$2:$H$157,MATCH($W4,Calc!$A$2:$A$157,0))} -> Dust2 / Nuke | U4: {=TEXT(INDEX(Calc!$J$2:$J$157,MATCH($W4,Calc!$A$2:$A$157,0)),"0.0")&" / "&TEXT(INDEX(Calc!$K$2:$K$157,MATCH($W4,Calc!$A$2:$A$157,0)),"0.0")} -> 21.4 / 21.2 | V4: {=IFERROR(INDEX(Calc!$AQ$2:$AQ$157,MATCH($W4,Calc!$A$2:$A$157,0)),"")} | W4: acphdzip9ah477u|CS2 · 100T vs SNG | X4: H12 | Y4: =W4&"|"&X4 -> acphdzip9ah477u|CS2 · 100T vs SNG|H12 | Z4: {=IFERROR(INDEX(CHOOSE(MATCH($X4,{"K1","K2","K3","K12","K13","H1","H2","H3","H12","H13"},0),Calc!$BA$2:$BA$157,Calc!$BB$2:$BB$157,Calc!$BC$2:$BC$157,Calc!$BD$2:$BD$157,Calc!$BE$2:$BE$157,Calc!$BF$2:$BF$157,Calc!$BG$2:$BG$157,Calc!$BH$2:$BH$157,Calc!$BI$2:$BI$157,Calc!$BJ$2:$BJ$157),MATCH($W4,Calc!$A$2:$A$157,0)),"")} -> 11.733801 | AA4: {=IF(Z4="","",IF(LEFT($X4,1)="H",SQRT(Z4*(IFERROR(INDEX(Calc!$AP$2:$AP$157,MATCH($W4,Calc!$A$2:$A$157,0)),0.5)*Config!$B$5+1-IFERROR(INDEX(Calc!$AP$2:$AP$157,MATCH($W4,Calc!$A$2:$A$157,0)),0.5))),SQRT(Z4*Config!$B$5)))} -> 3.7542786 | AB4: =IF(OR(F4="",Z4="",N(AA4)<=0),"",1-NORMDIST(FLOOR(F4,1)+0.5,Z4,AA4,TRUE)) -> 0.31901693 | AC4: =IF(AB4="","",NORMDIST(CEILING(F4,1)-0.5,Z4,AA4,TRUE)) -> 0.68098307 | AD4: =IF(AB4="","",IF(AB4>=0.5+Config!$B$6,"OVER",IF(AC4>=0.5+Config!$B$6,"UNDER","—"))) -> UNDER | AE4: =IFERROR(Z4/G4,"") -> 1.0035351
A5: CS2 | B5: CS2 · 100T vs SNG | C5: Gizmy | D5: 100T | E5: Maps 1-2 Kills | F5: 25.5 | G5: {=IFERROR(INDEX(CHOOSE(MATCH($X5,{"K1","K2","K3","K12","K13","H1","H2","H3","H12","H13"},0),Calc!$V$2:$V$157,Calc!$AC$2:$AC$157,Calc!$AJ$2:$AJ$157,Calc!$AL$2:$AL$157,Calc!$AM$2:$AM$157,Calc!$W$2:$W$157,Calc!$AD$2:$AD$157,Calc!$AK$2:$AK$157,Calc!$AN$2:$AN$157,Calc!$AO$2:$AO$157),MATCH($W5,Calc!$A$2:$A$157,0)),"")} -> 23.2458 | H5: {=IF(G5="","",IF(LEFT($X5,1)="H",SQRT(G5*(IFERROR(INDEX(Calc!$AP$2:$AP$157,MATCH($W5,Calc!$A$2:$A$157,0)),0.5)*Config!$B$5+1-IFERROR(INDEX(Calc!$AP$2:$AP$157,MATCH($W5,Calc!$A$2:$A$157,0)),0.5))),SQRT(G5*Config!$B$5)))} -> 5.7047454 | I5: =IF(OR(F5="",G5="",N(H5)<=0),"",1-NORMDIST(FLOOR(F5,1)+0.5,G5,H5,TRUE)) -> 0.34636804 | J5: =IF(I5="","",NORMDIST(CEILING(F5,1)-0.5,G5,H5,TRUE)) -> 0.65363196 | K5: =IF(I5="","",MAX(0,1-I5-J5)) -> 0 | L5: =IF(I5="","",IF(I5>=0.5+Config!$B$6,"OVER",IF(J5>=0.5+Config!$B$6,"UNDER","—"))) -> UNDER | N5: 22.2 | O5: 0.2 | P5: 0.3 | Q5: 0.4 | R5: 57%/4/7 | S5: -4 | T5: {=INDEX(Calc!$G$2:$G$157,MATCH($W5,Calc!$A$2:$A$157,0))&" / "&INDEX(Calc!$H$2:$H$157,MATCH($W5,Calc!$A$2:$A$157,0))} -> Dust2 / Nuke | U5: {=TEXT(INDEX(Calc!$J$2:$J$157,MATCH($W5,Calc!$A$2:$A$157,0)),"0.0")&" / "&TEXT(INDEX(Calc!$K$2:$K$157,MATCH($W5,Calc!$A$2:$A$157,0)),"0.0")} -> 21.4 / 21.2 | V5: {=IFERROR(INDEX(Calc!$AQ$2:$AQ$157,MATCH($W5,Calc!$A$2:$A$157,0)),"")} | W5: acphdzip9ah477u|CS2 · 100T vs SNG | X5: K12 | Y5: =W5&"|"&X5 -> acphdzip9ah477u|CS2 · 100T vs SNG|K12 | Z5: {=IFERROR(INDEX(CHOOSE(MATCH($X5,{"K1","K2","K3","K12","K13","H1","H2","H3","H12","H13"},0),Calc!$BA$2:$BA$157,Calc!$BB$2:$BB$157,Calc!$BC$2:$BC$157,Calc!$BD$2:$BD$157,Calc!$BE$2:$BE$157,Calc!$BF$2:$BF$157,Calc!$BG$2:$BG$157,Calc!$BH$2:$BH$157,Calc!$BI$2:$BI$157,Calc!$BJ$2:$BJ$157),MATCH($W5,Calc!$A$2:$A$157,0)),"")} -> 23.333437 | AA5: {=IF(Z5="","",IF(LEFT($X5,1)="H",SQRT(Z5*(IFERROR(INDEX(Calc!$AP$2:$AP$157,MATCH($W5,Calc!$A$2:$A$157,0)),0.5)*Config!$B$5+1-IFERROR(INDEX(Calc!$AP$2:$AP$157,MATCH($W5,Calc!$A$2:$A$157,0)),0.5))),SQRT(Z5*Config!$B$5)))} -> 5.7154887 | AB5: =IF(OR(F5="",Z5="",N(AA5)<=0),"",1-NORMDIST(FLOOR(F5,1)+0.5,Z5,AA5,TRUE)) -> 0.3523184 | AC5: =IF(AB5="","",NORMDIST(CEILING(F5,1)-0.5,Z5,AA5,TRUE)) -> 0.6476816 | AD5: =IF(AB5="","",IF(AB5>=0.5+Config!$B$6,"OVER",IF(AC5>=0.5+Config!$B$6,"UNDER","—"))) -> UNDER | AE5: =IFERROR(Z5/G5,"") -> 1.00377
A6: CS2 | B6: CS2 · 100T vs SNG | C6: poiii | D6: 100T | E6: Maps 1-2 HS | F6: 18.5 | G6: {=IFERROR(INDEX(CHOOSE(MATCH($X6,{"K1","K2","K3","K12","K13","H1","H2","H3","H12","H13"},0),Calc!$V$2:$V$157,Calc!$AC$2:$AC$157,Calc!$AJ$2:$AJ$157,Calc!$AL$2:$AL$157,Calc!$AM$2:$AM$157,Calc!$W$2:$W$157,Calc!$AD$2:$AD$157,Calc!$AK$2:$AK$157,Calc!$AN$2:$AN$157,Calc!$AO$2:$AO$157),MATCH($W6,Calc!$A$2:$A$157,0)),"")} -> 17.955562 | H6: {=IF(G6="","",IF(LEFT($X6,1)="H",SQRT(G6*(IFERROR(INDEX(Calc!$AP$2:$AP$157,MATCH($W6,Calc!$A$2:$A$157,0)),0.5)*Config!$B$5+1-IFERROR(INDEX(Calc!$AP$2:$AP$157,MATCH($W6,Calc!$A$2:$A$157,0)),0.5))),SQRT(G6*Config!$B$5)))} -> 4.6921306 | I6: =IF(OR(F6="",G6="",N(H6)<=0),"",1-NORMDIST(FLOOR(F6,1)+0.5,G6,H6,TRUE)) -> 0.45381357 | J6: =IF(I6="","",NORMDIST(CEILING(F6,1)-0.5,G6,H6,TRUE)) -> 0.54618643 | K6: =IF(I6="","",MAX(0,1-I6-J6)) -> 0 | L6: =IF(I6="","",IF(I6>=0.5+Config!$B$6,"OVER",IF(J6>=0.5+Config!$B$6,"UNDER","—"))) -> UNDER | N6: 19.2 | O6: 0.8 | P6: 0.5 | Q6: 0.47 | R6: 100%/2/2 | S6: -1 | T6: {=INDEX(Calc!$G$2:$G$157,MATCH($W6,Calc!$A$2:$A$157,0))&" / "&INDEX(Calc!$H$2:$H$157,MATCH($W6,Calc!$A$2:$A$157,0))} -> Dust2 / Nuke | U6: {=TEXT(INDEX(Calc!$J$2:$J$157,MATCH($W6,Calc!$A$2:$A$157,0)),"0.0")&" / "&TEXT(INDEX(Calc!$K$2:$K$157,MATCH($W6,Calc!$A$2:$A$157,0)),"0.0")} -> 21.4 / 21.2 | V6: {=IFERROR(INDEX(Calc!$AQ$2:$AQ$157,MATCH($W6,Calc!$A$2:$A$157,0)),"")} | W6: irrertmif0zjlof|CS2 · 100T vs SNG | X6: H12 | Y6: =W6&"|"&X6 -> irrertmif0zjlof|CS2 · 100T vs SNG|H12 | Z6: {=IFERROR(INDEX(CHOOSE(MATCH($X6,{"K1","K2","K3","K12","K13","H1","H2","H3","H12","H13"},0),Calc!$BA$2:$BA$157,Calc!$BB$2:$BB$157,Calc!$BC$2:$BC$157,Calc!$BD$2:$BD$157,Calc!$BE$2:$BE$157,Calc!$BF$2:$BF$157,Calc!$BG$2:$BG$157,Calc!$BH$2:$BH$157,Calc!$BI$2:$BI$157,Calc!$BJ$2:$BJ$157),MATCH($W6,Calc!$A$2:$A$157,0)),"")} -> 18.02419 | AA6: {=IF(Z6="","",IF(LEFT($X6,1)="H",SQRT(Z6*(IFERROR(INDEX(Calc!$AP$2:$AP$157,MATCH($W6,Calc!$A$2:$A$157,0)),0.5)*Config!$B$5+1-IFERROR(INDEX(Calc!$AP$2:$AP$157,MATCH($W6,Calc!$A$2:$A$157,0)),0.5))),SQRT(Z6*Config!$B$5)))} -> 4.7010888 | AB6: =IF(OR(F6="",Z6="",N(AA6)<=0),"",1-NORMDIST(FLOOR(F6,1)+0.5,Z6,AA6,TRUE)) -> 0.45969077 | AC6: =IF(AB6="","",NORMDIST(CEILING(F6,1)-0.5,Z6,AA6,TRUE)) -> 0.54030923 | AD6: =IF(AB6="","",IF(AB6>=0.5+Config!$B$6,"OVER",IF(AC6>=0.5+Config!$B$6,"UNDER","—"))) -> UNDER | AE6: =IFERROR(Z6/G6,"") -> 1.0038221
A7: CS2 | B7: CS2 · 100T vs SNG | C7: poiii | D7: 100T | E7: Maps 1-2 Kills | F7: 31.5 | G7: {=IFERROR(INDEX(CHOOSE(MATCH($X7,{"K1","K2","K3","K12","K13","H1","H2","H3","H12","H13"},0),Calc!$V$2:$V$157,Calc!$AC$2:$AC$157,Calc!$AJ$2:$AJ$157,Calc!$AL$2:$AL$157,Calc!$AM$2:$AM$157,Calc!$W$2:$W$157,Calc!$AD$2:$AD$157,Calc!$AK$2:$AK$157,Calc!$AN$2:$AN$157,Calc!$AO$2:$AO$157),MATCH($W7,Calc!$A$2:$A$157,0)),"")} -> 31.759643 | H7: {=IF(G7="","",IF(LEFT($X7,1)="H",SQRT(G7*(IFERROR(INDEX(Calc!$AP$2:$AP$157,MATCH($W7,Calc!$A$2:$A$157,0)),0.5)*Config!$B$5+1-IFERROR(INDEX(Calc!$AP$2:$AP$157,MATCH($W7,Calc!$A$2:$A$157,0)),0.5))),SQRT(G7*Config!$B$5)))} -> 6.6680957 | I7: =IF(OR(F7="",G7="",N(H7)<=0),"",1-NORMDIST(FLOOR(F7,1)+0.5,G7,H7,TRUE)) -> 0.51553012 | J7: =IF(I7="","",NORMDIST(CEILING(F7,1)-0.5,G7,H7,TRUE)) -> 0.48446988 | K7: =IF(I7="","",MAX(0,1-I7-J7)) -> 0 | L7: =IF(I7="","",IF(I7>=0.5+Config!$B$6,"OVER",IF(J7>=0.5+Config!$B$6,"UNDER","—"))) -> — | N7: 32.5 | O7: 0.4 | P7: 0.5 | Q7: 0.47 | R7: 100%/2/2 | S7: -3 | T7: {=INDEX(Calc!$G$2:$G$157,MATCH($W7,Calc!$A$2:$A$157,0))&" / "&INDEX(Calc!$H$2:$H$157,MATCH($W7,Calc!$A$2:$A$157,0))} -> Dust2 / Nuke | U7: {=TEXT(INDEX(Calc!$J$2:$J$157,MATCH($W7,Calc!$A$2:$A$157,0)),"0.0")&" / "&TEXT(INDEX(Calc!$K$2:$K$157,MATCH($W7,Calc!$A$2:$A$157,0)),"0.0")} -> 21.4 / 21.2 | V7: {=IFERROR(INDEX(Calc!$AQ$2:$AQ$157,MATCH($W7,Calc!$A$2:$A$157,0)),"")} | W7: irrertmif0zjlof|CS2 · 100T vs SNG | X7: K12 | Y7: =W7&"|"&X7 -> irrertmif0zjlof|CS2 · 100T vs SNG|K12 | Z7: {=IFERROR(INDEX(CHOOSE(MATCH($X7,{"K1","K2","K3","K12","K13","H1","H2","H3","H12","H13"},0),Calc!$BA$2:$BA$157,Calc!$BB$2:$BB$157,Calc!$BC$2:$BC$157,Calc!$BD$2:$BD$157,Calc!$BE$2:$BE$157,Calc!$BF$2:$BF$157,Calc!$BG$2:$BG$157,Calc!$BH$2:$BH$157,Calc!$BI$2:$BI$157,Calc!$BJ$2:$BJ$157),MATCH($W7,Calc!$A$2:$A$157,0)),"")} -> 31.878242 | AA7: {=IF(Z7="","",IF(LEFT($X7,1)="H",SQRT(Z7*(IFERROR(INDEX(Calc!$AP$2:$AP$157,MATCH($W7,Calc!$A$2:$A$157,0)),0.5)*Config!$B$5+1-IFERROR(INDEX(Calc!$AP$2:$AP$157,MATCH($W7,Calc!$A$2:$A$157,0)),0.5))),SQRT(Z7*Config!$B$5)))} -> 6.6805343 | AB7: =IF(OR(F7="",Z7="",N(AA7)<=0),"",1-NORMDIST(FLOOR(F7,1)+0.5,Z7,AA7,TRUE)) -> 0.52257547 | AC7: =IF(AB7="","",NORMDIST(CEILING(F7,1)-0.5,Z7,AA7,TRUE)) -> 0.47742453 | AD7: =IF(AB7="","",IF(AB7>=0.5+Config!$B$6,"OVER",IF(AC7>=0.5+Config!$B$6,"UNDER","—"))) -> — | AE7: =IFERROR(Z7/G7,"") -> 1.0037343
A8: CS2 | B8: CS2 · 100T vs SNG | C8: rain | D8: 100T | E8: Maps 1-2 HS | F8: 16.5 | G8: {=IFERROR(INDEX(CHOOSE(MATCH($X8,{"K1","K2","K3","K12","K13","H1","H2","H3","H12","H13"},0),Calc!$V$2:$V$157,Calc!$AC$2:$AC$157,Calc!$AJ$2:$AJ$157,Calc!$AL$2:$AL$157,Calc!$AM$2:$AM$157,Calc!$W$2:$W$157,Calc!$AD$2:$AD$157,Calc!$AK$2:$AK$157,Calc!$AN$2:$AN$157,Calc!$AO$2:$AO$157),MATCH($W8,Calc!$A$2:$A$157,0)),"")} -> 18.427548 | H8: {=IF(G8="","",IF(LEFT($X8,1)="H",SQRT(G8*(IFERROR(INDEX(Calc!$AP$2:$AP$157,MATCH($W8,Calc!$A$2:$A$157,0)),0.5)*Config!$B$5+1-IFERROR(INDEX(Calc!$AP$2:$AP$157,MATCH($W8,Calc!$A$2:$A$157,0)),0.5))),SQRT(G8*Config!$B$5)))} -> 4.7611403 | I8: =IF(OR(F8="",G8="",N(H8)<=0),"",1-NORMDIST(FLOOR(F8,1)+0.5,G8,H8,TRUE)) -> 0.65720618 | J8: =IF(I8="","",NORMDIST(CEILING(F8,1)-0.5,G8,H8,TRUE)) -> 0.34279382 | K8: =IF(I8="","",MAX(0,1-I8-J8)) -> 0 | L8: =IF(I8="","",IF(I8>=0.5+Config!$B$6,"OVER",IF(J8>=0.5+Config!$B$6,"UNDER","—"))) -> OVER | N8: 18.4 | O8: 0.6 | P8: 0.6 | Q8: 0.47 | R8: 50%/1/2 | S8: 2 | T8: {=INDEX(Calc!$G$2:$G$157,MATCH($W8,Calc!$A$2:$A$157,0))&" / "&INDEX(Calc!$H$2:$H$157,MATCH($W8,Calc!$A$2:$A$157,0))} -> Dust2 / Nuke | U8: {=TEXT(INDEX(Calc!$J$2:$J$157,MATCH($W8,Calc!$A$2:$A$157,0)),"0.0")&" / "&TEXT(INDEX(Calc!$K$2:$K$157,MATCH($W8,Calc!$A$2:$A$157,0)),"0.0")} -> 21.4 / 21.2 | V8: {=IFERROR(INDEX(Calc!$AQ$2:$AQ$157,MATCH($W8,Calc!$A$2:$A$157,0)),"")} | W8: cy7qneakzvjx5w7|CS2 · 100T vs SNG | X8: H12 | Y8: =W8&"|"&X8 -> cy7qneakzvjx5w7|CS2 · 100T vs SNG|H12 | Z8: {=IFERROR(INDEX(CHOOSE(MATCH($X8,{"K1","K2","K3","K12","K13","H1","H2","H3","H12","H13"},0),Calc!$BA$2:$BA$157,Calc!$BB$2:$BB$157,Calc!$BC$2:$BC$157,Calc!$BD$2:$BD$157,Calc!$BE$2:$BE$157,Calc!$BF$2:$BF$157,Calc!$BG$2:$BG$157,Calc!$BH$2:$BH$157,Calc!$BI$2:$BI$157,Calc!$BJ$2:$BJ$157),MATCH($W8,Calc!$A$2:$A$157,0)),"")} -> 18.493278 | AA8: {=IF(Z8="","",IF(LEFT($X8,1)="H",SQRT(Z8*(IFERROR(INDEX(Calc!$AP$2:$AP$157,MATCH($W8,Calc!$A$2:$A$157,0)),0.5)*Config!$B$5+1-IFERROR(INDEX(Calc!$AP$2:$AP$157,MATCH($W8,Calc!$A$2:$A$157,0)),0.5))),SQRT(Z8*Config!$B$5)))} -> 4.769624 | AB8: =IF(OR(F8="",Z8="",N(AA8)<=0),"",1-NORMDIST(FLOOR(F8,1)+0.5,Z8,AA8,TRUE)) -> 0.66199388 | AC8: =IF(AB8="","",NORMDIST(CEILING(F8,1)-0.5,Z8,AA8,TRUE)) -> 0.33800612 | AD8: =IF(AB8="","",IF(AB8>=0.5+Config!$B$6,"OVER",IF(AC8>=0.5+Config!$B$6,"UNDER","—"))) -> OVER | AE8: =IFERROR(Z8/G8,"") -> 1.0035669
A9: CS2 | B9: CS2 · 100T vs SNG | C9: rain | D9: 100T | E9: Maps 1-2 Kills | F9: 29.5 | G9: {=IFERROR(INDEX(CHOOSE(MATCH($X9,{"K1","K2","K3","K12","K13","H1","H2","H3","H12","H13"},0),Calc!$V$2:$V$157,Calc!$AC$2:$AC$157,Calc!$AJ$2:$AJ$157,Calc!$AL$2:$AL$157,Calc!$AM$2:$AM$157,Calc!$W$2:$W$157,Calc!$AD$2:$AD$157,Calc!$AK$2:$AK$157,Calc!$AN$2:$AN$157,Calc!$AO$2:$AO$157),MATCH($W9,Calc!$A$2:$A$157,0)),"")} -> 32.028471 | H9: {=IF(G9="","",IF(LEFT($X9,1)="H",SQRT(G9*(IFERROR(INDEX(Calc!$AP$2:$AP$157,MATCH($W9,Calc!$A$2:$A$157,0)),0.5)*Config!$B$5+1-IFERROR(INDEX(Calc!$AP$2:$AP$157,MATCH($W9,Calc!$A$2:$A$157,0)),0.5))),SQRT(G9*Config!$B$5)))} -> 6.6962572 | I9: =IF(OR(F9="",G9="",N(H9)<=0),"",1-NORMDIST(FLOOR(F9,1)+0.5,G9,H9,TRUE)) -> 0.64713416 | J9: =IF(I9="","",NORMDIST(CEILING(F9,1)-0.5,G9,H9,TRUE)) -> 0.35286584 | K9: =IF(I9="","",MAX(0,1-I9-J9)) -> 0 | L9: =IF(I9="","",IF(I9>=0.5+Config!$B$6,"OVER",IF(J9>=0.5+Config!$B$6,"UNDER","—"))) -> OVER | N9: 31.9 | O9: 0.6 | P9: 0.6 | Q9: 0.53 | R9: 50%/1/2 | S9: 2 | T9: {=INDEX(Calc!$G$2:$G$157,MATCH($W9,Calc!$A$2:$A$157,0))&" / "&INDEX(Calc!$H$2:$H$157,MATCH($W9,Calc!$A$2:$A$157,0))} -> Dust2 / Nuke | U9: {=TEXT(INDEX(Calc!$J$2:$J$157,MATCH($W9,Calc!$A$2:$A$157,0)),"0.0")&" / "&TEXT(INDEX(Calc!$K$2:$K$157,MATCH($W9,Calc!$A$2:$A$157,0)),"0.0")} -> 21.4 / 21.2 | V9: {=IFERROR(INDEX(Calc!$AQ$2:$AQ$157,MATCH($W9,Calc!$A$2:$A$157,0)),"")} | W9: cy7qneakzvjx5w7|CS2 · 100T vs SNG | X9: K12 | Y9: =W9&"|"&X9 -> cy7qneakzvjx5w7|CS2 · 100T vs SNG|K12 | Z9: {=IFERROR(INDEX(CHOOSE(MATCH($X9,{"K1","K2","K3","K12","K13","H1","H2","H3","H12","H13"},0),Calc!$BA$2:$BA$157,Calc!$BB$2:$BB$157,Calc!$BC$2:$BC$157,Calc!$BD$2:$BD$157,Calc!$BE$2:$BE$157,Calc!$BF$2:$BF$157,Calc!$BG$2:$BG$157,Calc!$BH$2:$BH$157,Calc!$BI$2:$BI$157,Calc!$BJ$2:$BJ$157),MATCH($W9,Calc!$A$2:$A$157,0)),"")} -> 32.144004 | AA9: {=IF(Z9="","",IF(LEFT($X9,1)="H",SQRT(Z9*(IFERROR(INDEX(Calc!$AP$2:$AP$157,MATCH($W9,Calc!$A$2:$A$157,0)),0.5)*Config!$B$5+1-IFERROR(INDEX(Calc!$AP$2:$AP$157,MATCH($W9,Calc!$A$2:$A$157,0)),0.5))),SQRT(Z9*Config!$B$5)))} -> 6.7083236 | AB9: =IF(OR(F9="",Z9="",N(AA9)<=0),"",1-NORMDIST(FLOOR(F9,1)+0.5,Z9,AA9,TRUE)) -> 0.65326035 | AC9: =IF(AB9="","",NORMDIST(CEILING(F9,1)-0.5,Z9,AA9,TRUE)) -> 0.34673965 | AD9: =IF(AB9="","",IF(AB9>=0.5+Config!$B$6,"OVER",IF(AC9>=0.5+Config!$B$6,"UNDER","—"))) -> OVER | AE9: =IFERROR(Z9/G9,"") -> 1.0036072
A10: CS2 | B10: CS2 · 100T vs SNG | C10: sirah | D10: 100T | E10: Maps 1-2 HS | F10: 17.5 | G10: {=IFERROR(INDEX(CHOOSE(MATCH($X10,{"K1","K2","K3","K12","K13","H1","H2","H3","H12","H13"},0),Calc!$V$2:$V$157,Calc!$AC$2:$AC$157,Calc!$AJ$2:$AJ$157,Calc!$AL$2:$AL$157,Calc!$AM$2:$AM$157,Calc!$W$2:$W$157,Calc!$AD$2:$AD$157,Calc!$AK$2:$AK$157,Calc!$AN$2:$AN$157,Calc!$AO$2:$AO$157),MATCH($W10,Calc!$A$2:$A$157,0)),"")} -> 18.827549 | H10: {=IF(G10="","",IF(LEFT($X10,1)="H",SQRT(G10*(IFERROR(INDEX(Calc!$AP$2:$AP$157,MATCH($W10,Calc!$A$2:$A$157,0)),0.5)*Config!$B$5+1-IFERROR(INDEX(Calc!$AP$2:$AP$157,MATCH($W10,Calc!$A$2:$A$157,0)),0.5))),SQRT(G10*Config!$B$5)))} -> 4.8556473 | I10: =IF(OR(F10="",G10="",N(H10)<=0),"",1-NORMDIST(FLOOR(F10,1)+0.5,G10,H10,TRUE)) -> 0.60772832 | J10: =IF(I10="","",NORMDIST(CEILING(F10,1)-0.5,G10,H10,TRUE)) -> 0.39227168 | K10: =IF(I10="","",MAX(0,1-I10-J10)) -> 0 | L10: =IF(I10="","",IF(I10>=0.5+Config!$B$6,"OVER",IF(J10>=0.5+Config!$B$6,"UNDER","—"))) -> OVER | N10: 17.9 | O10: 0.8 | P10: 0.7 | Q10: 0.47 | R10: 33%/1/3 | S10: -1 | T10: {=INDEX(Calc!$G$2:$G$157,MATCH($W10,Calc!$A$2:$A$157,0))&" / "&INDEX(Calc!$H$2:$H$157,MATCH($W10,Calc!$A$2:$A$157,0))} -> Dust2 / Nuke | U10: {=TEXT(INDEX(Calc!$J$2:$J$157,MATCH($W10,Calc!$A$2:$A$157,0)),"0.0")&" / "&TEXT(INDEX(Calc!$K$2:$K$157,MATCH($W10,Calc!$A$2:$A$157,0)),"0.0")} -> 21.4 / 21.2 | V10: {=IFERROR(INDEX(Calc!$AQ$2:$AQ$157,MATCH($W10,Calc!$A$2:$A$157,0)),"")} | W10: v1kk02jq1q269h8|CS2 · 100T vs SNG | X10: H12 | Y10: =W10&"|"&X10 -> v1kk02jq1q269h8|CS2 · 100T vs SNG|H12 | Z10: {=IFERROR(INDEX(CHOOSE(MATCH($X10,{"K1","K2","K3","K12","K13","H1","H2","H3","H12","H13"},0),Calc!$BA$2:$BA$157,Calc!$BB$2:$BB$157,Calc!$BC$2:$BC$157,Calc!$BD$2:$BD$157,Calc!$BE$2:$BE$157,Calc!$BF$2:$BF$157,Calc!$BG$2:$BG$157,Calc!$BH$2:$BH$157,Calc!$BI$2:$BI$157,Calc!$BJ$2:$BJ$157),MATCH($W10,Calc!$A$2:$A$157,0)),"")} -> 18.892142 | AA10: {=IF(Z10="","",IF(LEFT($X10,1)="H",SQRT(Z10*(IFERROR(INDEX(Calc!$AP$2:$AP$157,MATCH($W10,Calc!$A$2:$A$157,0)),0.5)*Config!$B$5+1-IFERROR(INDEX(Calc!$AP$2:$AP$157,MATCH($W10,Calc!$A$2:$A$157,0)),0.5))),SQRT(Z10*Config!$B$5)))} -> 4.8639696 | AB10: =IF(OR(F10="",Z10="",N(AA10)<=0),"",1-NORMDIST(FLOOR(F10,1)+0.5,Z10,AA10,TRUE)) -> 0.61264338 | AC10: =IF(AB10="","",NORMDIST(CEILING(F10,1)-0.5,Z10,AA10,TRUE)) -> 0.38735662 | AD10: =IF(AB10="","",IF(AB10>=0.5+Config!$B$6,"OVER",IF(AC10>=0.5+Config!$B$6,"UNDER","—"))) -> OVER | AE10: =IFERROR(Z10/G10,"") -> 1.0034308
A11: CS2 | B11: CS2 · 100T vs SNG | C11: sirah | D11: 100T | E11: Maps 1-2 Kills | F11: 29.5 | G11: {=IFERROR(INDEX(CHOOSE(MATCH($X11,{"K1","K2","K3","K12","K13","H1","H2","H3","H12","H13"},0),Calc!$V$2:$V$157,Calc!$AC$2:$AC$157,Calc!$AJ$2:$AJ$157,Calc!$AL$2:$AL$157,Calc!$AM$2:$AM$157,Calc!$W$2:$W$157,Calc!$AD$2:$AD$157,Calc!$AK$2:$AK$157,Calc!$AN$2:$AN$157,Calc!$AO$2:$AO$157),MATCH($W11,Calc!$A$2:$A$157,0)),"")} -> 29.852157 | H11: {=IF(G11="","",IF(LEFT($X11,1)="H",SQRT(G11*(IFERROR(INDEX(Calc!$AP$2:$AP$157,MATCH($W11,Calc!$A$2:$A$157,0)),0.5)*Config!$B$5+1-IFERROR(INDEX(Calc!$AP$2:$AP$157,MATCH($W11,Calc!$A$2:$A$157,0)),0.5))),SQRT(G11*Config!$B$5)))} -> 6.4647521 | I11: =IF(OR(F11="",G11="",N(H11)<=0),"",1-NORMDIST(FLOOR(F11,1)+0.5,G11,H11,TRUE)) -> 0.52172101 | J11: =IF(I11="","",NORMDIST(CEILING(F11,1)-0.5,G11,H11,TRUE)) -> 0.47827899 | K11: =IF(I11="","",MAX(0,1-I11-J11)) -> 0 | L11: =IF(I11="","",IF(I11>=0.5+Config!$B$6,"OVER",IF(J11>=0.5+Config!$B$6,"UNDER","—"))) -> — | N11: 29.9 | O11: 0.2 | P11: 0.4 | Q11: 0.27 | R11: 33%/1/3 | S11: -4 | T11: {=INDEX(Calc!$G$2:$G$157,MATCH($W11,Calc!$A$2:$A$157,0))&" / "&INDEX(Calc!$H$2:$H$157,MATCH($W11,Calc!$A$2:$A$157,0))} -> Dust2 / Nuke | U11: {=TEXT(INDEX(Calc!$J$2:$J$157,MATCH($W11,Calc!$A$2:$A$157,0)),"0.0")&" / "&TEXT(INDEX(Calc!$K$2:$K$157,MATCH($W11,Calc!$A$2:$A$157,0)),"0.0")} -> 21.4 / 21.2 | V11: {=IFERROR(INDEX(Calc!$AQ$2:$AQ$157,MATCH($W11,Calc!$A$2:$A$157,0)),"")} | W11: v1kk02jq1q269h8|CS2 · 100T vs SNG | X11: K12 | Y11: =W11&"|"&X11 -> v1kk02jq1q269h8|CS2 · 100T vs SNG|K12 | Z11: {=IFERROR(INDEX(CHOOSE(MATCH($X11,{"K1","K2","K3","K12","K13","H1","H2","H3","H12","H13"},0),Calc!$BA$2:$BA$157,Calc!$BB$2:$BB$157,Calc!$BC$2:$BC$157,Calc!$BD$2:$BD$157,Calc!$BE$2:$BE$157,Calc!$BF$2:$BF$157,Calc!$BG$2:$BG$157,Calc!$BH$2:$BH$157,Calc!$BI$2:$BI$157,Calc!$BJ$2:$BJ$157),MATCH($W11,Calc!$A$2:$A$157,0)),"")} -> 29.949448 | AA11: {=IF(Z11="","",IF(LEFT($X11,1)="H",SQRT(Z11*(IFERROR(INDEX(Calc!$AP$2:$AP$157,MATCH($W11,Calc!$A$2:$A$157,0)),0.5)*Config!$B$5+1-IFERROR(INDEX(Calc!$AP$2:$AP$157,MATCH($W11,Calc!$A$2:$A$157,0)),0.5))),SQRT(Z11*Config!$B$5)))} -> 6.4752781 | AB11: =IF(OR(F11="",Z11="",N(AA11)<=0),"",1-NORMDIST(FLOOR(F11,1)+0.5,Z11,AA11,TRUE)) -> 0.52766828 | AC11: =IF(AB11="","",NORMDIST(CEILING(F11,1)-0.5,Z11,AA11,TRUE)) -> 0.47233172 | AD11: =IF(AB11="","",IF(AB11>=0.5+Config!$B$6,"OVER",IF(AC11>=0.5+Config!$B$6,"UNDER","—"))) -> — | AE11: =IFERROR(Z11/G11,"") -> 1.0032591
A12: CS2 | B12: CS2 · AST vs MIBR | C12: cmtry | D12: AST | E12: Maps 1-2 Kills | F12: 28.5 | G12: {=IFERROR(INDEX(CHOOSE(MATCH($X12,{"K1","K2","K3","K12","K13","H1","H2","H3","H12","H13"},0),Calc!$V$2:$V$157,Calc!$AC$2:$AC$157,Calc!$AJ$2:$AJ$157,Calc!$AL$2:$AL$157,Calc!$AM$2:$AM$157,Calc!$W$2:$W$157,Calc!$AD$2:$AD$157,Calc!$AK$2:$AK$157,Calc!$AN$2:$AN$157,Calc!$AO$2:$AO$157),MATCH($W12,Calc!$A$2:$A$157,0)),"")} -> 27.233333 | H12: {=IF(G12="","",IF(LEFT($X12,1)="H",SQRT(G12*(IFERROR(INDEX(Calc!$AP$2:$AP$157,MATCH($W12,Calc!$A$2:$A$157,0)),0.5)*Config!$B$5+1-IFERROR(INDEX(Calc!$AP$2:$AP$157,MATCH($W12,Calc!$A$2:$A$157,0)),0.5))),SQRT(G12*Config!$B$5)))} -> 6.1746795 | I12: =IF(OR(F12="",G12="",N(H12)<=0),"",1-NORMDIST(FLOOR(F12,1)+0.5,G12,H12,TRUE)) -> 0.41873182 | J12: =IF(I12="","",NORMDIST(CEILING(F12,1)-0.5,G12,H12,TRUE)) -> 0.58126818 | K12: =IF(I12="","",MAX(0,1-I12-J12)) -> 0 | L12: =IF(I12="","",IF(I12>=0.5+Config!$B$6,"OVER",IF(J12>=0.5+Config!$B$6,"UNDER","—"))) -> UNDER | N12: 28.2 | O12: 0.4 | P12: 0.6 | Q12: 0.53 | R12: - | S12: 2 | T12: {=INDEX(Calc!$G$2:$G$157,MATCH($W12,Calc!$A$2:$A$157,0))&" / "&INDEX(Calc!$H$2:$H$157,MATCH($W12,Calc!$A$2:$A$157,0))} -> Ancient / Inferno | U12: {=TEXT(INDEX(Calc!$J$2:$J$157,MATCH($W12,Calc!$A$2:$A$157,0)),"0.0")&" / "&TEXT(INDEX(Calc!$K$2:$K$157,MATCH($W12,Calc!$A$2:$A$157,0)),"0.0")} -> 21.5 / 21.5 | V12: {=IFERROR(INDEX(Calc!$AQ$2:$AQ$157,MATCH($W12,Calc!$A$2:$A$157,0)),"")} -> M2 unplayed→overall KPR · | W12: rlpdvqxm9kegl7b|CS2 · AST vs MIBR | X12: K12 | Y12: =W12&"|"&X12 -> rlpdvqxm9kegl7b|CS2 · AST vs MIBR|K12 | Z12: {=IFERROR(INDEX(CHOOSE(MATCH($X12,{"K1","K2","K3","K12","K13","H1","H2","H3","H12","H13"},0),Calc!$BA$2:$BA$157,Calc!$BB$2:$BB$157,Calc!$BC$2:$BC$157,Calc!$BD$2:$BD$157,Calc!$BE$2:$BE$157,Calc!$BF$2:$BF$157,Calc!$BG$2:$BG$157,Calc!$BH$2:$BH$157,Calc!$BI$2:$BI$157,Calc!$BJ$2:$BJ$157),MATCH($W12,Calc!$A$2:$A$157,0)),"")} -> 26.254929 | AA12: {=IF(Z12="","",IF(LEFT($X12,1)="H",SQRT(Z12*(IFERROR(INDEX(Calc!$AP$2:$AP$157,MATCH($W12,Calc!$A$2:$A$157,0)),0.5)*Config!$B$5+1-IFERROR(INDEX(Calc!$AP$2:$AP$157,MATCH($W12,Calc!$A$2:$A$157,0)),0.5))),SQRT(Z12*Config!$B$5)))} -> 6.0627469 | AB12: =IF(OR(F12="",Z12="",N(AA12)<=0),"",1-NORMDIST(FLOOR(F12,1)+0.5,Z12,AA12,TRUE)) -> 0.35557727 | AC12: =IF(AB12="","",NORMDIST(CEILING(F12,1)-0.5,Z12,AA12,TRUE)) -> 0.64442273 | AD12: =IF(AB12="","",IF(AB12>=0.5+Config!$B$6,"OVER",IF(AC12>=0.5+Config!$B$6,"UNDER","—"))) -> UNDER | AE12: =IFERROR(Z12/G12,"") -> 0.96407327
A13: CS2 | B13: CS2 · AST vs MIBR | C13: phzy | D13: AST | E13: Maps 1-2 Kills | F13: 30.5 | G13: {=IFERROR(INDEX(CHOOSE(MATCH($X13,{"K1","K2","K3","K12","K13","H1","H2","H3","H12","H13"},0),Calc!$V$2:$V$157,Calc!$AC$2:$AC$157,Calc!$AJ$2:$AJ$157,Calc!$AL$2:$AL$157,Calc!$AM$2:$AM$157,Calc!$W$2:$W$157,Calc!$AD$2:$AD$157,Calc!$AK$2:$AK$157,Calc!$AN$2:$AN$157,Calc!$AO$2:$AO$157),MATCH($W13,Calc!$A$2:$A$157,0)),"")} -> 29.414687 | H13: {=IF(G13="","",IF(LEFT($X13,1)="H",SQRT(G13*(IFERROR(INDEX(Calc!$AP$2:$AP$157,MATCH($W13,Calc!$A$2:$A$157,0)),0.5)*Config!$B$5+1-IFERROR(INDEX(Calc!$AP$2:$AP$157,MATCH($W13,Calc!$A$2:$A$157,0)),0.5))),SQRT(G13*Config!$B$5)))} -> 6.4172083 | I13: =IF(OR(F13="",G13="",N(H13)<=0),"",1-NORMDIST(FLOOR(F13,1)+0.5,G13,H13,TRUE)) -> 0.43284903 | J13: =IF(I13="","",NORMDIST(CEILING(F13,1)-0.5,G13,H13,TRUE)) -> 0.56715097 | K13: =IF(I13="","",MAX(0,1-I13-J13)) -> 0 | L13: =IF(I13="","",IF(I13>=0.5+Config!$B$6,"OVER",IF(J13>=0.5+Config!$B$6,"UNDER","—"))) -> UNDER | N13: 33.2 | O13: 0.4 | P13: 0.5 | Q13: 0.53 | R13: 100%/2/2 | S13: -1 | T13: {=INDEX(Calc!$G$2:$G$157,MATCH($W13,Calc!$A$2:$A$157,0))&" / "&INDEX(Calc!$H$2:$H$157,MATCH($W13,Calc!$A$2:$A$157,0))} -> Ancient / Inferno | U13: {=TEXT(INDEX(Calc!$J$2:$J$157,MATCH($W13,Calc!$A$2:$A$157,0)),"0.0")&" / "&TEXT(INDEX(Calc!$K$2:$K$157,MATCH($W13,Calc!$A$2:$A$157,0)),"0.0")} -> 21.5 / 21.5 | V13: {=IFERROR(INDEX(Calc!$AQ$2:$AQ$157,MATCH($W13,Calc!$A$2:$A$157,0)),"")} | W13: u4e5uoowjf17ffu|CS2 · AST vs MIBR | X13: K12 | Y13: =W13&"|"&X13 -> u4e5uoowjf17ffu|CS2 · AST vs MIBR|K12 | Z13: {=IFERROR(INDEX(CHOOSE(MATCH($X13,{"K1","K2","K3","K12","K13","H1","H2","H3","H12","H13"},0),Calc!$BA$2:$BA$157,Calc!$BB$2:$BB$157,Calc!$BC$2:$BC$157,Calc!$BD$2:$BD$157,Calc!$BE$2:$BE$157,Calc!$BF$2:$BF$157,Calc!$BG$2:$BG$157,Calc!$BH$2:$BH$157,Calc!$BI$2:$BI$157,Calc!$BJ$2:$BJ$157),MATCH($W13,Calc!$A$2:$A$157,0)),"")} -> 28.339599 | AA13: {=IF(Z13="","",IF(LEFT($X13,1)="H",SQRT(Z13*(IFERROR(INDEX(Calc!$AP$2:$AP$157,MATCH($W13,Calc!$A$2:$A$157,0)),0.5)*Config!$B$5+1-IFERROR(INDEX(Calc!$AP$2:$AP$157,MATCH($W13,Calc!$A$2:$A$157,0)),0.5))),SQRT(Z13*Config!$B$5)))} -> 6.2988442 | AB13: =IF(OR(F13="",Z13="",N(AA13)<=0),"",1-NORMDIST(FLOOR(F13,1)+0.5,Z13,AA13,TRUE)) -> 0.36580533 | AC13: =IF(AB13="","",NORMDIST(CEILING(F13,1)-0.5,Z13,AA13,TRUE)) -> 0.63419467 | AD13: =IF(AB13="","",IF(AB13>=0.5+Config!$B$6,"OVER",IF(AC13>=0.5+Config!$B$6,"UNDER","—"))) -> UNDER | AE13: =IFERROR(Z13/G13,"") -> 0.96345061
... A30: CS2 | B30: CS2 · AUR vs 9z | C30: dgt | D30: 9z | E30: Maps 1-2 HS | F30: 16.5 | G30: {=IFERROR(INDEX(CHOOSE(MATCH($X30,{"K1","K2","K3","K12","K13","H1","H2","H3","H12","H13"},0),Calc!$V$2:$V$157,Calc!$AC$2:$AC$157,Calc!$AJ$2:$AJ$157,Calc!$AL$2:$AL$157,Calc!$AM$2:$AM$157,Calc!$W$2:$W$157,Calc!$AD$2:$AD$157,Calc!$AK$2:$AK$157,Calc!$AN$2:$AN$157,Calc!$AO$2:$AO$157),MATCH($W30,Calc!$A$2:$A$157,0)),"")} -> 17.622306 | H30: {=IF(G30="","",IF(LEFT($X30,1)="H",SQRT(G30*(IFERROR(INDEX(Calc!$AP$2:$AP$157,MATCH($W30,Calc!$A$2:$A$157,0)),0.5)*Config!$B$5+1-IFERROR(INDEX(Calc!$AP$2:$AP$157,MATCH($W30,Calc!$A$2:$A$157,0)),0.5))),SQRT(G30*Config!$B$5)))} -> 4.6518314 | I30: =IF(OR(F30="",G30="",N(H30)<=0),"",1-NORMDIST(FLOOR(F30,1)+0.5,G30,H30,TRUE)) -> 0.59532365 | J30: =IF(I30="","",NORMDIST(CEILING(F30,1)-0.5,G30,H30,TRUE)) -> 0.40467635 | K30: =IF(I30="","",MAX(0,1-I30-J30)) -> 0 | L30: =IF(I30="","",IF(I30>=0.5+Config!$B$6,"OVER",IF(J30>=0.5+Config!$B$6,"UNDER","—"))) -> OVER | N30: 16.3 | O30: 0.2 | P30: 0.5 | Q30: 0.4 | R30: 33%/1/3 | S30: -3 | T30: {=INDEX(Calc!$G$2:$G$157,MATCH($W30,Calc!$A$2:$A$157,0))&" / "&INDEX(Calc!$H$2:$H$157,MATCH($W30,Calc!$A$2:$A$157,0))} -> Nuke / Mirage | U30: {=TEXT(INDEX(Calc!$J$2:$J$157,MATCH($W30,Calc!$A$2:$A$157,0)),"0.0")&" / "&TEXT(INDEX(Calc!$K$2:$K$157,MATCH($W30,Calc!$A$2:$A$157,0)),"0.0")} -> 21.3 / 21.4 | V30: {=IFERROR(INDEX(Calc!$AQ$2:$AQ$157,MATCH($W30,Calc!$A$2:$A$157,0)),"")} | W30: id2uf5ot80ms5oo|CS2 · AUR vs 9z | X30: H12 | Y30: =W30&"|"&X30 -> id2uf5ot80ms5oo|CS2 · AUR vs 9z|H12 | Z30: {=IFERROR(INDEX(CHOOSE(MATCH($X30,{"K1","K2","K3","K12","K13","H1","H2","H3","H12","H13"},0),Calc!$BA$2:$BA$157,Calc!$BB$2:$BB$157,Calc!$BC$2:$BC$157,Calc!$BD$2:$BD$157,Calc!$BE$2:$BE$157,Calc!$BF$2:$BF$157,Calc!$BG$2:$BG$157,Calc!$BH$2:$BH$157,Calc!$BI$2:$BI$157,Calc!$BJ$2:$BJ$157),MATCH($W30,Calc!$A$2:$A$157,0)),"")} -> 18.162662 | AA30: {=IF(Z30="","",IF(LEFT($X30,1)="H",SQRT(Z30*(IFERROR(INDEX(Calc!$AP$2:$AP$157,MATCH($W30,Calc!$A$2:$A$157,0)),0.5)*Config!$B$5+1-IFERROR(INDEX(Calc!$AP$2:$AP$157,MATCH($W30,Calc!$A$2:$A$157,0)),0.5))),SQRT(Z30*Config!$B$5)))} -> 4.7226128 | AB30: =IF(OR(F30="",Z30="",N(AA30)<=0),"",1-NORMDIST(FLOOR(F30,1)+0.5,Z30,AA30,TRUE)) -> 0.63760485 | AC30: =IF(AB30="","",NORMDIST(CEILING(F30,1)-0.5,Z30,AA30,TRUE)) -> 0.36239515 | AD30: =IF(AB30="","",IF(AB30>=0.5+Config!$B$6,"OVER",IF(AC30>=0.5+Config!$B$6,"UNDER","—"))) -> OVER | AE30: =IFERROR(Z30/G30,"") -> 1.0306631
A31: CS2 | B31: CS2 · AUR vs 9z | C31: dgt | D31: 9z | E31: Maps 1-2 Kills | F31: 28.5 | G31: {=IFERROR(INDEX(CHOOSE(MATCH($X31,{"K1","K2","K3","K12","K13","H1","H2","H3","H12","H13"},0),Calc!$V$2:$V$157,Calc!$AC$2:$AC$157,Calc!$AJ$2:$AJ$157,Calc!$AL$2:$AL$157,Calc!$AM$2:$AM$157,Calc!$W$2:$W$157,Calc!$AD$2:$AD$157,Calc!$AK$2:$AK$157,Calc!$AN$2:$AN$157,Calc!$AO$2:$AO$157),MATCH($W31,Calc!$A$2:$A$157,0)),"")} -> 30.921382 | H31: {=IF(G31="","",IF(LEFT($X31,1)="H",SQRT(G31*(IFERROR(INDEX(Calc!$AP$2:$AP$157,MATCH($W31,Calc!$A$2:$A$157,0)),0.5)*Config!$B$5+1-IFERROR(INDEX(Calc!$AP$2:$AP$157,MATCH($W31,Calc!$A$2:$A$157,0)),0.5))),SQRT(G31*Config!$B$5)))} -> 6.5795087 | I31: =IF(OR(F31="",G31="",N(H31)<=0),"",1-NORMDIST(FLOOR(F31,1)+0.5,G31,H31,TRUE)) -> 0.64357033 | J31: =IF(I31="","",NORMDIST(CEILING(F31,1)-0.5,G31,H31,TRUE)) -> 0.35642967 | K31: =IF(I31="","",MAX(0,1-I31-J31)) -> 0 | L31: =IF(I31="","",IF(I31>=0.5+Config!$B$6,"OVER",IF(J31>=0.5+Config!$B$6,"UNDER","—"))) -> OVER | M31: 28.82 | N31: 30.3 | O31: 0.4 | P31: 0.6 | Q31: 0.53 | R31: 67%/2/3 | S31: -1 | T31: {=INDEX(Calc!$G$2:$G$157,MATCH($W31,Calc!$A$2:$A$157,0))&" / "&INDEX(Calc!$H$2:$H$157,MATCH($W31,Calc!$A$2:$A$157,0))} -> Nuke / Mirage | U31: {=TEXT(INDEX(Calc!$J$2:$J$157,MATCH($W31,Calc!$A$2:$A$157,0)),"0.0")&" / "&TEXT(INDEX(Calc!$K$2:$K$157,MATCH($W31,Calc!$A$2:$A$157,0)),"0.0")} -> 21.3 / 21.4 | V31: {=IFERROR(INDEX(Calc!$AQ$2:$AQ$157,MATCH($W31,Calc!$A$2:$A$157,0)),"")} | W31: id2uf5ot80ms5oo|CS2 · AUR vs 9z | X31: K12 | Y31: =W31&"|"&X31 -> id2uf5ot80ms5oo|CS2 · AUR vs 9z|K12 | Z31: {=IFERROR(INDEX(CHOOSE(MATCH($X31,{"K1","K2","K3","K12","K13","H1","H2","H3","H12","H13"},0),Calc!$BA$2:$BA$157,Calc!$BB$2:$BB$157,Calc!$BC$2:$BC$157,Calc!$BD$2:$BD$157,Calc!$BE$2:$BE$157,Calc!$BF$2:$BF$157,Calc!$BG$2:$BG$157,Calc!$BH$2:$BH$157,Calc!$BI$2:$BI$157,Calc!$BJ$2:$BJ$157),MATCH($W31,Calc!$A$2:$A$157,0)),"")} -> 31.882065 | AA31: {=IF(Z31="","",IF(LEFT($X31,1)="H",SQRT(Z31*(IFERROR(INDEX(Calc!$AP$2:$AP$157,MATCH($W31,Calc!$A$2:$A$157,0)),0.5)*Config!$B$5+1-IFERROR(INDEX(Calc!$AP$2:$AP$157,MATCH($W31,Calc!$A$2:$A$157,0)),0.5))),SQRT(Z31*Config!$B$5)))} -> 6.6809349 | AB31: =IF(OR(F31="",Z31="",N(AA31)<=0),"",1-NORMDIST(FLOOR(F31,1)+0.5,Z31,AA31,TRUE)) -> 0.69365109 | AC31: =IF(AB31="","",NORMDIST(CEILING(F31,1)-0.5,Z31,AA31,TRUE)) -> 0.30634891 | AD31: =IF(AB31="","",IF(AB31>=0.5+Config!$B$6,"OVER",IF(AC31>=0.5+Config!$B$6,"UNDER","—"))) -> OVER | AE31: =IFERROR(Z31/G31,"") -> 1.0310686
A32: CS2 | B32: CS2 · AUR vs 9z | C32: HUASOPEEK | D32: 9z | E32: Maps 1-2 HS | F32: 17 | G32: {=IFERROR(INDEX(CHOOSE(MATCH($X32,{"K1","K2","K3","K12","K13","H1","H2","H3","H12","H13"},0),Calc!$V$2:$V$157,Calc!$AC$2:$AC$157,Calc!$AJ$2:$AJ$157,Calc!$AL$2:$AL$157,Calc!$AM$2:$AM$157,Calc!$W$2:$W$157,Calc!$AD$2:$AD$157,Calc!$AK$2:$AK$157,Calc!$AN$2:$AN$157,Calc!$AO$2:$AO$157),MATCH($W32,Calc!$A$2:$A$157,0)),"")} -> 17.826273 | H32: {=IF(G32="","",IF(LEFT($X32,1)="H",SQRT(G32*(IFERROR(INDEX(Calc!$AP$2:$AP$157,MATCH($W32,Calc!$A$2:$A$157,0)),0.5)*Config!$B$5+1-IFERROR(INDEX(Calc!$AP$2:$AP$157,MATCH($W32,Calc!$A$2:$A$157,0)),0.5))),SQRT(G32*Config!$B$5)))} -> 4.7161043 | I32: =IF(OR(F32="",G32="",N(H32)<=0),"",1-NORMDIST(FLOOR(F32,1)+0.5,G32,H32,TRUE)) -> 0.52757788 | J32: =IF(I32="","",NORMDIST(CEILING(F32,1)-0.5,G32,H32,TRUE)) -> 0.38927005 | K32: =IF(I32="","",MAX(0,1-I32-J32)) -> 0.083152076 | L32: =IF(I32="","",IF(I32>=0.5+Config!$B$6,"OVER",IF(J32>=0.5+Config!$B$6,"UNDER","—"))) -> — | N32: 15.9 | O32: 0.4 | P32: 0.4 | Q32: 0.47 | R32: 33%/1/3 | S32: -1 | T32: {=INDEX(Calc!$G$2:$G$157,MATCH($W32,Calc!$A$2:$A$157,0))&" / "&INDEX(Calc!$H$2:$H$157,MATCH($W32,Calc!$A$2:$A$157,0))} -> Nuke / Mirage | U32: {=TEXT(INDEX(Calc!$J$2:$J$157,MATCH($W32,Calc!$A$2:$A$157,0)),"0.0")&" / "&TEXT(INDEX(Calc!$K$2:$K$157,MATCH($W32,Calc!$A$2:$A$157,0)),"0.0")} -> 21.3 / 21.4 | V32: {=IFERROR(INDEX(Calc!$AQ$2:$AQ$157,MATCH($W32,Calc!$A$2:$A$157,0)),"")} | W32: fg52qcdy7yej5d9|CS2 · AUR vs 9z | X32: H12 | Y32: =W32&"|"&X32 -> fg52qcdy7yej5d9|CS2 · AUR vs 9z|H12 | Z32: {=IFERROR(INDEX(CHOOSE(MATCH($X32,{"K1","K2","K3","K12","K13","H1","H2","H3","H12","H13"},0),Calc!$BA$2:$BA$157,Calc!$BB$2:$BB$157,Calc!$BC$2:$BC$157,Calc!$BD$2:$BD$157,Calc!$BE$2:$BE$157,Calc!$BF$2:$BF$157,Calc!$BG$2:$BG$157,Calc!$BH$2:$BH$157,Calc!$BI$2:$BI$157,Calc!$BJ$2:$BJ$157),MATCH($W32,Calc!$A$2:$A$157,0)),"")} -> 18.392001 | AA32: {=IF(Z32="","",IF(LEFT($X32,1)="H",SQRT(Z32*(IFERROR(INDEX(Calc!$AP$2:$AP$157,MATCH($W32,Calc!$A$2:$A$157,0)),0.5)*Config!$B$5+1-IFERROR(INDEX(Calc!$AP$2:$AP$157,MATCH($W32,Calc!$A$2:$A$157,0)),0.5))),SQRT(Z32*Config!$B$5)))} -> 4.7903542 | AB32: =IF(OR(F32="",Z32="",N(AA32)<=0),"",1-NORMDIST(FLOOR(F32,1)+0.5,Z32,AA32,TRUE)) -> 0.57385911 | AC32: =IF(AB32="","",NORMDIST(CEILING(F32,1)-0.5,Z32,AA32,TRUE)) -> 0.34643596 | AD32: =IF(AB32="","",IF(AB32>=0.5+Config!$B$6,"OVER",IF(AC32>=0.5+Config!$B$6,"UNDER","—"))) -> OVER | AE32: =IFERROR(Z32/G32,"") -> 1.0317357
A33: CS2 | B33: CS2 · AUR vs 9z | C33: HUASOPEEK | D33: 9z | E33: Maps 1-2 Kills | F33: 28.5 | G33: {=IFERROR(INDEX(CHOOSE(MATCH($X33,{"K1","K2","K3","K12","K13","H1","H2","H3","H12","H13"},0),Calc!$V$2:$V$157,Calc!$AC$2:$AC$157,Calc!$AJ$2:$AJ$157,Calc!$AL$2:$AL$157,Calc!$AM$2:$AM$157,Calc!$W$2:$W$157,Calc!$AD$2:$AD$157,Calc!$AK$2:$AK$157,Calc!$AN$2:$AN$157,Calc!$AO$2:$AO$157),MATCH($W33,Calc!$A$2:$A$157,0)),"")} -> 28.788182 | H33: {=IF(G33="","",IF(LEFT($X33,1)="H",SQRT(G33*(IFERROR(INDEX(Calc!$AP$2:$AP$157,MATCH($W33,Calc!$A$2:$A$157,0)),0.5)*Config!$B$5+1-IFERROR(INDEX(Calc!$AP$2:$AP$157,MATCH($W33,Calc!$A$2:$A$157,0)),0.5))),SQRT(G33*Config!$B$5)))} -> 6.3485002 | I33: =IF(OR(F33="",G33="",N(H33)<=0),"",1-NORMDIST(FLOOR(F33,1)+0.5,G33,H33,TRUE)) -> 0.51810324 | J33: =IF(I33="","",NORMDIST(CEILING(F33,1)-0.5,G33,H33,TRUE)) -> 0.48189676 | K33: =IF(I33="","",MAX(0,1-I33-J33)) -> 0 | L33: =IF(I33="","",IF(I33>=0.5+Config!$B$6,"OVER",IF(J33>=0.5+Config!$B$6,"UNDER","—"))) -> — | M33: 28.08 | N33: 26.3 | O33: 0.4 | P33: 0.4 | Q33: 0.47 | R33: 33%/1/3 | S33: -1 | T33: {=INDEX(Calc!$G$2:$G$157,MATCH($W33,Calc!$A$2:$A$157,0))&" / "&INDEX(Calc!$H$2:$H$157,MATCH($W33,Calc!$A$2:$A$157,0))} -> Nuke / Mirage | U33: {=TEXT(INDEX(Calc!$J$2:$J$157,MATCH($W33,Calc!$A$2:$A$157,0)),"0.0")&" / "&TEXT(INDEX(Calc!$K$2:$K$157,MATCH($W33,Calc!$A$2:$A$157,0)),"0.0")} -> 21.3 / 21.4 | V33: {=IFERROR(INDEX(Calc!$AQ$2:$AQ$157,MATCH($W33,Calc!$A$2:$A$157,0)),"")} | W33: fg52qcdy7yej5d9|CS2 · AUR vs 9z | X33: K12 | Y33: =W33&"|"&X33 -> fg52qcdy7yej5d9|CS2 · AUR vs 9z|K12 | Z33: {=IFERROR(INDEX(CHOOSE(MATCH($X33,{"K1","K2","K3","K12","K13","H1","H2","H3","H12","H13"},0),Calc!$BA$2:$BA$157,Calc!$BB$2:$BB$157,Calc!$BC$2:$BC$157,Calc!$BD$2:$BD$157,Calc!$BE$2:$BE$157,Calc!$BF$2:$BF$157,Calc!$BG$2:$BG$157,Calc!$BH$2:$BH$157,Calc!$BI$2:$BI$157,Calc!$BJ$2:$BJ$157),MATCH($W33,Calc!$A$2:$A$157,0)),"")} -> 29.693176 | AA33: {=IF(Z33="","",IF(LEFT($X33,1)="H",SQRT(Z33*(IFERROR(INDEX(Calc!$AP$2:$AP$157,MATCH($W33,Calc!$A$2:$A$157,0)),0.5)*Config!$B$5+1-IFERROR(INDEX(Calc!$AP$2:$AP$157,MATCH($W33,Calc!$A$2:$A$157,0)),0.5))),SQRT(Z33*Config!$B$5)))} -> 6.4475147 | AB33: =IF(OR(F33="",Z33="",N(AA33)<=0),"",1-NORMDIST(FLOOR(F33,1)+0.5,Z33,AA33,TRUE)) -> 0.57340895 | AC33: =IF(AB33="","",NORMDIST(CEILING(F33,1)-0.5,Z33,AA33,TRUE)) -> 0.42659105 | AD33: =IF(AB33="","",IF(AB33>=0.5+Config!$B$6,"OVER",IF(AC33>=0.5+Config!$B$6,"UNDER","—"))) -> OVER | AE33: =IFERROR(Z33/G33,"") -> 1.0314363
A34: CS2 | B34: CS2 · AUR vs 9z | C34: luchov | D34: 9z | E34: Maps 1-2 HS | F34: 17 | G34: {=IFERROR(INDEX(CHOOSE(MATCH($X34,{"K1","K2","K3","K12","K13","H1","H2","H3","H12","H13"},0),Calc!$V$2:$V$157,Calc!$AC$2:$AC$157,Calc!$AJ$2:$AJ$157,Calc!$AL$2:$AL$157,Calc!$AM$2:$AM$157,Calc!$W$2:$W$157,Calc!$AD$2:$AD$157,Calc!$AK$2:$AK$157,Calc!$AN$2:$AN$157,Calc!$AO$2:$AO$157),MATCH($W34,Calc!$A$2:$A$157,0)),"")} -> 17.979694 | H34: {=IF(G34="","",IF(LEFT($X34,1)="H",SQRT(G34*(IFERROR(INDEX(Calc!$AP$2:$AP$157,MATCH($W34,Calc!$A$2:$A$157,0)),0.5)*Config!$B$5+1-IFERROR(INDEX(Calc!$AP$2:$AP$157,MATCH($W34,Calc!$A$2:$A$157,0)),0.5))),SQRT(G34*Config!$B$5)))} -> 4.7186191 | I34: =IF(OR(F34="",G34="",N(H34)<=0),"",1-NORMDIST(FLOOR(F34,1)+0.5,G34,H34,TRUE)) -> 0.54048664 | J34: =IF(I34="","",NORMDIST(CEILING(F34,1)-0.5,G34,H34,TRUE)) -> 0.37691768 | K34: =IF(I34="","",MAX(0,1-I34-J34)) -> 0.082595688 | L34: =IF(I34="","",IF(I34>=0.5+Config!$B$6,"OVER",IF(J34>=0.5+Config!$B$6,"UNDER","—"))) -> OVER | N34: 16.8 | O34: 0.8 | P34: 0.5 | Q34: 0.47 | R34: 33%/1/3 | S34: 2 | T34: {=INDEX(Calc!$G$2:$G$157,MATCH($W34,Calc!$A$2:$A$157,0))&" / "&INDEX(Calc!$H$2:$H$157,MATCH($W34,Calc!$A$2:$A$157,0))} -> Nuke / Mirage | U34: {=TEXT(INDEX(Calc!$J$2:$J$157,MATCH($W34,Calc!$A$2:$A$157,0)),"0.0")&" / "&TEXT(INDEX(Calc!$K$2:$K$157,MATCH($W34,Calc!$A$2:$A$157,0)),"0.0")} -> 21.3 / 21.4 | V34: {=IFERROR(INDEX(Calc!$AQ$2:$AQ$157,MATCH($W34,Calc!$A$2:$A$157,0)),"")} | W34: uf3pcvx03g3k6xm|CS2 · AUR vs 9z | X34: H12 | Y34: =W34&"|"&X34 -> uf3pcvx03g3k6xm|CS2 · AUR vs 9z|H12 | Z34: {=IFERROR(INDEX(CHOOSE(MATCH($X34,{"K1","K2","K3","K12","K13","H1","H2","H3","H12","H13"},0),Calc!$BA$2:$BA$157,Calc!$BB$2:$BB$157,Calc!$BC$2:$BC$157,Calc!$BD$2:$BD$157,Calc!$BE$2:$BE$157,Calc!$BF$2:$BF$157,Calc!$BG$2:$BG$157,Calc!$BH$2:$BH$157,Calc!$BI$2:$BI$157,Calc!$BJ$2:$BJ$157),MATCH($W34,Calc!$A$2:$A$157,0)),"")} -> 18.539821 | AA34: {=IF(Z34="","",IF(LEFT($X34,1)="H",SQRT(Z34*(IFERROR(INDEX(Calc!$AP$2:$AP$157,MATCH($W34,Calc!$A$2:$A$157,0)),0.5)*Config!$B$5+1-IFERROR(INDEX(Calc!$AP$2:$AP$157,MATCH($W34,Calc!$A$2:$A$157,0)),0.5))),SQRT(Z34*Config!$B$5)))} -> 4.7915557 | AB34: =IF(OR(F34="",Z34="",N(AA34)<=0),"",1-NORMDIST(FLOOR(F34,1)+0.5,Z34,AA34,TRUE)) -> 0.58590017 | AC34: =IF(AB34="","",NORMDIST(CEILING(F34,1)-0.5,Z34,AA34,TRUE)) -> 0.335159 | AD34: =IF(AB34="","",IF(AB34>=0.5+Config!$B$6,"OVER",IF(AC34>=0.5+Config!$B$6,"UNDER","—"))) -> OVER | AE34: =IFERROR(Z34/G34,"") -> 1.0311533
A35: CS2 | B35: CS2 · AUR vs 9z | C35: luchov | D35: 9z | E35: Maps 1-2 Kills | F35: 29 | G35: {=IFERROR(INDEX(CHOOSE(MATCH($X35,{"K1","K2","K3","K12","K13","H1","H2","H3","H12","H13"},0),Calc!$V$2:$V$157,Calc!$AC$2:$AC$157,Calc!$AJ$2:$AJ$157,Calc!$AL$2:$AL$157,Calc!$AM$2:$AM$157,Calc!$W$2:$W$157,Calc!$AD$2:$AD$157,Calc!$AK$2:$AK$157,Calc!$AN$2:$AN$157,Calc!$AO$2:$AO$157),MATCH($W35,Calc!$A$2:$A$157,0)),"")} -> 30.172103 | H35: {=IF(G35="","",IF(LEFT($X35,1)="H",SQRT(G35*(IFERROR(INDEX(Calc!$AP$2:$AP$157,MATCH($W35,Calc!$A$2:$A$157,0)),0.5)*Config!$B$5+1-IFERROR(INDEX(Calc!$AP$2:$AP$157,MATCH($W35,Calc!$A$2:$A$157,0)),0.5))),SQRT(G35*Config!$B$5)))} -> 6.4993034 | I35: =IF(OR(F35="",G35="",N(H35)<=0),"",1-NORMDIST(FLOOR(F35,1)+0.5,G35,H35,TRUE)) -> 0.54118183 | J35: =IF(I35="","",NORMDIST(CEILING(F35,1)-0.5,G35,H35,TRUE)) -> 0.39848356 | K35: =IF(I35="","",MAX(0,1-I35-J35)) -> 0.060334617 | L35: =IF(I35="","",IF(I35>=0.5+Config!$B$6,"OVER",IF(J35>=0.5+Config!$B$6,"UNDER","—"))) -> OVER | M35: 28.82 | N35: 27.4 | O35: 0.6 | P35: 0.4 | Q35: 0.47 | R35: 33%/1/3 | S35: 2 | T35: {=INDEX(Calc!$G$2:$G$157,MATCH($W35,Calc!$A$2:$A$157,0))&" / "&INDEX(Calc!$H$2:$H$157,MATCH($W35,Calc!$A$2:$A$157,0))} -> Nuke / Mirage | U35: {=TEXT(INDEX(Calc!$J$2:$J$157,MATCH($W35,Calc!$A$2:$A$157,0)),"0.0")&" / "&TEXT(INDEX(Calc!$K$2:$K$157,MATCH($W35,Calc!$A$2:$A$157,0)),"0.0")} -> 21.3 / 21.4 | V35: {=IFERROR(INDEX(Calc!$AQ$2:$AQ$157,MATCH($W35,Calc!$A$2:$A$157,0)),"")} | W35: uf3pcvx03g3k6xm|CS2 · AUR vs 9z | X35: K12 | Y35: =W35&"|"&X35 -> uf3pcvx03g3k6xm|CS2 · AUR vs 9z|K12 | Z35: {=IFERROR(INDEX(CHOOSE(MATCH($X35,{"K1","K2","K3","K12","K13","H1","H2","H3","H12","H13"},0),Calc!$BA$2:$BA$157,Calc!$BB$2:$BB$157,Calc!$BC$2:$BC$157,Calc!$BD$2:$BD$157,Calc!$BE$2:$BE$157,Calc!$BF$2:$BF$157,Calc!$BG$2:$BG$157,Calc!$BH$2:$BH$157,Calc!$BI$2:$BI$157,Calc!$BJ$2:$BJ$157),MATCH($W35,Calc!$A$2:$A$157,0)),"")} -> 31.115052 | AA35: {=IF(Z35="","",IF(LEFT($X35,1)="H",SQRT(Z35*(IFERROR(INDEX(Calc!$AP$2:$AP$157,MATCH($W35,Calc!$A$2:$A$157,0)),0.5)*Config!$B$5+1-IFERROR(INDEX(Calc!$AP$2:$AP$157,MATCH($W35,Calc!$A$2:$A$157,0)),0.5))),SQRT(Z35*Config!$B$5)))} -> 6.6000813 | AB35: =IF(OR(F35="",Z35="",N(AA35)<=0),"",1-NORMDIST(FLOOR(F35,1)+0.5,Z35,AA35,TRUE)) -> 0.59665637 | AC35: =IF(AB35="","",NORMDIST(CEILING(F35,1)-0.5,Z35,AA35,TRUE)) -> 0.34597315 | AD35: =IF(AB35="","",IF(AB35>=0.5+Config!$B$6,"OVER",IF(AC35>=0.5+Config!$B$6,"UNDER","—"))) -> OVER | AE35: =IFERROR(Z35/G35,"") -> 1.0312524
A36: CS2 | B36: CS2 · AUR vs 9z | C36: max | D36: 9z | E36: Maps 1-2 HS | F36: 11.5 | G36: {=IFERROR(INDEX(CHOOSE(MATCH($X36,{"K1","K2","K3","K12","K13","H1","H2","H3","H12","H13"},0),Calc!$V$2:$V$157,Calc!$AC$2:$AC$157,Calc!$AJ$2:$AJ$157,Calc!$AL$2:$AL$157,Calc!$AM$2:$AM$157,Calc!$W$2:$W$157,Calc!$AD$2:$AD$157,Calc!$AK$2:$AK$157,Calc!$AN$2:$AN$157,Calc!$AO$2:$AO$157),MATCH($W36,Calc!$A$2:$A$157,0)),"")} -> 11.174723 | H36: {=IF(G36="","",IF(LEFT($X36,1)="H",SQRT(G36*(IFERROR(INDEX(Calc!$AP$2:$AP$157,MATCH($W36,Calc!$A$2:$A$157,0)),0.5)*Config!$B$5+1-IFERROR(INDEX(Calc!$AP$2:$AP$157,MATCH($W36,Calc!$A$2:$A$157,0)),0.5))),SQRT(G36*Config!$B$5)))} -> 3.6533986 | I36: =IF(OR(F36="",G36="",N(H36)<=0),"",1-NORMDIST(FLOOR(F36,1)+0.5,G36,H36,TRUE)) -> 0.46452745 | J36: =IF(I36="","",NORMDIST(CEILING(F36,1)-0.5,G36,H36,TRUE)) -> 0.53547255 | K36: =IF(I36="","",MAX(0,1-I36-J36)) -> 0 | L36: =IF(I36="","",IF(I36>=0.5+Config!$B$6,"OVER",IF(J36>=0.5+Config!$B$6,"UNDER","—"))) -> — | N36: 11 | O36: 0.4 | P36: 0.5 | Q36: 0.47 | R36: 33%/1/3 | S36: -1 | T36: {=INDEX(Calc!$G$2:$G$157,MATCH($W36,Calc!$A$2:$A$157,0))&" / "&INDEX(Calc!$H$2:$H$157,MATCH($W36,Calc!$A$2:$A$157,0))} -> Nuke / Mirage | U36: {=TEXT(INDEX(Calc!$J$2:$J$157,MATCH($W36,Calc!$A$2:$A$157,0)),"0.0")&" / "&TEXT(INDEX(Calc!$K$2:$K$157,MATCH($W36,Calc!$A$2:$A$157,0)),"0.0")} -> 21.3 / 21.4 | V36: {=IFERROR(INDEX(Calc!$AQ$2:$AQ$157,MATCH($W36,Calc!$A$2:$A$157,0)),"")} | W36: 2l8hxj94mm620bg|CS2 · AUR vs 9z | X36: H12 | Y36: =W36&"|"&X36 -> 2l8hxj94mm620bg|CS2 · AUR vs 9z|H12 | Z36: {=IFERROR(INDEX(CHOOSE(MATCH($X36,{"K1","K2","K3","K12","K13","H1","H2","H3","H12","H13"},0),Calc!$BA$2:$BA$157,Calc!$BB$2:$BB$157,Calc!$BC$2:$BC$157,Calc!$BD$2:$BD$157,Calc!$BE$2:$BE$157,Calc!$BF$2:$BF$157,Calc!$BG$2:$BG$157,Calc!$BH$2:$BH$157,Calc!$BI$2:$BI$157,Calc!$BJ$2:$BJ$157),MATCH($W36,Calc!$A$2:$A$157,0)),"")} -> 11.50921 | AA36: {=IF(Z36="","",IF(LEFT($X36,1)="H",SQRT(Z36*(IFERROR(INDEX(Calc!$AP$2:$AP$157,MATCH($W36,Calc!$A$2:$A$157,0)),0.5)*Config!$B$5+1-IFERROR(INDEX(Calc!$AP$2:$AP$157,MATCH($W36,Calc!$A$2:$A$157,0)),0.5))),SQRT(Z36*Config!$B$5)))} -> 3.7076729 | AB36: =IF(OR(F36="",Z36="",N(AA36)<=0),"",1-NORMDIST(FLOOR(F36,1)+0.5,Z36,AA36,TRUE)) -> 0.50099098 | AC36: =IF(AB36="","",NORMDIST(CEILING(F36,1)-0.5,Z36,AA36,TRUE)) -> 0.49900902 | AD36: =IF(AB36="","",IF(AB36>=0.5+Config!$B$6,"OVER",IF(AC36>=0.5+Config!$B$6,"UNDER","—"))) -> — | AE36: =IFERROR(Z36/G36,"") -> 1.0299324
A37: CS2 | B37: CS2 · AUR vs 9z | C37: max | D37: 9z | E37: Maps 1-2 Kills | F37: 22.5 | G37: {=IFERROR(INDEX(CHOOSE(MATCH($X37,{"K1","K2","K3","K12","K13","H1","H2","H3","H12","H13"},0),Calc!$V$2:$V$157,Calc!$AC$2:$AC$157,Calc!$AJ$2:$AJ$157,Calc!$AL$2:$AL$157,Calc!$AM$2:$AM$157,Calc!$W$2:$W$157,Calc!$AD$2:$AD$157,Calc!$AK$2:$AK$157,Calc!$AN$2:$AN$157,Calc!$AO$2:$AO$157),MATCH($W37,Calc!$A$2:$A$157,0)),"")} -> 22.990809 | H37: {=IF(G37="","",IF(LEFT($X37,1)="H",SQRT(G37*(IFERROR(INDEX(Calc!$AP$2:$AP$157,MATCH($W37,Calc!$A$2:$A$157,0)),0.5)*Config!$B$5+1-IFERROR(INDEX(Calc!$AP$2:$AP$157,MATCH($W37,Calc!$A$2:$A$157,0)),0.5))),SQRT(G37*Config!$B$5)))} -> 5.6733705 | I37: =IF(OR(F37="",G37="",N(H37)<=0),"",1-NORMDIST(FLOOR(F37,1)+0.5,G37,H37,TRUE)) -> 0.5344699 | J37: =IF(I37="","",NORMDIST(CEILING(F37,1)-0.5,G37,H37,TRUE)) -> 0.4655301 | K37: =IF(I37="","",MAX(0,1-I37-J37)) -> 0 | L37: =IF(I37="","",IF(I37>=0.5+Config!$B$6,"OVER",IF(J37>=0.5+Config!$B$6,"UNDER","—"))) -> — | M37: 21.68 | N37: 21.8 | O37: 0.4 | P37: 0.5 | Q37: 0.53 | R37: 33%/1/3 | S37: -1 | T37: {=INDEX(Calc!$G$2:$G$157,MATCH($W37,Calc!$A$2:$A$157,0))&" / "&INDEX(Calc!$H$2:$H$157,MATCH($W37,Calc!$A$2:$A$157,0))} -> Nuke / Mirage | U37: {=TEXT(INDEX(Calc!$J$2:$J$157,MATCH($W37,Calc!$A$2:$A$157,0)),"0.0")&" / "&TEXT(INDEX(Calc!$K$2:$K$157,MATCH($W37,Calc!$A$2:$A$157,0)),"0.0")} -> 21.3 / 21.4 | V37: {=IFERROR(INDEX(Calc!$AQ$2:$AQ$157,MATCH($W37,Calc!$A$2:$A$157,0)),"")} | W37: 2l8hxj94mm620bg|CS2 · AUR vs 9z | X37: K12 | Y37: =W37&"|"&X37 -> 2l8hxj94mm620bg|CS2 · AUR vs 9z|K12 | Z37: {=IFERROR(INDEX(CHOOSE(MATCH($X37,{"K1","K2","K3","K12","K13","H1","H2","H3","H12","H13"},0),Calc!$BA$2:$BA$157,Calc!$BB$2:$BB$157,Calc!$BC$2:$BC$157,Calc!$BD$2:$BD$157,Calc!$BE$2:$BE$157,Calc!$BF$2:$BF$157,Calc!$BG$2:$BG$157,Calc!$BH$2:$BH$157,Calc!$BI$2:$BI$157,Calc!$BJ$2:$BJ$157),MATCH($W37,Calc!$A$2:$A$157,0)),"")} -> 23.68602 | AA37: {=IF(Z37="","",IF(LEFT($X37,1)="H",SQRT(Z37*(IFERROR(INDEX(Calc!$AP$2:$AP$157,MATCH($W37,Calc!$A$2:$A$157,0)),0.5)*Config!$B$5+1-IFERROR(INDEX(Calc!$AP$2:$AP$157,MATCH($W37,Calc!$A$2:$A$157,0)),0.5))),SQRT(Z37*Config!$B$5)))} -> 5.7585092 | AB37: =IF(OR(F37="",Z37="",N(AA37)<=0),"",1-NORMDIST(FLOOR(F37,1)+0.5,Z37,AA37,TRUE)) -> 0.58158874 | AC37: =IF(AB37="","",NORMDIST(CEILING(F37,1)-0.5,Z37,AA37,TRUE)) -> 0.41841126 | AD37: =IF(AB37="","",IF(AB37>=0.5+Config!$B$6,"OVER",IF(AC37>=0.5+Config!$B$6,"UNDER","—"))) -> OVER | AE37: =IFERROR(Z37/G37,"") -> 1.0302386
A38: CS2 | B38: CS2 · AUR vs 9z | C38: meyern | D38: 9z | E38: Maps 1-2 HS | F38: 10.5 | G38: {=IFERROR(INDEX(CHOOSE(MATCH($X38,{"K1","K2","K3","K12","K13","H1","H2","H3","H12","H13"},0),Calc!$V$2:$V$157,Calc!$AC$2:$AC$157,Calc!$AJ$2:$AJ$157,Calc!$AL$2:$AL$157,Calc!$AM$2:$AM$157,Calc!$W$2:$W$157,Calc!$AD$2:$AD$157,Calc!$AK$2:$AK$157,Calc!$AN$2:$AN$157,Calc!$AO$2:$AO$157),MATCH($W38,Calc!$A$2:$A$157,0)),"")} -> 10.074618 | H38: {=IF(G38="","",IF(LEFT($X38,1)="H",SQRT(G38*(IFERROR(INDEX(Calc!$AP$2:$AP$157,MATCH($W38,Calc!$A$2:$A$157,0)),0.5)*Config!$B$5+1-IFERROR(INDEX(Calc!$AP$2:$AP$157,MATCH($W38,Calc!$A$2:$A$157,0)),0.5))),SQRT(G38*Config!$B$5)))} -> 3.4141191 | I38: =IF(OR(F38="",G38="",N(H38)<=0),"",1-NORMDIST(FLOOR(F38,1)+0.5,G38,H38,TRUE)) -> 0.45042212 | J38: =IF(I38="","",NORMDIST(CEILING(F38,1)-0.5,G38,H38,TRUE)) -> 0.54957788 | K38: =IF(I38="","",MAX(0,1-I38-J38)) -> 0 | L38: =IF(I38="","",IF(I38>=0.5+Config!$B$6,"OVER",IF(J38>=0.5+Config!$B$6,"UNDER","—"))) -> UNDER | N38: 9 | O38: 0.6 | P38: 0.4 | Q38: 0.27 | R38: 33%/1/3 | S38: 2 | T38: {=INDEX(Calc!$G$2:$G$157,MATCH($W38,Calc!$A$2:$A$157,0))&" / "&INDEX(Calc!$H$2:$H$157,MATCH($W38,Calc!$A$2:$A$157,0))} -> Nuke / Mirage | U38: {=TEXT(INDEX(Calc!$J$2:$J$157,MATCH($W38,Calc!$A$2:$A$157,0)),"0.0")&" / "&TEXT(INDEX(Calc!$K$2:$K$157,MATCH($W38,Calc!$A$2:$A$157,0)),"0.0")} -> 21.3 / 21.4 | V38: {=IFERROR(INDEX(Calc!$AQ$2:$AQ$157,MATCH($W38,Calc!$A$2:$A$157,0)),"")} | W38: pumzitjp9bsniic|CS2 · AUR vs 9z | X38: H12 | Y38: =W38&"|"&X38 -> pumzitjp9bsniic|CS2 · AUR vs 9z|H12 | Z38: {=IFERROR(INDEX(CHOOSE(MATCH($X38,{"K1","K2","K3","K12","K13","H1","H2","H3","H12","H13"},0),Calc!$BA$2:$BA$157,Calc!$BB$2:$BB$157,Calc!$BC$2:$BC$157,Calc!$BD$2:$BD$157,Calc!$BE$2:$BE$157,Calc!$BF$2:$BF$157,Calc!$BG$2:$BG$157,Calc!$BH$2:$BH$157,Calc!$BI$2:$BI$157,Calc!$BJ$2:$BJ$157),MATCH($W38,Calc!$A$2:$A$157,0)),"")} -> 10.389998 | AA38: {=IF(Z38="","",IF(LEFT($X38,1)="H",SQRT(Z38*(IFERROR(INDEX(Calc!$AP$2:$AP$157,MATCH($W38,Calc!$A$2:$A$157,0)),0.5)*Config!$B$5+1-IFERROR(INDEX(Calc!$AP$2:$AP$157,MATCH($W38,Calc!$A$2:$A$157,0)),0.5))),SQRT(Z38*Config!$B$5)))} -> 3.4671458 | AB38: =IF(OR(F38="",Z38="",N(AA38)<=0),"",1-NORMDIST(FLOOR(F38,1)+0.5,Z38,AA38,TRUE)) -> 0.48734495 | AC38: =IF(AB38="","",NORMDIST(CEILING(F38,1)-0.5,Z38,AA38,TRUE)) -> 0.51265505 | AD38: =IF(AB38="","",IF(AB38>=0.5+Config!$B$6,"OVER",IF(AC38>=0.5+Config!$B$6,"UNDER","—"))) -> — | AE38: =IFERROR(Z38/G38,"") -> 1.0313045
A39: CS2 | B39: CS2 · AUR vs 9z | C39: meyern | D39: 9z | E39: Maps 1-2 Kills | F39: 25.5 | G39: {=IFERROR(INDEX(CHOOSE(MATCH($X39,{"K1","K2","K3","K12","K13","H1","H2","H3","H12","H13"},0),Calc!$V$2:$V$157,Calc!$AC$2:$AC$157,Calc!$AJ$2:$AJ$157,Calc!$AL$2:$AL$157,Calc!$AM$2:$AM$157,Calc!$W$2:$W$157,Calc!$AD$2:$AD$157,Calc!$AK$2:$AK$157,Calc!$AN$2:$AN$157,Calc!$AO$2:$AO$157),MATCH($W39,Calc!$A$2:$A$157,0)),"")} -> 25.66983 | H39: {=IF(G39="","",IF(LEFT($X39,1)="H",SQRT(G39*(IFERROR(INDEX(Calc!$AP$2:$AP$157,MATCH($W39,Calc!$A$2:$A$157,0)),0.5)*Config!$B$5+1-IFERROR(INDEX(Calc!$AP$2:$AP$157,MATCH($W39,Calc!$A$2:$A$157,0)),0.5))),SQRT(G39*Config!$B$5)))} -> 5.9948113 | I39: =IF(OR(F39="",G39="",N(H39)<=0),"",1-NORMDIST(FLOOR(F39,1)+0.5,G39,H39,TRUE)) -> 0.51130034 | J39: =IF(I39="","",NORMDIST(CEILING(F39,1)-0.5,G39,H39,TRUE)) -> 0.48869966 | K39: =IF(I39="","",MAX(0,1-I39-J39)) -> 0 | L39: =IF(I39="","",IF(I39>=0.5+Config!$B$6,"OVER",IF(J39>=0.5+Config!$B$6,"UNDER","—"))) -> — | M39: 23.93 | N39: 22.5 | O39: 0.4 | P39: 0.4 | Q39: 0.4 | R39: 0%/0/3 | S39: 1 | T39: {=INDEX(Calc!$G$2:$G$157,MATCH($W39,Calc!$A$2:$A$157,0))&" / "&INDEX(Calc!$H$2:$H$157,MATCH($W39,Calc!$A$2:$A$157,0))} -> Nuke / Mirage | U39: {=TEXT(INDEX(Calc!$J$2:$J$157,MATCH($W39,Calc!$A$2:$A$157,0)),"0.0")&" / "&TEXT(INDEX(Calc!$K$2:$K$157,MATCH($W39,Calc!$A$2:$A$157,0)),"0.0")} -> 21.3 / 21.4 | V39: {=IFERROR(INDEX(Calc!$AQ$2:$AQ$157,MATCH($W39,Calc!$A$2:$A$157,0)),"")} | W39: pumzitjp9bsniic|CS2 · AUR vs 9z | X39: K12 | Y39: =W39&"|"&X39 -> pumzitjp9bsniic|CS2 · AUR vs 9z|K12 | Z39: {=IFERROR(INDEX(CHOOSE(MATCH($X39,{"K1","K2","K3","K12","K13","H1","H2","H3","H12","H13"},0),Calc!$BA$2:$BA$157,Calc!$BB$2:$BB$157,Calc!$BC$2:$BC$157,Calc!$BD$2:$BD$157,Calc!$BE$2:$BE$157,Calc!$BF$2:$BF$157,Calc!$BG$2:$BG$157,Calc!$BH$2:$BH$157,Calc!$BI$2:$BI$157,Calc!$BJ$2:$BJ$157),MATCH($W39,Calc!$A$2:$A$157,0)),"")} -> 26.485175 | AA39: {=IF(Z39="","",IF(LEFT($X39,1)="H",SQRT(Z39*(IFERROR(INDEX(Calc!$AP$2:$AP$157,MATCH($W39,Calc!$A$2:$A$157,0)),0.5)*Config!$B$5+1-IFERROR(INDEX(Calc!$AP$2:$AP$157,MATCH($W39,Calc!$A$2:$A$157,0)),0.5))),SQRT(Z39*Config!$B$5)))} -> 6.089273 | AB39: =IF(OR(F39="",Z39="",N(AA39)<=0),"",1-NORMDIST(FLOOR(F39,1)+0.5,Z39,AA39,TRUE)) -> 0.56426386 | AC39: =IF(AB39="","",NORMDIST(CEILING(F39,1)-0.5,Z39,AA39,TRUE)) -> 0.43573614 | AD39: =IF(AB39="","",IF(AB39>=0.5+Config!$B$6,"OVER",IF(AC39>=0.5+Config!$B$6,"UNDER","—"))) -> OVER | AE39: =IFERROR(Z39/G39,"") -> 1.0317628
