Workbook

Sheet README
A1: MOBA Player Model — LoL + Dota 2
A2: Kills projections built on the one effect the record measured cleanly in LoL: players score about twice as many kills in map wins as in losses (25 of 25 players, median 2.2×).
A3: Slate 2026-10-16 · 18 board legs · 2 matches
A5: HOW TO USE
A6: 1. Matches tab: one row per match. Shaded: P(A wins) for maps 1, 2 and 3, whether maps 2 and 3 get played, and a kill-environment multiplier. They arrive prefilled from Thunderpick (map-winner odds, devigged). Bo5 "Maps 1-3" props always play three maps; Bo1 props are Map 1 only.
A7: 2. Board tab: pick a match in B2. Both rosters, ranked by projected Map 1 kills, with the PrizePicks line, P(over), Thunderpick's own kill-line median and PickFinder's L10.
A8: 3. Projections: every leg. Naive proj = his plain average per map, for comparison. Exact-line landings counts how often his last 15 series finished exactly on a whole-number line — the push check.
A9: 4. Log: the projections frozen as values when the sheet was built. Type Actual after settlement.
A11: THE MODEL
A12: K̄ = his kills per map, q = his map win rate (both from PickFinder Player Stats, same sample). r = WL_RATIO.
A13: k_win = K̄·r ÷ (q·r + 1 − q), k_loss = K̄ ÷ (q·r + 1 − q). These reproduce K̄ exactly at his own win rate.
A14: Map kills = Kills env × (P(win)·k_win + (1 − P(win))·k_loss). Maps 1-3 = sum over maps × P(map played).
... A30: Rebuilt per slate from fresh captures and imported over this file (File → Import → Replace spreadsheet); the link stays the same.

Sheet Board
A1: Board
A2: Match: | B2: LOL · KC vs MVK
A4: Teams | B4: {=IFERROR(IF(INDEX(Matches!$E$5:$E$6,MATCH($B$2,Matches!$A$5:$A$6,0))="","",INDEX(Matches!$E$5:$E$6,MATCH($B$2,Matches!$A$5:$A$6,0))),"")&" vs "&IFERROR(IF(INDEX(Matches!$F$5:$F$6,MATCH($B$2,Matches!$A$5:$A$6,0))="","",INDEX(Matches!$F$5:$F$6,MATCH($B$2,Matches!$A$5:$A$6,0))),"")} -> Karmine Corp (KC) vs MVK Esports (MVK) | D4: Start (CT) | E4: {=IFERROR(IF(INDEX(Matches!$C$5:$C$6,MATCH($B$2,Matches!$A$5:$A$6,0))="","",INDEX(Matches!$C$5:$C$6,MATCH($B$2,Matches!$A$5:$A$6,0))),"")} -> Fri 13:00 | G4: Bo | H4: {=IFERROR(IF(INDEX(Matches!$D$5:$D$6,MATCH($B$2,Matches!$A$5:$A$6,0))="","",INDEX(Matches!$D$5:$D$6,MATCH($B$2,Matches!$A$5:$A$6,0))),"")} -> 5
A5: Event | B5: {=IFERROR(IF(INDEX(Matches!$B$5:$B$6,MATCH($B$2,Matches!$A$5:$A$6,0))="","",INDEX(Matches!$B$5:$B$6,MATCH($B$2,Matches!$A$5:$A$6,0))),"")} -> Worlds 2026 | D5: P(A wins) | E5: {=IFERROR(IF(INDEX(Matches!$G$5:$G$6,MATCH($B$2,Matches!$A$5:$A$6,0))="","",INDEX(Matches!$G$5:$G$6,MATCH($B$2,Matches!$A$5:$A$6,0))),"")} -> 0.75697211 | G5: P(A wins M1) | H5: {=IFERROR(IF(INDEX(Matches!$M$5:$M$6,MATCH($B$2,Matches!$A$5:$A$6,0))="","",INDEX(Matches!$M$5:$M$6,MATCH($B$2,Matches!$A$5:$A$6,0))),"")} -> 0.6699
A6: TP total kills M1 | B6: {=IFERROR(IF(INDEX(Matches!$H$5:$H$6,MATCH($B$2,Matches!$A$5:$A$6,0))="","",INDEX(Matches!$H$5:$H$6,MATCH($B$2,Matches!$A$5:$A$6,0))),"")} | D6: TP A / B kills M1 | E6: {=IF(IFERROR(IF(INDEX(Matches!$I$5:$I$6,MATCH($B$2,Matches!$A$5:$A$6,0))="","",INDEX(Matches!$I$5:$I$6,MATCH($B$2,Matches!$A$5:$A$6,0))),"")="","",TEXT(IFERROR(IF(INDEX(Matches!$I$5:$I$6,MATCH($B$2,Matches!$A$5:$A$6,0))="","",INDEX(Matches!$I$5:$I$6,MATCH($B$2,Matches!$A$5:$A$6,0))),""),"0.0")&" / "&TEXT(IFERROR(IF(INDEX(Matches!$J$5:$J$6,MATCH($B$2,Matches!$A$5:$A$6,0))="","",INDEX(Matches!$J$5:$J$6,MATCH($B$2,Matches!$A$5:$A$6,0))),""),"0.0"))} | G6: TP duration M1 | H6: {=IFERROR(IF(INDEX(Matches!$K$5:$K$6,MATCH($B$2,Matches!$A$5:$A$6,0))="","",INDEX(Matches!$K$5:$K$6,MATCH($B$2,Matches!$A$5:$A$6,0))),"")}
A7: Kills env × | B7: {=IFERROR(IF(INDEX(Matches!$R$5:$R$6,MATCH($B$2,Matches!$A$5:$A$6,0))="","",INDEX(Matches!$R$5:$R$6,MATCH($B$2,Matches!$A$5:$A$6,0))),"")} -> 1 | D7: P(M2 / M3 played) | E7: {=TEXT(IFERROR(IF(INDEX(Matches!$P$5:$P$6,MATCH($B$2,Matches!$A$5:$A$6,0))="","",INDEX(Matches!$P$5:$P$6,MATCH($B$2,Matches!$A$5:$A$6,0))),""),"0%")&" / "&TEXT(IFERROR(IF(INDEX(Matches!$Q$5:$Q$6,MATCH($B$2,Matches!$A$5:$A$6,0))="","",INDEX(Matches!$Q$5:$Q$6,MATCH($B$2,Matches!$A$5:$A$6,0))),""),"0%")} -> 100% / 100% | G7: TP A − B kills M1 | H7: {=IF(IFERROR(IF(INDEX(Matches!$I$5:$I$6,MATCH($B$2,Matches!$A$5:$A$6,0))="","",INDEX(Matches!$I$5:$I$6,MATCH($B$2,Matches!$A$5:$A$6,0))),"")="","",IFERROR(IF(INDEX(Matches!$I$5:$I$6,MATCH($B$2,Matches!$A$5:$A$6,0))="","",INDEX(Matches!$I$5:$I$6,MATCH($B$2,Matches!$A$5:$A$6,0))),"")-IFERROR(IF(INDEX(Matches!$J$5:$J$6,MATCH($B$2,Matches!$A$5:$A$6,0))="","",INDEX(Matches!$J$5:$J$6,MATCH($B$2,Matches!$A$5:$A$6,0))),""))}
B9: ="Change P(win), maps played or kill environment on the Matches tab, row "&(MATCH($B$2,Matches!$A$5:$A$6,0)+4)&"." -> Change P(win), maps played or kill environment on the Matches tab, row 5.
A11: Team | B11: Player | C11: Map win q | D11: K avg | E11: k win | F11: k loss | G11: P(win M1) | H11: Proj M1 | I11: Naive M1 | J11: Line M1 | K11: P(over) M1 | L11: Proj series | M11: Line series | N11: P(over) series | O11: TP book | P11: PF L10 | Q11: Sample | R11: Flags | T11: row
A12: {=IF($T12="","",INDEX(Calc!$C$2:$C$19,$T12))} -> KC | B12: {=IF($T12="","",INDEX(Calc!$D$2:$D$19,$T12))} -> Caliste | C12: {=IF($T12="","",INDEX(Calc!$H$2:$H$19,$T12))} -> 0.7 | D12: {=IF($T12="","",INDEX(Calc!$I$2:$I$19,$T12))} -> 5 | E12: {=IF($T12="","",INDEX(Calc!$J$2:$J$19,$T12))} -> 5.9826746 | F12: {=IF($T12="","",INDEX(Calc!$K$2:$K$19,$T12))} -> 2.7070926 | G12: {=IF($T12="","",INDEX(Calc!$M$2:$M$19,$T12))} -> 0.6699 | H12: {=IF($T12="","",INDEX(Calc!$Y$2:$Y$19,$T12))} -> 4.901405 | I12: {=IF($T12="","",INDEX(Calc!$AE$2:$AE$19,$T12))} -> 5 | J12: {=IF($T12="","",IFERROR(INDEX(Projections!$E$2:$E$19,MATCH(INDEX(Calc!$A$2:$A$19,$T12)&"|K1",Projections!$AA$2:$AA$19,0)),""))} | K12: {=IF($T12="","",IFERROR(INDEX(Projections!$H$2:$H$19,MATCH(INDEX(Calc!$A$2:$A$19,$T12)&"|K1",Projections!$AA$2:$AA$19,0)),""))} | L12: {=IF($T12="","",INDEX(Calc!$AK$2:$AK$19,$T12))} -> 14.704215 | M12: {=IF($T12="","",IFERROR(INDEX(Projections!$E$2:$E$19,MATCH(INDEX(Calc!$A$2:$A$19,$T12)&"|"&INDEX(Calc!$AJ$2:$AJ$19,$T12),Projections!$AA$2:$AA$19,0)),""))} -> 15.5 | N12: {=IF($T12="","",IFERROR(INDEX(Projections!$H$2:$H$19,MATCH(INDEX(Calc!$A$2:$A$19,$T12)&"|"&INDEX(Calc!$AJ$2:$AJ$19,$T12),Projections!$AA$2:$AA$19,0)),""))} -> 0.43826464 | O12: {=IF($T12="","",IFERROR(INDEX(Projections!$N$2:$N$19,MATCH(INDEX(Calc!$A$2:$A$19,$T12)&"|K1",Projections!$AA$2:$AA$19,0)),IFERROR(INDEX(Projections!$N$2:$N$19,MATCH(INDEX(Calc!$A$2:$A$19,$T12)&"|"&INDEX(Calc!$AJ$2:$AJ$19,$T12),Projections!$AA$2:$AA$19,0)),"")))} | P12: {=IF($T12="","",IFERROR(INDEX(Projections!$S$2:$S$19,MATCH(INDEX(Calc!$A$2:$A$19,$T12)&"|K1",Projections!$AA$2:$AA$19,0)),IFERROR(INDEX(Projections!$S$2:$S$19,MATCH(INDEX(Calc!$A$2:$A$19,$T12)&"|"&INDEX(Calc!$AJ$2:$AJ$19,$T12),Projections!$AA$2:$AA$19,0)),"")))} -> 0.3 | Q12: {=IF($T12="","",INDEX(Calc!$G$2:$G$19,$T12))} -> 30 | R12: {=IF($T12="","",INDEX(Calc!$AH$2:$AH$19,$T12))} -> new roster: 0% of his recent games with these teammates | T12: =IFERROR(MATCH(1,Calc!$AI$2:$AI$19,0),"") -> 10
A13: {=IF($T13="","",INDEX(Calc!$C$2:$C$19,$T13))} -> KC | B13: {=IF($T13="","",INDEX(Calc!$D$2:$D$19,$T13))} -> Yike | C13: {=IF($T13="","",INDEX(Calc!$H$2:$H$19,$T13))} -> 0.63 | D13: {=IF($T13="","",INDEX(Calc!$I$2:$I$19,$T13))} -> 3.9 | E13: {=IF($T13="","",INDEX(Calc!$J$2:$J$19,$T13))} -> 4.8907677 | F13: {=IF($T13="","",INDEX(Calc!$K$2:$K$19,$T13))} -> 2.2130171 | G13: {=IF($T13="","",INDEX(Calc!$M$2:$M$19,$T13))} -> 0.6699 | H13: {=IF($T13="","",INDEX(Calc!$Y$2:$Y$19,$T13))} -> 4.0068423 | I13: {=IF($T13="","",INDEX(Calc!$AE$2:$AE$19,$T13))} -> 3.9 | J13: {=IF($T13="","",IFERROR(INDEX(Projections!$E$2:$E$19,MATCH(INDEX(Calc!$A$2:$A$19,$T13)&"|K1",Projections!$AA$2:$AA$19,0)),""))} | K13: {=IF($T13="","",IFERROR(INDEX(Projections!$H$2:$H$19,MATCH(INDEX(Calc!$A$2:$A$19,$T13)&"|K1",Projections!$AA$2:$AA$19,0)),""))} | L13: {=IF($T13="","",INDEX(Calc!$AK$2:$AK$19,$T13))} -> 12.020527 | M13: {=IF($T13="","",IFERROR(INDEX(Projections!$E$2:$E$19,MATCH(INDEX(Calc!$A$2:$A$19,$T13)&"|"&INDEX(Calc!$AJ$2:$AJ$19,$T13),Projections!$AA$2:$AA$19,0)),""))} -> 12.5 | N13: {=IF($T13="","",IFERROR(INDEX(Projections!$H$2:$H$19,MATCH(INDEX(Calc!$A$2:$A$19,$T13)&"|"&INDEX(Calc!$AJ$2:$AJ$19,$T13),Projections!$AA$2:$AA$19,0)),""))} -> 0.4577118 | O13: {=IF($T13="","",IFERROR(INDEX(Projections!$N$2:$N$19,MATCH(INDEX(Calc!$A$2:$A$19,$T13)&"|K1",Projections!$AA$2:$AA$19,0)),IFERROR(INDEX(Projections!$N$2:$N$19,MATCH(INDEX(Calc!$A$2:$A$19,$T13)&"|"&INDEX(Calc!$AJ$2:$AJ$19,$T13),Projections!$AA$2:$AA$19,0)),"")))} | P13: {=IF($T13="","",IFERROR(INDEX(Projections!$S$2:$S$19,MATCH(INDEX(Calc!$A$2:$A$19,$T13)&"|K1",Projections!$AA$2:$AA$19,0)),IFERROR(INDEX(Projections!$S$2:$S$19,MATCH(INDEX(Calc!$A$2:$A$19,$T13)&"|"&INDEX(Calc!$AJ$2:$AJ$19,$T13),Projections!$AA$2:$AA$19,0)),"")))} -> 0.2 | Q13: {=IF($T13="","",INDEX(Calc!$G$2:$G$19,$T13))} -> 30 | R13: {=IF($T13="","",INDEX(Calc!$AH$2:$AH$19,$T13))} -> new roster: 0% of his recent games with these teammates | T13: =IFERROR(MATCH(2,Calc!$AI$2:$AI$19,0),"") -> 13
A14: {=IF($T14="","",INDEX(Calc!$C$2:$C$19,$T14))} -> MVK | B14: {=IF($T14="","",INDEX(Calc!$D$2:$D$19,$T14))} -> Chika | C14: {=IF($T14="","",INDEX(Calc!$H$2:$H$19,$T14))} -> 0.43 | D14: {=IF($T14="","",INDEX(Calc!$I$2:$I$19,$T14))} -> 3.8 | E14: {=IF($T14="","",INDEX(Calc!$J$2:$J$19,$T14))} -> 5.5239098 | F14: {=IF($T14="","",INDEX(Calc!$K$2:$K$19,$T14))} -> 2.4995067 | G14: {=IF($T14="","",INDEX(Calc!$M$2:$M$19,$T14))} -> 0.3301 | H14: {=IF($T14="","",INDEX(Calc!$Y$2:$Y$19,$T14))} -> 3.4978621 | I14: {=IF($T14="","",INDEX(Calc!$AE$2:$AE$19,$T14))} -> 3.8 | J14: {=IF($T14="","",IFERROR(INDEX(Projections!$E$2:$E$19,MATCH(INDEX(Calc!$A$2:$A$19,$T14)&"|K1",Projections!$AA$2:$AA$19,0)),""))} | K14: {=IF($T14="","",IFERROR(INDEX(Projections!$H$2:$H$19,MATCH(INDEX(Calc!$A$2:$A$19,$T14)&"|K1",Projections!$AA$2:$AA$19,0)),""))} | L14: {=IF($T14="","",INDEX(Calc!$AK$2:$AK$19,$T14))} -> 10.493586 | M14: {=IF($T14="","",IFERROR(INDEX(Projections!$E$2:$E$19,MATCH(INDEX(Calc!$A$2:$A$19,$T14)&"|"&INDEX(Calc!$AJ$2:$AJ$19,$T14),Projections!$AA$2:$AA$19,0)),""))} -> 8.5 | N14: {=IF($T14="","",IFERROR(INDEX(Projections!$H$2:$H$19,MATCH(INDEX(Calc!$A$2:$A$19,$T14)&"|"&INDEX(Calc!$AJ$2:$AJ$19,$T14),Projections!$AA$2:$AA$19,0)),""))} -> 0.67330189 | O14: {=IF($T14="","",IFERROR(INDEX(Projections!$N$2:$N$19,MATCH(INDEX(Calc!$A$2:$A$19,$T14)&"|K1",Projections!$AA$2:$AA$19,0)),IFERROR(INDEX(Projections!$N$2:$N$19,MATCH(INDEX(Calc!$A$2:$A$19,$T14)&"|"&INDEX(Calc!$AJ$2:$AJ$19,$T14),Projections!$AA$2:$AA$19,0)),"")))} | P14: {=IF($T14="","",IFERROR(INDEX(Projections!$S$2:$S$19,MATCH(INDEX(Calc!$A$2:$A$19,$T14)&"|K1",Projections!$AA$2:$AA$19,0)),IFERROR(INDEX(Projections!$S$2:$S$19,MATCH(INDEX(Calc!$A$2:$A$19,$T14)&"|"&INDEX(Calc!$AJ$2:$AJ$19,$T14),Projections!$AA$2:$AA$19,0)),"")))} -> 0.8 | Q14: {=IF($T14="","",INDEX(Calc!$G$2:$G$19,$T14))} -> 30 | R14: {=IF($T14="","",INDEX(Calc!$AH$2:$AH$19,$T14))} -> new roster: 0% of his recent games with these teammates | T14: =IFERROR(MATCH(3,Calc!$AI$2:$AI$19,0),"") -> 14
A15: {=IF($T15="","",INDEX(Calc!$C$2:$C$19,$T15))} -> KC | B15: {=IF($T15="","",INDEX(Calc!$D$2:$D$19,$T15))} -> Canna | C15: {=IF($T15="","",INDEX(Calc!$H$2:$H$19,$T15))} -> 0.63 | D15: {=IF($T15="","",INDEX(Calc!$I$2:$I$19,$T15))} -> 3.4 | E15: {=IF($T15="","",INDEX(Calc!$J$2:$J$19,$T15))} -> 4.2637462 | F15: {=IF($T15="","",INDEX(Calc!$K$2:$K$19,$T15))} -> 1.9292969 | G15: {=IF($T15="","",INDEX(Calc!$M$2:$M$19,$T15))} -> 0.6699 | H15: {=IF($T15="","",INDEX(Calc!$Y$2:$Y$19,$T15))} -> 3.4931445 | I15: {=IF($T15="","",INDEX(Calc!$AE$2:$AE$19,$T15))} -> 3.4 | J15: {=IF($T15="","",IFERROR(INDEX(Projections!$E$2:$E$19,MATCH(INDEX(Calc!$A$2:$A$19,$T15)&"|K1",Projections!$AA$2:$AA$19,0)),""))} | K15: {=IF($T15="","",IFERROR(INDEX(Projections!$H$2:$H$19,MATCH(INDEX(Calc!$A$2:$A$19,$T15)&"|K1",Projections!$AA$2:$AA$19,0)),""))} | L15: {=IF($T15="","",INDEX(Calc!$AK$2:$AK$19,$T15))} -> 10.479434 | M15: {=IF($T15="","",IFERROR(INDEX(Projections!$E$2:$E$19,MATCH(INDEX(Calc!$A$2:$A$19,$T15)&"|"&INDEX(Calc!$AJ$2:$AJ$19,$T15),Projections!$AA$2:$AA$19,0)),""))} -> 9.5 | N15: {=IF($T15="","",IFERROR(INDEX(Projections!$H$2:$H$19,MATCH(INDEX(Calc!$A$2:$A$19,$T15)&"|"&INDEX(Calc!$AJ$2:$AJ$19,$T15),Projections!$AA$2:$AA$19,0)),""))} -> 0.5932441 | O15: {=IF($T15="","",IFERROR(INDEX(Projections!$N$2:$N$19,MATCH(INDEX(Calc!$A$2:$A$19,$T15)&"|K1",Projections!$AA$2:$AA$19,0)),IFERROR(INDEX(Projections!$N$2:$N$19,MATCH(INDEX(Calc!$A$2:$A$19,$T15)&"|"&INDEX(Calc!$AJ$2:$AJ$19,$T15),Projections!$AA$2:$AA$19,0)),"")))} | P15: {=IF($T15="","",IFERROR(INDEX(Projections!$S$2:$S$19,MATCH(INDEX(Calc!$A$2:$A$19,$T15)&"|K1",Projections!$AA$2:$AA$19,0)),IFERROR(INDEX(Projections!$S$2:$S$19,MATCH(INDEX(Calc!$A$2:$A$19,$T15)&"|"&INDEX(Calc!$AJ$2:$AJ$19,$T15),Projections!$AA$2:$AA$19,0)),"")))} -> 0.4 | Q15: {=IF($T15="","",INDEX(Calc!$G$2:$G$19,$T15))} -> 30 | R15: {=IF($T15="","",INDEX(Calc!$AH$2:$AH$19,$T15))} -> new roster: 0% of his recent games with these teammates | T15: =IFERROR(MATCH(4,Calc!$AI$2:$AI$19,0),"") -> 11
A16: {=IF($T16="","",INDEX(Calc!$C$2:$C$19,$T16))} -> MVK | B16: {=IF($T16="","",INDEX(Calc!$D$2:$D$19,$T16))} -> Harky | C16: {=IF($T16="","",INDEX(Calc!$H$2:$H$19,$T16))} -> 0.5 | D16: {=IF($T16="","",INDEX(Calc!$I$2:$I$19,$T16))} -> 3.4 | E16: {=IF($T16="","",INDEX(Calc!$J$2:$J$19,$T16))} -> 4.6816199 | F16: {=IF($T16="","",INDEX(Calc!$K$2:$K$19,$T16))} -> 2.1183801 | G16: {=IF($T16="","",INDEX(Calc!$M$2:$M$19,$T16))} -> 0.3301 | H16: {=IF($T16="","",INDEX(Calc!$Y$2:$Y$19,$T16))} -> 2.9645055 | I16: {=IF($T16="","",INDEX(Calc!$AE$2:$AE$19,$T16))} -> 3.4 | J16: {=IF($T16="","",IFERROR(INDEX(Projections!$E$2:$E$19,MATCH(INDEX(Calc!$A$2:$A$19,$T16)&"|K1",Projections!$AA$2:$AA$19,0)),""))} | K16: {=IF($T16="","",IFERROR(INDEX(Projections!$H$2:$H$19,MATCH(INDEX(Calc!$A$2:$A$19,$T16)&"|K1",Projections!$AA$2:$AA$19,0)),""))} | L16: {=IF($T16="","",INDEX(Calc!$AK$2:$AK$19,$T16))} -> 8.8935166 | M16: {=IF($T16="","",IFERROR(INDEX(Projections!$E$2:$E$19,MATCH(INDEX(Calc!$A$2:$A$19,$T16)&"|"&INDEX(Calc!$AJ$2:$AJ$19,$T16),Projections!$AA$2:$AA$19,0)),""))} -> 9 | N16: {=IF($T16="","",IFERROR(INDEX(Projections!$H$2:$H$19,MATCH(INDEX(Calc!$A$2:$A$19,$T16)&"|"&INDEX(Calc!$AJ$2:$AJ$19,$T16),Projections!$AA$2:$AA$19,0)),""))} -> 0.43959343 | O16: {=IF($T16="","",IFERROR(INDEX(Projections!$N$2:$N$19,MATCH(INDEX(Calc!$A$2:$A$19,$T16)&"|K1",Projections!$AA$2:$AA$19,0)),IFERROR(INDEX(Projections!$N$2:$N$19,MATCH(INDEX(Calc!$A$2:$A$19,$T16)&"|"&INDEX(Calc!$AJ$2:$AJ$19,$T16),Projections!$AA$2:$AA$19,0)),"")))} | P16: {=IF($T16="","",IFERROR(INDEX(Projections!$S$2:$S$19,MATCH(INDEX(Calc!$A$2:$A$19,$T16)&"|K1",Projections!$AA$2:$AA$19,0)),IFERROR(INDEX(Projections!$S$2:$S$19,MATCH(INDEX(Calc!$A$2:$A$19,$T16)&"|"&INDEX(Calc!$AJ$2:$AJ$19,$T16),Projections!$AA$2:$AA$19,0)),"")))} -> 0.7 | Q16: {=IF($T16="","",INDEX(Calc!$G$2:$G$19,$T16))} -> 30 | R16: {=IF($T16="","",INDEX(Calc!$AH$2:$AH$19,$T16))} -> new roster: 0% of his recent games with these teammates | T16: =IFERROR(MATCH(5,Calc!$AI$2:$AI$19,0),"") -> 16
A17: {=IF($T17="","",INDEX(Calc!$C$2:$C$19,$T17))} -> MVK | B17: {=IF($T17="","",INDEX(Calc!$D$2:$D$19,$T17))} -> Kratos | C17: {=IF($T17="","",INDEX(Calc!$H$2:$H$19,$T17))} -> 0.43 | D17: {=IF($T17="","",INDEX(Calc!$I$2:$I$19,$T17))} -> 2.7 | E17: {=IF($T17="","",INDEX(Calc!$J$2:$J$19,$T17))} -> 3.9248832 | F17: {=IF($T17="","",INDEX(Calc!$K$2:$K$19,$T17))} -> 1.7759653 | G17: {=IF($T17="","",INDEX(Calc!$M$2:$M$19,$T17))} -> 0.3301 | H17: {=IF($T17="","",INDEX(Calc!$Y$2:$Y$19,$T17))} -> 2.4853231 | I17: {=IF($T17="","",INDEX(Calc!$AE$2:$AE$19,$T17))} -> 2.7 | J17: {=IF($T17="","",IFERROR(INDEX(Projections!$E$2:$E$19,MATCH(INDEX(Calc!$A$2:$A$19,$T17)&"|K1",Projections!$AA$2:$AA$19,0)),""))} | K17: {=IF($T17="","",IFERROR(INDEX(Projections!$H$2:$H$19,MATCH(INDEX(Calc!$A$2:$A$19,$T17)&"|K1",Projections!$AA$2:$AA$19,0)),""))} | L17: {=IF($T17="","",INDEX(Calc!$AK$2:$AK$19,$T17))} -> 7.4559693 | M17: {=IF($T17="","",IFERROR(INDEX(Projections!$E$2:$E$19,MATCH(INDEX(Calc!$A$2:$A$19,$T17)&"|"&INDEX(Calc!$AJ$2:$AJ$19,$T17),Projections!$AA$2:$AA$19,0)),""))} -> 6 | N17: {=IF($T17="","",IFERROR(INDEX(Projections!$H$2:$H$19,MATCH(INDEX(Calc!$A$2:$A$19,$T17)&"|"&INDEX(Calc!$AJ$2:$AJ$19,$T17),Projections!$AA$2:$AA$19,0)),""))} -> 0.60551923 | O17: {=IF($T17="","",IFERROR(INDEX(Projections!$N$2:$N$19,MATCH(INDEX(Calc!$A$2:$A$19,$T17)&"|K1",Projections!$AA$2:$AA$19,0)),IFERROR(INDEX(Projections!$N$2:$N$19,MATCH(INDEX(Calc!$A$2:$A$19,$T17)&"|"&INDEX(Calc!$AJ$2:$AJ$19,$T17),Projections!$AA$2:$AA$19,0)),"")))} | P17: {=IF($T17="","",IFERROR(INDEX(Projections!$S$2:$S$19,MATCH(INDEX(Calc!$A$2:$A$19,$T17)&"|K1",Projections!$AA$2:$AA$19,0)),IFERROR(INDEX(Projections!$S$2:$S$19,MATCH(INDEX(Calc!$A$2:$A$19,$T17)&"|"&INDEX(Calc!$AJ$2:$AJ$19,$T17),Projections!$AA$2:$AA$19,0)),"")))} -> 0.8 | Q17: {=IF($T17="","",INDEX(Calc!$G$2:$G$19,$T17))} -> 30 | R17: {=IF($T17="","",INDEX(Calc!$AH$2:$AH$19,$T17))} -> new roster: 0% of his recent games with these teammates | T17: =IFERROR(MATCH(6,Calc!$AI$2:$AI$19,0),"") -> 17
A18: {=IF($T18="","",INDEX(Calc!$C$2:$C$19,$T18))} -> KC | B18: {=IF($T18="","",INDEX(Calc!$D$2:$D$19,$T18))} -> Kyeahoo | C18: {=IF($T18="","",INDEX(Calc!$H$2:$H$19,$T18))} -> 0.63 | D18: {=IF($T18="","",INDEX(Calc!$I$2:$I$19,$T18))} -> 2.3 | E18: {=IF($T18="","",INDEX(Calc!$J$2:$J$19,$T18))} -> 2.8842989 | F18: {=IF($T18="","",INDEX(Calc!$K$2:$K$19,$T18))} -> 1.3051126 | G18: {=IF($T18="","",INDEX(Calc!$M$2:$M$19,$T18))} -> 0.6699 | H18: {=IF($T18="","",INDEX(Calc!$Y$2:$Y$19,$T18))} -> 2.3630095 | I18: {=IF($T18="","",INDEX(Calc!$AE$2:$AE$19,$T18))} -> 2.3 | J18: {=IF($T18="","",IFERROR(INDEX(Projections!$E$2:$E$19,MATCH(INDEX(Calc!$A$2:$A$19,$T18)&"|K1",Projections!$AA$2:$AA$19,0)),""))} | K18: {=IF($T18="","",IFERROR(INDEX(Projections!$H$2:$H$19,MATCH(INDEX(Calc!$A$2:$A$19,$T18)&"|K1",Projections!$AA$2:$AA$19,0)),""))} | L18: {=IF($T18="","",INDEX(Calc!$AK$2:$AK$19,$T18))} -> 7.0890286 | M18: {=IF($T18="","",IFERROR(INDEX(Projections!$E$2:$E$19,MATCH(INDEX(Calc!$A$2:$A$19,$T18)&"|"&INDEX(Calc!$AJ$2:$AJ$19,$T18),Projections!$AA$2:$AA$19,0)),""))} -> 11.5 | N18: {=IF($T18="","",IFERROR(INDEX(Projections!$H$2:$H$19,MATCH(INDEX(Calc!$A$2:$A$19,$T18)&"|"&INDEX(Calc!$AJ$2:$AJ$19,$T18),Projections!$AA$2:$AA$19,0)),""))} -> 0.090468109 | O18: {=IF($T18="","",IFERROR(INDEX(Projections!$N$2:$N$19,MATCH(INDEX(Calc!$A$2:$A$19,$T18)&"|K1",Projections!$AA$2:$AA$19,0)),IFERROR(INDEX(Projections!$N$2:$N$19,MATCH(INDEX(Calc!$A$2:$A$19,$T18)&"|"&INDEX(Calc!$AJ$2:$AJ$19,$T18),Projections!$AA$2:$AA$19,0)),"")))} | P18: {=IF($T18="","",IFERROR(INDEX(Projections!$S$2:$S$19,MATCH(INDEX(Calc!$A$2:$A$19,$T18)&"|K1",Projections!$AA$2:$AA$19,0)),IFERROR(INDEX(Projections!$S$2:$S$19,MATCH(INDEX(Calc!$A$2:$A$19,$T18)&"|"&INDEX(Calc!$AJ$2:$AJ$19,$T18),Projections!$AA$2:$AA$19,0)),"")))} -> 0 | Q18: {=IF($T18="","",INDEX(Calc!$G$2:$G$19,$T18))} -> 30 | R18: {=IF($T18="","",INDEX(Calc!$AH$2:$AH$19,$T18))} -> new roster: 0% of his recent games with these teammates | T18: =IFERROR(MATCH(7,Calc!$AI$2:$AI$19,0),"") -> 12
A19: {=IF($T19="","",INDEX(Calc!$C$2:$C$19,$T19))} -> MVK | B19: {=IF($T19="","",INDEX(Calc!$D$2:$D$19,$T19))} -> Gury | C19: {=IF($T19="","",INDEX(Calc!$H$2:$H$19,$T19))} -> 0.43 | D19: {=IF($T19="","",INDEX(Calc!$I$2:$I$19,$T19))} -> 2.1 | E19: {=IF($T19="","",INDEX(Calc!$J$2:$J$19,$T19))} -> 3.052687 | F19: {=IF($T19="","",INDEX(Calc!$K$2:$K$19,$T19))} -> 1.3813063 | G19: {=IF($T19="","",INDEX(Calc!$M$2:$M$19,$T19))} -> 0.3301 | H19: {=IF($T19="","",INDEX(Calc!$Y$2:$Y$19,$T19))} -> 1.9330291 | I19: {=IF($T19="","",INDEX(Calc!$AE$2:$AE$19,$T19))} -> 2.1 | J19: {=IF($T19="","",IFERROR(INDEX(Projections!$E$2:$E$19,MATCH(INDEX(Calc!$A$2:$A$19,$T19)&"|K1",Projections!$AA$2:$AA$19,0)),""))} | K19: {=IF($T19="","",IFERROR(INDEX(Projections!$H$2:$H$19,MATCH(INDEX(Calc!$A$2:$A$19,$T19)&"|K1",Projections!$AA$2:$AA$19,0)),""))} | L19: {=IF($T19="","",INDEX(Calc!$AK$2:$AK$19,$T19))} -> 5.7990872 | M19: {=IF($T19="","",IFERROR(INDEX(Projections!$E$2:$E$19,MATCH(INDEX(Calc!$A$2:$A$19,$T19)&"|"&INDEX(Calc!$AJ$2:$AJ$19,$T19),Projections!$AA$2:$AA$19,0)),""))} -> 7 | N19: {=IF($T19="","",IFERROR(INDEX(Projections!$H$2:$H$19,MATCH(INDEX(Calc!$A$2:$A$19,$T19)&"|"&INDEX(Calc!$AJ$2:$AJ$19,$T19),Projections!$AA$2:$AA$19,0)),""))} -> 0.28944331 | O19: {=IF($T19="","",IFERROR(INDEX(Projections!$N$2:$N$19,MATCH(INDEX(Calc!$A$2:$A$19,$T19)&"|K1",Projections!$AA$2:$AA$19,0)),IFERROR(INDEX(Projections!$N$2:$N$19,MATCH(INDEX(Calc!$A$2:$A$19,$T19)&"|"&INDEX(Calc!$AJ$2:$AJ$19,$T19),Projections!$AA$2:$AA$19,0)),"")))} | P19: {=IF($T19="","",IFERROR(INDEX(Projections!$S$2:$S$19,MATCH(INDEX(Calc!$A$2:$A$19,$T19)&"|K1",Projections!$AA$2:$AA$19,0)),IFERROR(INDEX(Projections!$S$2:$S$19,MATCH(INDEX(Calc!$A$2:$A$19,$T19)&"|"&INDEX(Calc!$AJ$2:$AJ$19,$T19),Projections!$AA$2:$AA$19,0)),"")))} -> 0.4 | Q19: {=IF($T19="","",INDEX(Calc!$G$2:$G$19,$T19))} -> 30 | R19: {=IF($T19="","",INDEX(Calc!$AH$2:$AH$19,$T19))} -> new roster: 0% of his recent games with these teammates | T19: =IFERROR(MATCH(8,Calc!$AI$2:$AI$19,0),"") -> 15
A20: {=IF($T20="","",INDEX(Calc!$C$2:$C$19,$T20))} -> MVK | B20: {=IF($T20="","",INDEX(Calc!$D$2:$D$19,$T20))} -> Siuloong | C20: {=IF($T20="","",INDEX(Calc!$H$2:$H$19,$T20))} -> 0.43 | D20: {=IF($T20="","",INDEX(Calc!$I$2:$I$19,$T20))} -> 0.7 | E20: {=IF($T20="","",INDEX(Calc!$J$2:$J$19,$T20))} -> 1.0175623 | F20: {=IF($T20="","",INDEX(Calc!$K$2:$K$19,$T20))} -> 0.46043544 | G20: {=IF($T20="","",INDEX(Calc!$M$2:$M$19,$T20))} -> 0.3301 | H20: {=IF($T20="","",INDEX(Calc!$Y$2:$Y$19,$T20))} -> 0.64434302 | I20: {=IF($T20="","",INDEX(Calc!$AE$2:$AE$19,$T20))} -> 0.7 | J20: {=IF($T20="","",IFERROR(INDEX(Projections!$E$2:$E$19,MATCH(INDEX(Calc!$A$2:$A$19,$T20)&"|K1",Projections!$AA$2:$AA$19,0)),""))} | K20: {=IF($T20="","",IFERROR(INDEX(Projections!$H$2:$H$19,MATCH(INDEX(Calc!$A$2:$A$19,$T20)&"|K1",Projections!$AA$2:$AA$19,0)),""))} | L20: {=IF($T20="","",INDEX(Calc!$AK$2:$AK$19,$T20))} -> 1.9330291 | M20: {=IF($T20="","",IFERROR(INDEX(Projections!$E$2:$E$19,MATCH(INDEX(Calc!$A$2:$A$19,$T20)&"|"&INDEX(Calc!$AJ$2:$AJ$19,$T20),Projections!$AA$2:$AA$19,0)),""))} -> 1.5 | N20: {=IF($T20="","",IFERROR(INDEX(Projections!$H$2:$H$19,MATCH(INDEX(Calc!$A$2:$A$19,$T20)&"|"&INDEX(Calc!$AJ$2:$AJ$19,$T20),Projections!$AA$2:$AA$19,0)),""))} -> 0.60357745 | O20: {=IF($T20="","",IFERROR(INDEX(Projections!$N$2:$N$19,MATCH(INDEX(Calc!$A$2:$A$19,$T20)&"|K1",Projections!$AA$2:$AA$19,0)),IFERROR(INDEX(Projections!$N$2:$N$19,MATCH(INDEX(Calc!$A$2:$A$19,$T20)&"|"&INDEX(Calc!$AJ$2:$AJ$19,$T20),Projections!$AA$2:$AA$19,0)),"")))} | P20: {=IF($T20="","",IFERROR(INDEX(Projections!$S$2:$S$19,MATCH(INDEX(Calc!$A$2:$A$19,$T20)&"|K1",Projections!$AA$2:$AA$19,0)),IFERROR(INDEX(Projections!$S$2:$S$19,MATCH(INDEX(Calc!$A$2:$A$19,$T20)&"|"&INDEX(Calc!$AJ$2:$AJ$19,$T20),Projections!$AA$2:$AA$19,0)),"")))} -> 0.8 | Q20: {=IF($T20="","",INDEX(Calc!$G$2:$G$19,$T20))} -> 30 | R20: {=IF($T20="","",INDEX(Calc!$AH$2:$AH$19,$T20))} -> new roster: 0% of his recent games with these teammates | T20: =IFERROR(MATCH(9,Calc!$AI$2:$AI$19,0),"") -> 18
A21: {=IF($T21="","",INDEX(Calc!$C$2:$C$19,$T21))} | B21: {=IF($T21="","",INDEX(Calc!$D$2:$D$19,$T21))} | C21: {=IF($T21="","",INDEX(Calc!$H$2:$H$19,$T21))} | D21: {=IF($T21="","",INDEX(Calc!$I$2:$I$19,$T21))} | E21: {=IF($T21="","",INDEX(Calc!$J$2:$J$19,$T21))} | F21: {=IF($T21="","",INDEX(Calc!$K$2:$K$19,$T21))} | G21: {=IF($T21="","",INDEX(Calc!$M$2:$M$19,$T21))} | H21: {=IF($T21="","",INDEX(Calc!$Y$2:$Y$19,$T21))} | I21: {=IF($T21="","",INDEX(Calc!$AE$2:$AE$19,$T21))} | J21: {=IF($T21="","",IFERROR(INDEX(Projections!$E$2:$E$19,MATCH(INDEX(Calc!$A$2:$A$19,$T21)&"|K1",Projections!$AA$2:$AA$19,0)),""))} | K21: {=IF($T21="","",IFERROR(INDEX(Projections!$H$2:$H$19,MATCH(INDEX(Calc!$A$2:$A$19,$T21)&"|K1",Projections!$AA$2:$AA$19,0)),""))} | L21: {=IF($T21="","",INDEX(Calc!$AK$2:$AK$19,$T21))} | M21: {=IF($T21="","",IFERROR(INDEX(Projections!$E$2:$E$19,MATCH(INDEX(Calc!$A$2:$A$19,$T21)&"|"&INDEX(Calc!$AJ$2:$AJ$19,$T21),Projections!$AA$2:$AA$19,0)),""))} | N21: {=IF($T21="","",IFERROR(INDEX(Projections!$H$2:$H$19,MATCH(INDEX(Calc!$A$2:$A$19,$T21)&"|"&INDEX(Calc!$AJ$2:$AJ$19,$T21),Projections!$AA$2:$AA$19,0)),""))} | O21: {=IF($T21="","",IFERROR(INDEX(Projections!$N$2:$N$19,MATCH(INDEX(Calc!$A$2:$A$19,$T21)&"|K1",Projections!$AA$2:$AA$19,0)),IFERROR(INDEX(Projections!$N$2:$N$19,MATCH(INDEX(Calc!$A$2:$A$19,$T21)&"|"&INDEX(Calc!$AJ$2:$AJ$19,$T21),Projections!$AA$2:$AA$19,0)),"")))} | P21: {=IF($T21="","",IFERROR(INDEX(Projections!$S$2:$S$19,MATCH(INDEX(Calc!$A$2:$A$19,$T21)&"|K1",Projections!$AA$2:$AA$19,0)),IFERROR(INDEX(Projections!$S$2:$S$19,MATCH(INDEX(Calc!$A$2:$A$19,$T21)&"|"&INDEX(Calc!$AJ$2:$AJ$19,$T21),Projections!$AA$2:$AA$19,0)),"")))} | Q21: {=IF($T21="","",INDEX(Calc!$G$2:$G$19,$T21))} | R21: {=IF($T21="","",INDEX(Calc!$AH$2:$AH$19,$T21))} | T21: =IFERROR(MATCH(10,Calc!$AI$2:$AI$19,0),"")
A22: {=IF($T22="","",INDEX(Calc!$C$2:$C$19,$T22))} | B22: {=IF($T22="","",INDEX(Calc!$D$2:$D$19,$T22))} | C22: {=IF($T22="","",INDEX(Calc!$H$2:$H$19,$T22))} | D22: {=IF($T22="","",INDEX(Calc!$I$2:$I$19,$T22))} | E22: {=IF($T22="","",INDEX(Calc!$J$2:$J$19,$T22))} | F22: {=IF($T22="","",INDEX(Calc!$K$2:$K$19,$T22))} | G22: {=IF($T22="","",INDEX(Calc!$M$2:$M$19,$T22))} | H22: {=IF($T22="","",INDEX(Calc!$Y$2:$Y$19,$T22))} | I22: {=IF($T22="","",INDEX(Calc!$AE$2:$AE$19,$T22))} | J22: {=IF($T22="","",IFERROR(INDEX(Projections!$E$2:$E$19,MATCH(INDEX(Calc!$A$2:$A$19,$T22)&"|K1",Projections!$AA$2:$AA$19,0)),""))} | K22: {=IF($T22="","",IFERROR(INDEX(Projections!$H$2:$H$19,MATCH(INDEX(Calc!$A$2:$A$19,$T22)&"|K1",Projections!$AA$2:$AA$19,0)),""))} | L22: {=IF($T22="","",INDEX(Calc!$AK$2:$AK$19,$T22))} | M22: {=IF($T22="","",IFERROR(INDEX(Projections!$E$2:$E$19,MATCH(INDEX(Calc!$A$2:$A$19,$T22)&"|"&INDEX(Calc!$AJ$2:$AJ$19,$T22),Projections!$AA$2:$AA$19,0)),""))} | N22: {=IF($T22="","",IFERROR(INDEX(Projections!$H$2:$H$19,MATCH(INDEX(Calc!$A$2:$A$19,$T22)&"|"&INDEX(Calc!$AJ$2:$AJ$19,$T22),Projections!$AA$2:$AA$19,0)),""))} | O22: {=IF($T22="","",IFERROR(INDEX(Projections!$N$2:$N$19,MATCH(INDEX(Calc!$A$2:$A$19,$T22)&"|K1",Projections!$AA$2:$AA$19,0)),IFERROR(INDEX(Projections!$N$2:$N$19,MATCH(INDEX(Calc!$A$2:$A$19,$T22)&"|"&INDEX(Calc!$AJ$2:$AJ$19,$T22),Projections!$AA$2:$AA$19,0)),"")))} | P22: {=IF($T22="","",IFERROR(INDEX(Projections!$S$2:$S$19,MATCH(INDEX(Calc!$A$2:$A$19,$T22)&"|K1",Projections!$AA$2:$AA$19,0)),IFERROR(INDEX(Projections!$S$2:$S$19,MATCH(INDEX(Calc!$A$2:$A$19,$T22)&"|"&INDEX(Calc!$AJ$2:$AJ$19,$T22),Projections!$AA$2:$AA$19,0)),"")))} | Q22: {=IF($T22="","",INDEX(Calc!$G$2:$G$19,$T22))} | R22: {=IF($T22="","",INDEX(Calc!$AH$2:$AH$19,$T22))} | T22: =IFERROR(MATCH(11,Calc!$AI$2:$AI$19,0),"")
A23: {=IF($T23="","",INDEX(Calc!$C$2:$C$19,$T23))} | B23: {=IF($T23="","",INDEX(Calc!$D$2:$D$19,$T23))} | C23: {=IF($T23="","",INDEX(Calc!$H$2:$H$19,$T23))} | D23: {=IF($T23="","",INDEX(Calc!$I$2:$I$19,$T23))} | E23: {=IF($T23="","",INDEX(Calc!$J$2:$J$19,$T23))} | F23: {=IF($T23="","",INDEX(Calc!$K$2:$K$19,$T23))} | G23: {=IF($T23="","",INDEX(Calc!$M$2:$M$19,$T23))} | H23: {=IF($T23="","",INDEX(Calc!$Y$2:$Y$19,$T23))} | I23: {=IF($T23="","",INDEX(Calc!$AE$2:$AE$19,$T23))} | J23: {=IF($T23="","",IFERROR(INDEX(Projections!$E$2:$E$19,MATCH(INDEX(Calc!$A$2:$A$19,$T23)&"|K1",Projections!$AA$2:$AA$19,0)),""))} | K23: {=IF($T23="","",IFERROR(INDEX(Projections!$H$2:$H$19,MATCH(INDEX(Calc!$A$2:$A$19,$T23)&"|K1",Projections!$AA$2:$AA$19,0)),""))} | L23: {=IF($T23="","",INDEX(Calc!$AK$2:$AK$19,$T23))} | M23: {=IF($T23="","",IFERROR(INDEX(Projections!$E$2:$E$19,MATCH(INDEX(Calc!$A$2:$A$19,$T23)&"|"&INDEX(Calc!$AJ$2:$AJ$19,$T23),Projections!$AA$2:$AA$19,0)),""))} | N23: {=IF($T23="","",IFERROR(INDEX(Projections!$H$2:$H$19,MATCH(INDEX(Calc!$A$2:$A$19,$T23)&"|"&INDEX(Calc!$AJ$2:$AJ$19,$T23),Projections!$AA$2:$AA$19,0)),""))} | O23: {=IF($T23="","",IFERROR(INDEX(Projections!$N$2:$N$19,MATCH(INDEX(Calc!$A$2:$A$19,$T23)&"|K1",Projections!$AA$2:$AA$19,0)),IFERROR(INDEX(Projections!$N$2:$N$19,MATCH(INDEX(Calc!$A$2:$A$19,$T23)&"|"&INDEX(Calc!$AJ$2:$AJ$19,$T23),Projections!$AA$2:$AA$19,0)),"")))} | P23: {=IF($T23="","",IFERROR(INDEX(Projections!$S$2:$S$19,MATCH(INDEX(Calc!$A$2:$A$19,$T23)&"|K1",Projections!$AA$2:$AA$19,0)),IFERROR(INDEX(Projections!$S$2:$S$19,MATCH(INDEX(Calc!$A$2:$A$19,$T23)&"|"&INDEX(Calc!$AJ$2:$AJ$19,$T23),Projections!$AA$2:$AA$19,0)),"")))} | Q23: {=IF($T23="","",INDEX(Calc!$G$2:$G$19,$T23))} | R23: {=IF($T23="","",INDEX(Calc!$AH$2:$AH$19,$T23))} | T23: =IFERROR(MATCH(12,Calc!$AI$2:$AI$19,0),"")
A25: Proj = Σ maps of P(win map)·k_win + P(lose)·k_loss, with k_win = K̄·r/(q·r+1−q), k_loss = K̄/(q·r+1−q), r = WL_RATIO, q = his map win rate over PickFinder's sample. Naive = K̄ per map. At P(win) = q the two agree exactly. PAPER: no forward record.

Sheet Matches
A1: Matches — the shaded columns are yours: P(win) for each map, which maps get played, and the kill environment
A2: Prefilled from Thunderpick, devigged: P(A wins map k) from Map k Winner (Bo1: Match Winner). Kills env × scales every projection in the match (1 = the players' own history; 1.10 = a game 10% bloodier).
A4: Match | B4: Event | C4: Start (CT) | D4: Bo | E4: Team A | F4: Team B | G4: P(A wins) | H4: TP total kills M1 | I4: TP A kills M1 | J4: TP B kills M1 | K4: TP duration M1 | L4: TP markets | M4: P(A wins M1) | N4: P(A wins M2) | O4: P(A wins M3) | P4: P(M2 played) | Q4: P(M3 played) | R4: Kills env × | S4: Tag A | T4: Tag B
A5: LOL · KC vs MVK | B5: Worlds 2026 | C5: Fri 13:00 | D5: 5 | E5: Karmine Corp (KC) | F5: MVK Esports (MVK) | G5: 0.75697211 | L5: 315 | M5: 0.6699 | N5: 0.6699 | O5: 0.6699 | P5: 1 | Q5: 1 | R5: 1 | S5: KC | T5: MVK
A6: LOL · C9 vs FUR | B6: Worlds 2026 | C6: Fri 18:00 | D6: 5 | E6: Cloud9 (C9) | F6: FURIA Esports (FUR) | G6: 0.80672269 | L6: 315 | M6: 0.7014 | N6: 0.7014 | O6: 0.7014 | P6: 1 | Q6: 1 | R6: 1 | S6: C9 | T6: FUR

Sheet Projections
A1: Match | B1: Player | C1: Team | D1: Market | E1: Line | F1: Proj | G1: Sigma | H1: P(over) | I1: P(under) | J1: P(push) | K1: Model side (paper) | L1: Naive proj | M1: P(over) naive | N1: TP book median | O1: Map win rate q | P1: P(win M1) | Q1: PF Avg L10 | R1: PF L5 | S1: PF L10 | T1: PF L15 | U1: PF H2H | V1: PF streak | W1: Exact-line landings (15) | X1: Flags | Y1: Calc key | Z1: Code | AA1: Lookup
A2: LOL · C9 vs FUR | B2: Blaber | C2: C9 | D2: Maps 1-3 Kills | E2: 10.5 | F2: {=IFERROR(INDEX(CHOOSE(MATCH($Z2,{"K1","K12","K13"},0),Calc!$Y$2:$Y$19,Calc!$AA$2:$AA$19,Calc!$AC$2:$AC$19),MATCH($Y2,Calc!$A$2:$A$19,0)),"")} -> 9.6397717 | G2: {=IFERROR(SQRT(INDEX(CHOOSE(MATCH($Z2,{"K1","K12","K13"},0),Calc!$Z$2:$Z$19,Calc!$AB$2:$AB$19,Calc!$AD$2:$AD$19),MATCH($Y2,Calc!$A$2:$A$19,0))),"")} -> 3.9129057 | H2: =IF(OR($E2="",$F2="",N($G2)<=0),"",1-NORMDIST(FLOOR($E2,1)+0.5,$F2,$G2,TRUE())) -> 0.41299638 | I2: =IF($H2="","",NORMDIST(CEILING($E2,1)-0.5,$F2,$G2,TRUE())) -> 0.58700362 | J2: =IF($H2="","",MAX(0,1-$H2-$I2)) -> 0 | K2: =IF($H2="","",IF($H2>=0.5+Config!$B$8,"OVER",IF($I2>=0.5+Config!$B$8,"UNDER","—"))) -> UNDER | L2: {=IFERROR(INDEX(CHOOSE(MATCH($Z2,{"K1","K12","K13"},0),Calc!$AE$2:$AE$19,Calc!$AF$2:$AF$19,Calc!$AG$2:$AG$19),MATCH($Y2,Calc!$A$2:$A$19,0)),"")} -> 9 | M2: =IF(OR($E2="",$L2="",N($G2)<=0),"",1-NORMDIST(FLOOR($E2,1)+0.5,$L2,$G2*SQRT($L2/$F2),TRUE())) -> 0.34578027 | O2: {=IFERROR(INDEX(Calc!$H$2:$H$19,MATCH($Y2,Calc!$A$2:$A$19,0)),"")} -> 0.6 | P2: {=IFERROR(INDEX(Calc!$M$2:$M$19,MATCH($Y2,Calc!$A$2:$A$19,0)),"")} -> 0.7014 | Q2: 8.8 | R2: 0.4 | S2: 0.4 | T2: 0.33 | U2: 0%/0/1 | V2: 2 | X2: {=IFERROR(INDEX(Calc!$AH$2:$AH$19,MATCH($Y2,Calc!$A$2:$A$19,0)),"")} -> new roster: 0% of his recent games with these teammates | Y2: 8c0cdne5gb1xf15|LOL · C9 vs FUR | Z2: K13 | AA2: =Y2&"|"&Z2 -> 8c0cdne5gb1xf15|LOL · C9 vs FUR|K13
A3: LOL · C9 vs FUR | B3: Loki | C3: C9 | D3: Maps 1-3 Kills | E3: 14.5 | F3: {=IFERROR(INDEX(CHOOSE(MATCH($Z3,{"K1","K12","K13"},0),Calc!$Y$2:$Y$19,Calc!$AA$2:$AA$19,Calc!$AC$2:$AC$19),MATCH($Y3,Calc!$A$2:$A$19,0)),"")} -> 15.098525 | G3: {=IFERROR(SQRT(INDEX(CHOOSE(MATCH($Z3,{"K1","K12","K13"},0),Calc!$Z$2:$Z$19,Calc!$AB$2:$AB$19,Calc!$AD$2:$AD$19),MATCH($Y3,Calc!$A$2:$A$19,0))),"")} -> 5.1425556 | H3: =IF(OR($E3="",$F3="",N($G3)<=0),"",1-NORMDIST(FLOOR($E3,1)+0.5,$F3,$G3,TRUE())) -> 0.54632693 | I3: =IF($H3="","",NORMDIST(CEILING($E3,1)-0.5,$F3,$G3,TRUE())) -> 0.45367307 | J3: =IF($H3="","",MAX(0,1-$H3-$I3)) -> 0 | K3: =IF($H3="","",IF($H3>=0.5+Config!$B$8,"OVER",IF($I3>=0.5+Config!$B$8,"UNDER","—"))) -> OVER | L3: {=IFERROR(INDEX(CHOOSE(MATCH($Z3,{"K1","K12","K13"},0),Calc!$AE$2:$AE$19,Calc!$AF$2:$AF$19,Calc!$AG$2:$AG$19),MATCH($Y3,Calc!$A$2:$A$19,0)),"")} -> 13.8 | M3: =IF(OR($E3="",$L3="",N($G3)<=0),"",1-NORMDIST(FLOOR($E3,1)+0.5,$L3,$G3*SQRT($L3/$F3),TRUE())) -> 0.44339022 | O3: {=IFERROR(INDEX(Calc!$H$2:$H$19,MATCH($Y3,Calc!$A$2:$A$19,0)),"")} -> 0.57 | P3: {=IFERROR(INDEX(Calc!$M$2:$M$19,MATCH($Y3,Calc!$A$2:$A$19,0)),"")} -> 0.7014 | Q3: 13.2 | R3: 0.4 | S3: 0.6 | T3: 0.53 | U3: - | V3: 1 | X3: {=IFERROR(INDEX(Calc!$AH$2:$AH$19,MATCH($Y3,Calc!$A$2:$A$19,0)),"")} -> new roster: 0% of his recent games with these teammates | Y3: dzriszc5pnz15ca|LOL · C9 vs FUR | Z3: K13 | AA3: =Y3&"|"&Z3 -> dzriszc5pnz15ca|LOL · C9 vs FUR|K13
A4: LOL · C9 vs FUR | B4: Tactical | C4: C9 | D4: Maps 1-3 Kills | E4: 13.5 | F4: {=IFERROR(INDEX(CHOOSE(MATCH($Z4,{"K1","K12","K13"},0),Calc!$Y$2:$Y$19,Calc!$AA$2:$AA$19,Calc!$AC$2:$AC$19),MATCH($Y4,Calc!$A$2:$A$19,0)),"")} -> 11.159779 | G4: {=IFERROR(SQRT(INDEX(CHOOSE(MATCH($Z4,{"K1","K12","K13"},0),Calc!$Z$2:$Z$19,Calc!$AB$2:$AB$19,Calc!$AD$2:$AD$19),MATCH($Y4,Calc!$A$2:$A$19,0))),"")} -> 4.2699378 | H4: =IF(OR($E4="",$F4="",N($G4)<=0),"",1-NORMDIST(FLOOR($E4,1)+0.5,$F4,$G4,TRUE())) -> 0.29182224 | I4: =IF($H4="","",NORMDIST(CEILING($E4,1)-0.5,$F4,$G4,TRUE())) -> 0.70817776 | J4: =IF($H4="","",MAX(0,1-$H4-$I4)) -> 0 | K4: =IF($H4="","",IF($H4>=0.5+Config!$B$8,"OVER",IF($I4>=0.5+Config!$B$8,"UNDER","—"))) -> UNDER | L4: {=IFERROR(INDEX(CHOOSE(MATCH($Z4,{"K1","K12","K13"},0),Calc!$AE$2:$AE$19,Calc!$AF$2:$AF$19,Calc!$AG$2:$AG$19),MATCH($Y4,Calc!$A$2:$A$19,0)),"")} -> 10.2 | M4: =IF(OR($E4="",$L4="",N($G4)<=0),"",1-NORMDIST(FLOOR($E4,1)+0.5,$L4,$G4*SQRT($L4/$F4),TRUE())) -> 0.2094335 | O4: {=IFERROR(INDEX(Calc!$H$2:$H$19,MATCH($Y4,Calc!$A$2:$A$19,0)),"")} -> 0.57 | P4: {=IFERROR(INDEX(Calc!$M$2:$M$19,MATCH($Y4,Calc!$A$2:$A$19,0)),"")} -> 0.7014 | Q4: 11.4 | R4: 0.4 | S4: 0.4 | T4: 0.53 | U4: - | V4: 1 | X4: {=IFERROR(INDEX(Calc!$AH$2:$AH$19,MATCH($Y4,Calc!$A$2:$A$19,0)),"")} -> new roster: 0% of his recent games with these teammates | Y4: m04u1esa2a4edat|LOL · C9 vs FUR | Z4: K13 | AA4: =Y4&"|"&Z4 -> m04u1esa2a4edat|LOL · C9 vs FUR|K13
A5: LOL · C9 vs FUR | B5: Thanatos | C5: C9 | D5: Maps 1-3 Kills | E5: 9.5 | F5: {=IFERROR(INDEX(CHOOSE(MATCH($Z5,{"K1","K12","K13"},0),Calc!$Y$2:$Y$19,Calc!$AA$2:$AA$19,Calc!$AC$2:$AC$19),MATCH($Y5,Calc!$A$2:$A$19,0)),"")} -> 10.925075 | G5: {=IFERROR(SQRT(INDEX(CHOOSE(MATCH($Z5,{"K1","K12","K13"},0),Calc!$Z$2:$Z$19,Calc!$AB$2:$AB$19,Calc!$AD$2:$AD$19),MATCH($Y5,Calc!$A$2:$A$19,0))),"")} -> 4.2157125 | H5: =IF(OR($E5="",$F5="",N($G5)<=0),"",1-NORMDIST(FLOOR($E5,1)+0.5,$F5,$G5,TRUE())) -> 0.63233305 | I5: =IF($H5="","",NORMDIST(CEILING($E5,1)-0.5,$F5,$G5,TRUE())) -> 0.36766695 | J5: =IF($H5="","",MAX(0,1-$H5-$I5)) -> 0 | K5: =IF($H5="","",IF($H5>=0.5+Config!$B$8,"OVER",IF($I5>=0.5+Config!$B$8,"UNDER","—"))) -> OVER | L5: {=IFERROR(INDEX(CHOOSE(MATCH($Z5,{"K1","K12","K13"},0),Calc!$AE$2:$AE$19,Calc!$AF$2:$AF$19,Calc!$AG$2:$AG$19),MATCH($Y5,Calc!$A$2:$A$19,0)),"")} -> 10.2 | M5: =IF(OR($E5="",$L5="",N($G5)<=0),"",1-NORMDIST(FLOOR($E5,1)+0.5,$L5,$G5*SQRT($L5/$F5),TRUE())) -> 0.56822066 | O5: {=IFERROR(INDEX(Calc!$H$2:$H$19,MATCH($Y5,Calc!$A$2:$A$19,0)),"")} -> 0.6 | P5: {=IFERROR(INDEX(Calc!$M$2:$M$19,MATCH($Y5,Calc!$A$2:$A$19,0)),"")} -> 0.7014 | Q5: 9.2 | R5: 0.6 | S5: 0.5 | T5: 0.47 | U5: 0%/0/1 | V5: 1 | X5: {=IFERROR(INDEX(Calc!$AH$2:$AH$19,MATCH($Y5,Calc!$A$2:$A$19,0)),"")} -> new roster: 0% of his recent games with these teammates | Y5: j7y9h08j24nae95|LOL · C9 vs FUR | Z5: K13 | AA5: =Y5&"|"&Z5 -> j7y9h08j24nae95|LOL · C9 vs FUR|K13
A6: LOL · C9 vs FUR | B6: Ayu | C6: FUR | D6: Maps 1-3 Kills | E6: 9.5 | F6: {=IFERROR(INDEX(CHOOSE(MATCH($Z6,{"K1","K12","K13"},0),Calc!$Y$2:$Y$19,Calc!$AA$2:$AA$19,Calc!$AC$2:$AC$19),MATCH($Y6,Calc!$A$2:$A$19,0)),"")} -> 10.647527 | G6: {=IFERROR(SQRT(INDEX(CHOOSE(MATCH($Z6,{"K1","K12","K13"},0),Calc!$Z$2:$Z$19,Calc!$AB$2:$AB$19,Calc!$AD$2:$AD$19),MATCH($Y6,Calc!$A$2:$A$19,0))),"")} -> 4.4827248 | H6: =IF(OR($E6="",$F6="",N($G6)<=0),"",1-NORMDIST(FLOOR($E6,1)+0.5,$F6,$G6,TRUE())) -> 0.6010202 | I6: =IF($H6="","",NORMDIST(CEILING($E6,1)-0.5,$F6,$G6,TRUE())) -> 0.3989798 | J6: =IF($H6="","",MAX(0,1-$H6-$I6)) -> 0 | K6: =IF($H6="","",IF($H6>=0.5+Config!$B$8,"OVER",IF($I6>=0.5+Config!$B$8,"UNDER","—"))) -> OVER | L6: {=IFERROR(INDEX(CHOOSE(MATCH($Z6,{"K1","K12","K13"},0),Calc!$AE$2:$AE$19,Calc!$AF$2:$AF$19,Calc!$AG$2:$AG$19),MATCH($Y6,Calc!$A$2:$A$19,0)),"")} -> 13.5 | M6: =IF(OR($E6="",$L6="",N($G6)<=0),"",1-NORMDIST(FLOOR($E6,1)+0.5,$L6,$G6*SQRT($L6/$F6),TRUE())) -> 0.78595271 | O6: {=IFERROR(INDEX(Calc!$H$2:$H$19,MATCH($Y6,Calc!$A$2:$A$19,0)),"")} -> 0.6 | P6: {=IFERROR(INDEX(Calc!$M$2:$M$19,MATCH($Y6,Calc!$A$2:$A$19,0)),"")} -> 0.2986 | Q6: 13.3 | R6: 1 | S6: 0.8 | T6: 0.87 | U6: 100%/1/1 | V6: 5 | X6: {=IFERROR(INDEX(Calc!$AH$2:$AH$19,MATCH($Y6,Calc!$A$2:$A$19,0)),"")} -> new roster: 0% of his recent games with these teammates | Y6: e7oayaesoqb0bhf|LOL · C9 vs FUR | Z6: K13 | AA6: =Y6&"|"&Z6 -> e7oayaesoqb0bhf|LOL · C9 vs FUR|K13
A7: LOL · C9 vs FUR | B7: GUIGO | C7: FUR | D7: Maps 1-3 Kills | E7: 6 | F7: {=IFERROR(INDEX(CHOOSE(MATCH($Z7,{"K1","K12","K13"},0),Calc!$Y$2:$Y$19,Calc!$AA$2:$AA$19,Calc!$AC$2:$AC$19),MATCH($Y7,Calc!$A$2:$A$19,0)),"")} -> 7.51777 | G7: {=IFERROR(SQRT(INDEX(CHOOSE(MATCH($Z7,{"K1","K12","K13"},0),Calc!$Z$2:$Z$19,Calc!$AB$2:$AB$19,Calc!$AD$2:$AD$19),MATCH($Y7,Calc!$A$2:$A$19,0))),"")} -> 3.5903135 | H7: =IF(OR($E7="",$F7="",N($G7)<=0),"",1-NORMDIST(FLOOR($E7,1)+0.5,$F7,$G7,TRUE())) -> 0.61159426 | I7: =IF($H7="","",NORMDIST(CEILING($E7,1)-0.5,$F7,$G7,TRUE())) -> 0.2870567 | J7: =IF($H7="","",MAX(0,1-$H7-$I7)) -> 0.10134905 | K7: =IF($H7="","",IF($H7>=0.5+Config!$B$8,"OVER",IF($I7>=0.5+Config!$B$8,"UNDER","—"))) -> OVER | L7: {=IFERROR(INDEX(CHOOSE(MATCH($Z7,{"K1","K12","K13"},0),Calc!$AE$2:$AE$19,Calc!$AF$2:$AF$19,Calc!$AG$2:$AG$19),MATCH($Y7,Calc!$A$2:$A$19,0)),"")} -> 10.2 | M7: =IF(OR($E7="",$L7="",N($G7)<=0),"",1-NORMDIST(FLOOR($E7,1)+0.5,$L7,$G7*SQRT($L7/$F7),TRUE())) -> 0.81185053 | O7: {=IFERROR(INDEX(Calc!$H$2:$H$19,MATCH($Y7,Calc!$A$2:$A$19,0)),"")} -> 0.7 | P7: {=IFERROR(INDEX(Calc!$M$2:$M$19,MATCH($Y7,Calc!$A$2:$A$19,0)),"")} -> 0.2986 | Q7: 9.1 | R7: 0.8 | S7: 0.7 | T7: 0.8 | U7: 100%/1/1 | V7: -1 | W7: 1 | X7: {=IFERROR(INDEX(Calc!$AH$2:$AH$19,MATCH($Y7,Calc!$A$2:$A$19,0)),"")} -> new roster: 0% of his recent games with these teammates | Y7: yfeamupxfsjv1hs|LOL · C9 vs FUR | Z7: K13 | AA7: =Y7&"|"&Z7 -> yfeamupxfsjv1hs|LOL · C9 vs FUR|K13
A8: LOL · C9 vs FUR | B8: Jojo | C8: FUR | D8: Maps 1-3 Kills | E8: 1.5 | F8: {=IFERROR(INDEX(CHOOSE(MATCH($Z8,{"K1","K12","K13"},0),Calc!$Y$2:$Y$19,Calc!$AA$2:$AA$19,Calc!$AC$2:$AC$19),MATCH($Y8,Calc!$A$2:$A$19,0)),"")} -> 1.6562819 | G8: {=IFERROR(SQRT(INDEX(CHOOSE(MATCH($Z8,{"K1","K12","K13"},0),Calc!$Z$2:$Z$19,Calc!$AB$2:$AB$19,Calc!$AD$2:$AD$19),MATCH($Y8,Calc!$A$2:$A$19,0))),"")} -> 1.5180496 | H8: =IF(OR($E8="",$F8="",N($G8)<=0),"",1-NORMDIST(FLOOR($E8,1)+0.5,$F8,$G8,TRUE())) -> 0.54099834 | I8: =IF($H8="","",NORMDIST(CEILING($E8,1)-0.5,$F8,$G8,TRUE())) -> 0.45900166 | J8: =IF($H8="","",MAX(0,1-$H8-$I8)) -> 0 | K8: =IF($H8="","",IF($H8>=0.5+Config!$B$8,"OVER",IF($I8>=0.5+Config!$B$8,"UNDER","—"))) -> OVER | L8: {=IFERROR(INDEX(CHOOSE(MATCH($Z8,{"K1","K12","K13"},0),Calc!$AE$2:$AE$19,Calc!$AF$2:$AF$19,Calc!$AG$2:$AG$19),MATCH($Y8,Calc!$A$2:$A$19,0)),"")} -> 2.1 | M8: =IF(OR($E8="",$L8="",N($G8)<=0),"",1-NORMDIST(FLOOR($E8,1)+0.5,$L8,$G8*SQRT($L8/$F8),TRUE())) -> 0.63721057 | O8: {=IFERROR(INDEX(Calc!$H$2:$H$19,MATCH($Y8,Calc!$A$2:$A$19,0)),"")} -> 0.6 | P8: {=IFERROR(INDEX(Calc!$M$2:$M$19,MATCH($Y8,Calc!$A$2:$A$19,0)),"")} -> 0.2986 | Q8: 2.1 | R8: 0.6 | S8: 0.6 | T8: 0.53 | U8: 100%/1/1 | V8: -2 | X8: {=IFERROR(INDEX(Calc!$AH$2:$AH$19,MATCH($Y8,Calc!$A$2:$A$19,0)),"")} -> new roster: 0% of his recent games with these teammates | Y8: 0puc7tc09n5mldx|LOL · C9 vs FUR | Z8: K13 | AA8: =Y8&"|"&Z8 -> 0puc7tc09n5mldx|LOL · C9 vs FUR|K13
A9: LOL · C9 vs FUR | B9: Tatu | C9: FUR | D9: Maps 1-3 Kills | E9: 7 | F9: {=IFERROR(INDEX(CHOOSE(MATCH($Z9,{"K1","K12","K13"},0),Calc!$Y$2:$Y$19,Calc!$AA$2:$AA$19,Calc!$AC$2:$AC$19),MATCH($Y9,Calc!$A$2:$A$19,0)),"")} -> 6.1911047 | G9: {=IFERROR(SQRT(INDEX(CHOOSE(MATCH($Z9,{"K1","K12","K13"},0),Calc!$Z$2:$Z$19,Calc!$AB$2:$AB$19,Calc!$AD$2:$AD$19),MATCH($Y9,Calc!$A$2:$A$19,0))),"")} -> 3.1878766 | H9: =IF(OR($E9="",$F9="",N($G9)<=0),"",1-NORMDIST(FLOOR($E9,1)+0.5,$F9,$G9,TRUE())) -> 0.34068832 | I9: =IF($H9="","",NORMDIST(CEILING($E9,1)-0.5,$F9,$G9,TRUE())) -> 0.53859586 | J9: =IF($H9="","",MAX(0,1-$H9-$I9)) -> 0.12071582 | K9: =IF($H9="","",IF($H9>=0.5+Config!$B$8,"OVER",IF($I9>=0.5+Config!$B$8,"UNDER","—"))) -> — | L9: {=IFERROR(INDEX(CHOOSE(MATCH($Z9,{"K1","K12","K13"},0),Calc!$AE$2:$AE$19,Calc!$AF$2:$AF$19,Calc!$AG$2:$AG$19),MATCH($Y9,Calc!$A$2:$A$19,0)),"")} -> 8.4 | M9: =IF(OR($E9="",$L9="",N($G9)<=0),"",1-NORMDIST(FLOOR($E9,1)+0.5,$L9,$G9*SQRT($L9/$F9),TRUE())) -> 0.59575468 | O9: {=IFERROR(INDEX(Calc!$H$2:$H$19,MATCH($Y9,Calc!$A$2:$A$19,0)),"")} -> 0.7 | P9: {=IFERROR(INDEX(Calc!$M$2:$M$19,MATCH($Y9,Calc!$A$2:$A$19,0)),"")} -> 0.2986 | Q9: 11.8 | R9: 0.8 | S9: 0.9 | T9: 0.93 | U9: 100%/1/1 | V9: 3 | W9: 1 | X9: {=IFERROR(INDEX(Calc!$AH$2:$AH$19,MATCH($Y9,Calc!$A$2:$A$19,0)),"")} -> new roster: 0% of his recent games with these teammates | Y9: bfa7dj819gxo5o8|LOL · C9 vs FUR | Z9: K13 | AA9: =Y9&"|"&Z9 -> bfa7dj819gxo5o8|LOL · C9 vs FUR|K13
A10: LOL · C9 vs FUR | B10: Tutsz | C10: FUR | D10: Maps 1-3 Kills | E10: 8.5 | F10: {=IFERROR(INDEX(CHOOSE(MATCH($Z10,{"K1","K12","K13"},0),Calc!$Y$2:$Y$19,Calc!$AA$2:$AA$19,Calc!$AC$2:$AC$19),MATCH($Y10,Calc!$A$2:$A$19,0)),"")} -> 7.9599918 | G10: {=IFERROR(SQRT(INDEX(CHOOSE(MATCH($Z10,{"K1","K12","K13"},0),Calc!$Z$2:$Z$19,Calc!$AB$2:$AB$19,Calc!$AD$2:$AD$19),MATCH($Y10,Calc!$A$2:$A$19,0))),"")} -> 3.7205861 | H10: =IF(OR($E10="",$F10="",N($G10)<=0),"",1-NORMDIST(FLOOR($E10,1)+0.5,$F10,$G10,TRUE())) -> 0.44229992 | I10: =IF($H10="","",NORMDIST(CEILING($E10,1)-0.5,$F10,$G10,TRUE())) -> 0.55770008 | J10: =IF($H10="","",MAX(0,1-$H10-$I10)) -> 0 | K10: =IF($H10="","",IF($H10>=0.5+Config!$B$8,"OVER",IF($I10>=0.5+Config!$B$8,"UNDER","—"))) -> UNDER | L10: {=IFERROR(INDEX(CHOOSE(MATCH($Z10,{"K1","K12","K13"},0),Calc!$AE$2:$AE$19,Calc!$AF$2:$AF$19,Calc!$AG$2:$AG$19),MATCH($Y10,Calc!$A$2:$A$19,0)),"")} -> 10.8 | M10: =IF(OR($E10="",$L10="",N($G10)<=0),"",1-NORMDIST(FLOOR($E10,1)+0.5,$L10,$G10*SQRT($L10/$F10),TRUE())) -> 0.70219166 | O10: {=IFERROR(INDEX(Calc!$H$2:$H$19,MATCH($Y10,Calc!$A$2:$A$19,0)),"")} -> 0.7 | P10: {=IFERROR(INDEX(Calc!$M$2:$M$19,MATCH($Y10,Calc!$A$2:$A$19,0)),"")} -> 0.2986 | Q10: 9.3 | R10: 0.4 | S10: 0.5 | T10: 0.47 | U10: 100%/1/1 | V10: -3 | X10: {=IFERROR(INDEX(Calc!$AH$2:$AH$19,MATCH($Y10,Calc!$A$2:$A$19,0)),"")} -> new roster: 0% of his recent games with these teammates | Y10: vx8t2exqb0pxqzs|LOL · C9 vs FUR | Z10: K13 | AA10: =Y10&"|"&Z10 -> vx8t2exqb0pxqzs|LOL · C9 vs FUR|K13
A11: LOL · KC vs MVK | B11: Caliste | C11: KC | D11: Maps 1-3 Kills | E11: 15.5 | F11: {=IFERROR(INDEX(CHOOSE(MATCH($Z11,{"K1","K12","K13"},0),Calc!$Y$2:$Y$19,Calc!$AA$2:$AA$19,Calc!$AC$2:$AC$19),MATCH($Y11,Calc!$A$2:$A$19,0)),"")} -> 14.704215 | G11: {=IFERROR(SQRT(INDEX(CHOOSE(MATCH($Z11,{"K1","K12","K13"},0),Calc!$Z$2:$Z$19,Calc!$AB$2:$AB$19,Calc!$AD$2:$AD$19),MATCH($Y11,Calc!$A$2:$A$19,0))),"")} -> 5.1218561 | H11: =IF(OR($E11="",$F11="",N($G11)<=0),"",1-NORMDIST(FLOOR($E11,1)+0.5,$F11,$G11,TRUE())) -> 0.43826464 | I11: =IF($H11="","",NORMDIST(CEILING($E11,1)-0.5,$F11,$G11,TRUE())) -> 0.56173536 | J11: =IF($H11="","",MAX(0,1-$H11-$I11)) -> 0 | K11: =IF($H11="","",IF($H11>=0.5+Config!$B$8,"OVER",IF($I11>=0.5+Config!$B$8,"UNDER","—"))) -> UNDER | L11: {=IFERROR(INDEX(CHOOSE(MATCH($Z11,{"K1","K12","K13"},0),Calc!$AE$2:$AE$19,Calc!$AF$2:$AF$19,Calc!$AG$2:$AG$19),MATCH($Y11,Calc!$A$2:$A$19,0)),"")} -> 15 | M11: =IF(OR($E11="",$L11="",N($G11)<=0),"",1-NORMDIST(FLOOR($E11,1)+0.5,$L11,$G11*SQRT($L11/$F11),TRUE())) -> 0.46150075 | O11: {=IFERROR(INDEX(Calc!$H$2:$H$19,MATCH($Y11,Calc!$A$2:$A$19,0)),"")} -> 0.7 | P11: {=IFERROR(INDEX(Calc!$M$2:$M$19,MATCH($Y11,Calc!$A$2:$A$19,0)),"")} -> 0.6699 | Q11: 12.3 | R11: 0.2 | S11: 0.3 | T11: 0.33 | U11: - | V11: -4 | X11: {=IFERROR(INDEX(Calc!$AH$2:$AH$19,MATCH($Y11,Calc!$A$2:$A$19,0)),"")} -> new roster: 0% of his recent games with these teammates | Y11: 60n3jocjohvthia|LOL · KC vs MVK | Z11: K13 | AA11: =Y11&"|"&Z11 -> 60n3jocjohvthia|LOL · KC vs MVK|K13
A12: LOL · KC vs MVK | B12: Canna | C12: KC | D12: Maps 1-3 Kills | E12: 9.5 | F12: {=IFERROR(INDEX(CHOOSE(MATCH($Z12,{"K1","K12","K13"},0),Calc!$Y$2:$Y$19,Calc!$AA$2:$AA$19,Calc!$AC$2:$AC$19),MATCH($Y12,Calc!$A$2:$A$19,0)),"")} -> 10.479434 | G12: {=IFERROR(SQRT(INDEX(CHOOSE(MATCH($Z12,{"K1","K12","K13"},0),Calc!$Z$2:$Z$19,Calc!$AB$2:$AB$19,Calc!$AD$2:$AD$19),MATCH($Y12,Calc!$A$2:$A$19,0))),"")} -> 4.1519362 | H12: =IF(OR($E12="",$F12="",N($G12)<=0),"",1-NORMDIST(FLOOR($E12,1)+0.5,$F12,$G12,TRUE())) -> 0.5932441 | I12: =IF($H12="","",NORMDIST(CEILING($E12,1)-0.5,$F12,$G12,TRUE())) -> 0.4067559 | J12: =IF($H12="","",MAX(0,1-$H12-$I12)) -> 0 | K12: =IF($H12="","",IF($H12>=0.5+Config!$B$8,"OVER",IF($I12>=0.5+Config!$B$8,"UNDER","—"))) -> OVER | L12: {=IFERROR(INDEX(CHOOSE(MATCH($Z12,{"K1","K12","K13"},0),Calc!$AE$2:$AE$19,Calc!$AF$2:$AF$19,Calc!$AG$2:$AG$19),MATCH($Y12,Calc!$A$2:$A$19,0)),"")} -> 10.2 | M12: =IF(OR($E12="",$L12="",N($G12)<=0),"",1-NORMDIST(FLOOR($E12,1)+0.5,$L12,$G12*SQRT($L12/$F12),TRUE())) -> 0.5678448 | O12: {=IFERROR(INDEX(Calc!$H$2:$H$19,MATCH($Y12,Calc!$A$2:$A$19,0)),"")} -> 0.63 | P12: {=IFERROR(INDEX(Calc!$M$2:$M$19,MATCH($Y12,Calc!$A$2:$A$19,0)),"")} -> 0.6699 | Q12: 8.9 | R12: 0.4 | S12: 0.4 | T12: 0.47 | U12: - | V12: -3 | X12: {=IFERROR(INDEX(Calc!$AH$2:$AH$19,MATCH($Y12,Calc!$A$2:$A$19,0)),"")} -> new roster: 0% of his recent games with these teammates | Y12: 5h8ktthuwylbro2|LOL · KC vs MVK | Z12: K13 | AA12: =Y12&"|"&Z12 -> 5h8ktthuwylbro2|LOL · KC vs MVK|K13
A13: LOL · KC vs MVK | B13: Kyeahoo | C13: KC | D13: Maps 1-3 Kills | E13: 11.5 | F13: {=IFERROR(INDEX(CHOOSE(MATCH($Z13,{"K1","K12","K13"},0),Calc!$Y$2:$Y$19,Calc!$AA$2:$AA$19,Calc!$AC$2:$AC$19),MATCH($Y13,Calc!$A$2:$A$19,0)),"")} -> 7.0890286 | G13: {=IFERROR(SQRT(INDEX(CHOOSE(MATCH($Z13,{"K1","K12","K13"},0),Calc!$Z$2:$Z$19,Calc!$AB$2:$AB$19,Calc!$AD$2:$AD$19),MATCH($Y13,Calc!$A$2:$A$19,0))),"")} -> 3.2969908 | H13: =IF(OR($E13="",$F13="",N($G13)<=0),"",1-NORMDIST(FLOOR($E13,1)+0.5,$F13,$G13,TRUE())) -> 0.090468109 | I13: =IF($H13="","",NORMDIST(CEILING($E13,1)-0.5,$F13,$G13,TRUE())) -> 0.90953189 | J13: =IF($H13="","",MAX(0,1-$H13-$I13)) -> 0 | K13: =IF($H13="","",IF($H13>=0.5+Config!$B$8,"OVER",IF($I13>=0.5+Config!$B$8,"UNDER","—"))) -> UNDER | L13: {=IFERROR(INDEX(CHOOSE(MATCH($Z13,{"K1","K12","K13"},0),Calc!$AE$2:$AE$19,Calc!$AF$2:$AF$19,Calc!$AG$2:$AG$19),MATCH($Y13,Calc!$A$2:$A$19,0)),"")} -> 6.9 | M13: =IF(OR($E13="",$L13="",N($G13)<=0),"",1-NORMDIST(FLOOR($E13,1)+0.5,$L13,$G13*SQRT($L13/$F13),TRUE())) -> 0.078652512 | O13: {=IFERROR(INDEX(Calc!$H$2:$H$19,MATCH($Y13,Calc!$A$2:$A$19,0)),"")} -> 0.63 | P13: {=IFERROR(INDEX(Calc!$M$2:$M$19,MATCH($Y13,Calc!$A$2:$A$19,0)),"")} -> 0.6699 | Q13: 7 | R13: 0 | S13: 0 | T13: 0.13 | U13: - | V13: -11 | X13: {=IFERROR(INDEX(Calc!$AH$2:$AH$19,MATCH($Y13,Calc!$A$2:$A$19,0)),"")} -> new roster: 0% of his recent games with these teammates | Y13: cp4ibkwui10xeyj|LOL · KC vs MVK | Z13: K13 | AA13: =Y13&"|"&Z13 -> cp4ibkwui10xeyj|LOL · KC vs MVK|K13
A14: LOL · KC vs MVK | B14: Yike | C14: KC | D14: Maps 1-3 Kills | E14: 12.5 | F14: {=IFERROR(INDEX(CHOOSE(MATCH($Z14,{"K1","K12","K13"},0),Calc!$Y$2:$Y$19,Calc!$AA$2:$AA$19,Calc!$AC$2:$AC$19),MATCH($Y14,Calc!$A$2:$A$19,0)),"")} -> 12.020527 | G14: {=IFERROR(SQRT(INDEX(CHOOSE(MATCH($Z14,{"K1","K12","K13"},0),Calc!$Z$2:$Z$19,Calc!$AB$2:$AB$19,Calc!$AD$2:$AD$19),MATCH($Y14,Calc!$A$2:$A$19,0))),"")} -> 4.5148099 | H14: =IF(OR($E14="",$F14="",N($G14)<=0),"",1-NORMDIST(FLOOR($E14,1)+0.5,$F14,$G14,TRUE())) -> 0.4577118 | I14: =IF($H14="","",NORMDIST(CEILING($E14,1)-0.5,$F14,$G14,TRUE())) -> 0.5422882 | J14: =IF($H14="","",MAX(0,1-$H14-$I14)) -> 0 | K14: =IF($H14="","",IF($H14>=0.5+Config!$B$8,"OVER",IF($I14>=0.5+Config!$B$8,"UNDER","—"))) -> UNDER | L14: {=IFERROR(INDEX(CHOOSE(MATCH($Z14,{"K1","K12","K13"},0),Calc!$AE$2:$AE$19,Calc!$AF$2:$AF$19,Calc!$AG$2:$AG$19),MATCH($Y14,Calc!$A$2:$A$19,0)),"")} -> 11.7 | M14: =IF(OR($E14="",$L14="",N($G14)<=0),"",1-NORMDIST(FLOOR($E14,1)+0.5,$L14,$G14*SQRT($L14/$F14),TRUE())) -> 0.42873119 | O14: {=IFERROR(INDEX(Calc!$H$2:$H$19,MATCH($Y14,Calc!$A$2:$A$19,0)),"")} -> 0.63 | P14: {=IFERROR(INDEX(Calc!$M$2:$M$19,MATCH($Y14,Calc!$A$2:$A$19,0)),"")} -> 0.6699 | Q14: 9.1 | R14: 0.2 | S14: 0.2 | T14: 0.27 | U14: - | V14: -4 | X14: {=IFERROR(INDEX(Calc!$AH$2:$AH$19,MATCH($Y14,Calc!$A$2:$A$19,0)),"")} -> new roster: 0% of his recent games with these teammates | Y14: rfespsq7mcurckt|LOL · KC vs MVK | Z14: K13 | AA14: =Y14&"|"&Z14 -> rfespsq7mcurckt|LOL · KC vs MVK|K13
A15: LOL · KC vs MVK | B15: Chika | C15: MVK | D15: Maps 1-3 Kills | E15: 8.5 | F15: {=IFERROR(INDEX(CHOOSE(MATCH($Z15,{"K1","K12","K13"},0),Calc!$Y$2:$Y$19,Calc!$AA$2:$AA$19,Calc!$AC$2:$AC$19),MATCH($Y15,Calc!$A$2:$A$19,0)),"")} -> 10.493586 | G15: {=IFERROR(SQRT(INDEX(CHOOSE(MATCH($Z15,{"K1","K12","K13"},0),Calc!$Z$2:$Z$19,Calc!$AB$2:$AB$19,Calc!$AD$2:$AD$19),MATCH($Y15,Calc!$A$2:$A$19,0))),"")} -> 4.4395731 | H15: =IF(OR($E15="",$F15="",N($G15)<=0),"",1-NORMDIST(FLOOR($E15,1)+0.5,$F15,$G15,TRUE())) -> 0.67330189 | I15: =IF($H15="","",NORMDIST(CEILING($E15,1)-0.5,$F15,$G15,TRUE())) -> 0.32669811 | J15: =IF($H15="","",MAX(0,1-$H15-$I15)) -> 0 | K15: =IF($H15="","",IF($H15>=0.5+Config!$B$8,"OVER",IF($I15>=0.5+Config!$B$8,"UNDER","—"))) -> OVER | L15: {=IFERROR(INDEX(CHOOSE(MATCH($Z15,{"K1","K12","K13"},0),Calc!$AE$2:$AE$19,Calc!$AF$2:$AF$19,Calc!$AG$2:$AG$19),MATCH($Y15,Calc!$A$2:$A$19,0)),"")} -> 11.4 | M15: =IF(OR($E15="",$L15="",N($G15)<=0),"",1-NORMDIST(FLOOR($E15,1)+0.5,$L15,$G15*SQRT($L15/$F15),TRUE())) -> 0.73457519 | O15: {=IFERROR(INDEX(Calc!$H$2:$H$19,MATCH($Y15,Calc!$A$2:$A$19,0)),"")} -> 0.43 | P15: {=IFERROR(INDEX(Calc!$M$2:$M$19,MATCH($Y15,Calc!$A$2:$A$19,0)),"")} -> 0.3301 | Q15: 12.1 | R15: 0.8 | S15: 0.8 | U15: - | V15: 1 | X15: {=IFERROR(INDEX(Calc!$AH$2:$AH$19,MATCH($Y15,Calc!$A$2:$A$19,0)),"")} -> new roster: 0% of his recent games with these teammates | Y15: r22pe1iajr6mhdp|LOL · KC vs MVK | Z15: K13 | AA15: =Y15&"|"&Z15 -> r22pe1iajr6mhdp|LOL · KC vs MVK|K13
A16: LOL · KC vs MVK | B16: Gury | C16: MVK | D16: Maps 1-3 Kills | E16: 7 | F16: {=IFERROR(INDEX(CHOOSE(MATCH($Z16,{"K1","K12","K13"},0),Calc!$Y$2:$Y$19,Calc!$AA$2:$AA$19,Calc!$AC$2:$AC$19),MATCH($Y16,Calc!$A$2:$A$19,0)),"")} -> 5.7990872 | G16: {=IFERROR(SQRT(INDEX(CHOOSE(MATCH($Z16,{"K1","K12","K13"},0),Calc!$Z$2:$Z$19,Calc!$AB$2:$AB$19,Calc!$AD$2:$AD$19),MATCH($Y16,Calc!$A$2:$A$19,0))),"")} -> 3.0646428 | H16: =IF(OR($E16="",$F16="",N($G16)<=0),"",1-NORMDIST(FLOOR($E16,1)+0.5,$F16,$G16,TRUE())) -> 0.28944331 | I16: =IF($H16="","",NORMDIST(CEILING($E16,1)-0.5,$F16,$G16,TRUE())) -> 0.59045263 | J16: =IF($H16="","",MAX(0,1-$H16-$I16)) -> 0.12010406 | K16: =IF($H16="","",IF($H16>=0.5+Config!$B$8,"OVER",IF($I16>=0.5+Config!$B$8,"UNDER","—"))) -> UNDER | L16: {=IFERROR(INDEX(CHOOSE(MATCH($Z16,{"K1","K12","K13"},0),Calc!$AE$2:$AE$19,Calc!$AF$2:$AF$19,Calc!$AG$2:$AG$19),MATCH($Y16,Calc!$A$2:$A$19,0)),"")} -> 6.3 | M16: =IF(OR($E16="",$L16="",N($G16)<=0),"",1-NORMDIST(FLOOR($E16,1)+0.5,$L16,$G16*SQRT($L16/$F16),TRUE())) -> 0.3535797 | O16: {=IFERROR(INDEX(Calc!$H$2:$H$19,MATCH($Y16,Calc!$A$2:$A$19,0)),"")} -> 0.43 | P16: {=IFERROR(INDEX(Calc!$M$2:$M$19,MATCH($Y16,Calc!$A$2:$A$19,0)),"")} -> 0.3301 | Q16: 7.5 | R16: 0.4 | S16: 0.4 | T16: 0.33 | U16: - | V16: -2 | W16: 1 | X16: {=IFERROR(INDEX(Calc!$AH$2:$AH$19,MATCH($Y16,Calc!$A$2:$A$19,0)),"")} -> new roster: 0% of his recent games with these teammates | Y16: jr80asvwieexg6m|LOL · KC vs MVK | Z16: K13 | AA16: =Y16&"|"&Z16 -> jr80asvwieexg6m|LOL · KC vs MVK|K13
A17: LOL · KC vs MVK | B17: Harky | C17: MVK | D17: Maps 1-3 Kills | E17: 9 | F17: {=IFERROR(INDEX(CHOOSE(MATCH($Z17,{"K1","K12","K13"},0),Calc!$Y$2:$Y$19,Calc!$AA$2:$AA$19,Calc!$AC$2:$AC$19),MATCH($Y17,Calc!$A$2:$A$19,0)),"")} -> 8.8935166 | G17: {=IFERROR(SQRT(INDEX(CHOOSE(MATCH($Z17,{"K1","K12","K13"},0),Calc!$Z$2:$Z$19,Calc!$AB$2:$AB$19,Calc!$AD$2:$AD$19),MATCH($Y17,Calc!$A$2:$A$19,0))),"")} -> 3.9900193 | H17: =IF(OR($E17="",$F17="",N($G17)<=0),"",1-NORMDIST(FLOOR($E17,1)+0.5,$F17,$G17,TRUE())) -> 0.43959343 | I17: =IF($H17="","",NORMDIST(CEILING($E17,1)-0.5,$F17,$G17,TRUE())) -> 0.46071791 | J17: =IF($H17="","",MAX(0,1-$H17-$I17)) -> 0.099688662 | K17: =IF($H17="","",IF($H17>=0.5+Config!$B$8,"OVER",IF($I17>=0.5+Config!$B$8,"UNDER","—"))) -> — | L17: {=IFERROR(INDEX(CHOOSE(MATCH($Z17,{"K1","K12","K13"},0),Calc!$AE$2:$AE$19,Calc!$AF$2:$AF$19,Calc!$AG$2:$AG$19),MATCH($Y17,Calc!$A$2:$A$19,0)),"")} -> 10.2 | M17: =IF(OR($E17="",$L17="",N($G17)<=0),"",1-NORMDIST(FLOOR($E17,1)+0.5,$L17,$G17*SQRT($L17/$F17),TRUE())) -> 0.56506251 | O17: {=IFERROR(INDEX(Calc!$H$2:$H$19,MATCH($Y17,Calc!$A$2:$A$19,0)),"")} -> 0.5 | P17: {=IFERROR(INDEX(Calc!$M$2:$M$19,MATCH($Y17,Calc!$A$2:$A$19,0)),"")} -> 0.3301 | Q17: 9.7 | R17: 0.8 | S17: 0.7 | T17: 0.73 | U17: - | V17: 2 | W17: 3 | X17: {=IFERROR(INDEX(Calc!$AH$2:$AH$19,MATCH($Y17,Calc!$A$2:$A$19,0)),"")} -> new roster: 0% of his recent games with these teammates | Y17: tuhm132yvf0f8gg|LOL · KC vs MVK | Z17: K13 | AA17: =Y17&"|"&Z17 -> tuhm132yvf0f8gg|LOL · KC vs MVK|K13
A18: LOL · KC vs MVK | B18: Kratos | C18: MVK | D18: Maps 1-3 Kills | E18: 6 | F18: {=IFERROR(INDEX(CHOOSE(MATCH($Z18,{"K1","K12","K13"},0),Calc!$Y$2:$Y$19,Calc!$AA$2:$AA$19,Calc!$AC$2:$AC$19),MATCH($Y18,Calc!$A$2:$A$19,0)),"")} -> 7.4559693 | G18: {=IFERROR(SQRT(INDEX(CHOOSE(MATCH($Z18,{"K1","K12","K13"},0),Calc!$Z$2:$Z$19,Calc!$AB$2:$AB$19,Calc!$AD$2:$AD$19),MATCH($Y18,Calc!$A$2:$A$19,0))),"")} -> 3.5715893 | H18: =IF(OR($E18="",$F18="",N($G18)<=0),"",1-NORMDIST(FLOOR($E18,1)+0.5,$F18,$G18,TRUE())) -> 0.60551923 | I18: =IF($H18="","",NORMDIST(CEILING($E18,1)-0.5,$F18,$G18,TRUE())) -> 0.29196724 | J18: =IF($H18="","",MAX(0,1-$H18-$I18)) -> 0.10251353 | K18: =IF($H18="","",IF($H18>=0.5+Config!$B$8,"OVER",IF($I18>=0.5+Config!$B$8,"UNDER","—"))) -> OVER | L18: {=IFERROR(INDEX(CHOOSE(MATCH($Z18,{"K1","K12","K13"},0),Calc!$AE$2:$AE$19,Calc!$AF$2:$AF$19,Calc!$AG$2:$AG$19),MATCH($Y18,Calc!$A$2:$A$19,0)),"")} -> 8.1 | M18: =IF(OR($E18="",$L18="",N($G18)<=0),"",1-NORMDIST(FLOOR($E18,1)+0.5,$L18,$G18*SQRT($L18/$F18),TRUE())) -> 0.66633001 | O18: {=IFERROR(INDEX(Calc!$H$2:$H$19,MATCH($Y18,Calc!$A$2:$A$19,0)),"")} -> 0.43 | P18: {=IFERROR(INDEX(Calc!$M$2:$M$19,MATCH($Y18,Calc!$A$2:$A$19,0)),"")} -> 0.3301 | Q18: 7.6 | R18: 1 | S18: 0.8 | T18: 0.67 | U18: - | V18: 5 | W18: 2 | X18: {=IFERROR(INDEX(Calc!$AH$2:$AH$19,MATCH($Y18,Calc!$A$2:$A$19,0)),"")} -> new roster: 0% of his recent games with these teammates | Y18: zzsjtlvrbi44rqp|LOL · KC vs MVK | Z18: K13 | AA18: =Y18&"|"&Z18 -> zzsjtlvrbi44rqp|LOL · KC vs MVK|K13
A19: LOL · KC vs MVK | B19: Siuloong | C19: MVK | D19: Maps 1-3 Kills | E19: 1.5 | F19: {=IFERROR(INDEX(CHOOSE(MATCH($Z19,{"K1","K12","K13"},0),Calc!$Y$2:$Y$19,Calc!$AA$2:$AA$19,Calc!$AC$2:$AC$19),MATCH($Y19,Calc!$A$2:$A$19,0)),"")} -> 1.9330291 | G19: {=IFERROR(SQRT(INDEX(CHOOSE(MATCH($Z19,{"K1","K12","K13"},0),Calc!$Z$2:$Z$19,Calc!$AB$2:$AB$19,Calc!$AD$2:$AD$19),MATCH($Y19,Calc!$A$2:$A$19,0))),"")} -> 1.648894 | H19: =IF(OR($E19="",$F19="",N($G19)<=0),"",1-NORMDIST(FLOOR($E19,1)+0.5,$F19,$G19,TRUE())) -> 0.60357745 | I19: =IF($H19="","",NORMDIST(CEILING($E19,1)-0.5,$F19,$G19,TRUE())) -> 0.39642255 | J19: =IF($H19="","",MAX(0,1-$H19-$I19)) -> 0 | K19: =IF($H19="","",IF($H19>=0.5+Config!$B$8,"OVER",IF($I19>=0.5+Config!$B$8,"UNDER","—"))) -> OVER | L19: {=IFERROR(INDEX(CHOOSE(MATCH($Z19,{"K1","K12","K13"},0),Calc!$AE$2:$AE$19,Calc!$AF$2:$AF$19,Calc!$AG$2:$AG$19),MATCH($Y19,Calc!$A$2:$A$19,0)),"")} -> 2.1 | M19: =IF(OR($E19="",$L19="",N($G19)<=0),"",1-NORMDIST(FLOOR($E19,1)+0.5,$L19,$G19*SQRT($L19/$F19),TRUE())) -> 0.63649838 | O19: {=IFERROR(INDEX(Calc!$H$2:$H$19,MATCH($Y19,Calc!$A$2:$A$19,0)),"")} -> 0.43 | P19: {=IFERROR(INDEX(Calc!$M$2:$M$19,MATCH($Y19,Calc!$A$2:$A$19,0)),"")} -> 0.3301 | Q19: 2.5 | R19: 0.6 | S19: 0.8 | T19: 0.8 | U19: - | V19: 2 | X19: {=IFERROR(INDEX(Calc!$AH$2:$AH$19,MATCH($Y19,Calc!$A$2:$A$19,0)),"")} -> new roster: 0% of his recent games with these teammates | Y19: 16tiv29rhyefoti|LOL · KC vs MVK | Z19: K13 | AA19: =Y19&"|"&Z19 -> 16tiv29rhyefoti|LOL · KC vs MVK|K13

Sheet Calc
A1: Key | B1: Match | C1: Team | D1: Player | E1: PID | F1: Side | G1: Maps n | H1: Win rate q | I1: K avg | J1: k win | K1: k loss | L1: Env | M1: M1 p win | N1: M1 p played | O1: M1 mean | P1: M1 var | Q1: M2 p win | R1: M2 p played | S1: M2 mean | T1: M2 var | U1: M3 p win | V1: M3 p played | W1: M3 mean | X1: M3 var | Y1: K1 | Z1: K1 var | AA1: K12 | AB1: K12 var | AC1: K13 | AD1: K13 var | AE1: Naive K1 | AF1: Naive K12 | AG1: Naive K13 | AH1: Flags | AI1: Board rank | AJ1: Series code | AK1: Series proj
A2: 8c0cdne5gb1xf15|LOL · C9 vs FUR | B2: LOL · C9 vs FUR | C2: C9 | D2: Blaber | E2: 8c0cdne5gb1xf15 | F2: {=IFERROR(IF($C2=INDEX(Matches!$S$5:$S$6,MATCH($B2,Matches!$A$5:$A$6,0)),"A",IF($C2=INDEX(Matches!$T$5:$T$6,MATCH($B2,Matches!$A$5:$A$6,0)),"B","")),"")} -> A | G2: {=IFERROR(INDEX(Players!$E$2:$E$19,MATCH($E2,Players!$A$2:$A$19,0)),0)} -> 30 | H2: {=IFERROR(INDEX(Players!$F$2:$F$19,MATCH($E2,Players!$A$2:$A$19,0)),"")} -> 0.6 | I2: {=IFERROR(INDEX(Players!$G$2:$G$19,MATCH($E2,Players!$A$2:$A$19,0)),"")} -> 3 | J2: =IF(OR($I2="",$H2=""),"",$I2*IF(LEFT($B2,4)="DOTA",Config!$B$5,Config!$B$4)/($H2*IF(LEFT($B2,4)="DOTA",Config!$B$5,Config!$B$4)+1-$H2)) -> 3.8412514 | K2: =IF(OR($I2="",$H2=""),"",$I2/($H2*IF(LEFT($B2,4)="DOTA",Config!$B$5,Config!$B$4)+1-$H2)) -> 1.7381228 | L2: {=IFERROR(INDEX(Matches!$R$5:$R$6,MATCH($B2,Matches!$A$5:$A$6,0)),1)} -> 1 | M2: {=IFERROR(IF(INDEX(Matches!$M$5:$M$6,MATCH($B2,Matches!$A$5:$A$6,0))="","",IF($F2="A",INDEX(Matches!$M$5:$M$6,MATCH($B2,Matches!$A$5:$A$6,0)),1-INDEX(Matches!$M$5:$M$6,MATCH($B2,Matches!$A$5:$A$6,0)))),"")} -> 0.7014 | N2: =1 -> 1 | O2: =IF(OR($M2="",$J2=""),"",$L2*($M2*$J2+(1-$M2)*$K2)) -> 3.2132572 | P2: =IF($O2="","",IF(LEFT($B2,4)="DOTA",Config!$B$7,Config!$B$6)*$O2+$L2^2*$M2*(1-$M2)*($J2-$K2)^2) -> 5.1036103 | Q2: {=IFERROR(IF(INDEX(Matches!$N$5:$N$6,MATCH($B2,Matches!$A$5:$A$6,0))="","",IF($F2="A",INDEX(Matches!$N$5:$N$6,MATCH($B2,Matches!$A$5:$A$6,0)),1-INDEX(Matches!$N$5:$N$6,MATCH($B2,Matches!$A$5:$A$6,0)))),"")} -> 0.7014 | R2: {=IFERROR(N(INDEX(Matches!$P$5:$P$6,MATCH($B2,Matches!$A$5:$A$6,0))),0)} -> 1 | S2: =IF(OR($Q2="",$J2=""),"",$L2*($Q2*$J2+(1-$Q2)*$K2)) -> 3.2132572 | T2: =IF($S2="","",IF(LEFT($B2,4)="DOTA",Config!$B$7,Config!$B$6)*$S2+$L2^2*$Q2*(1-$Q2)*($J2-$K2)^2) -> 5.1036103 | U2: {=IFERROR(IF(INDEX(Matches!$O$5:$O$6,MATCH($B2,Matches!$A$5:$A$6,0))="","",IF($F2="A",INDEX(Matches!$O$5:$O$6,MATCH($B2,Matches!$A$5:$A$6,0)),1-INDEX(Matches!$O$5:$O$6,MATCH($B2,Matches!$A$5:$A$6,0)))),"")} -> 0.7014 | V2: {=IFERROR(N(INDEX(Matches!$Q$5:$Q$6,MATCH($B2,Matches!$A$5:$A$6,0))),0)} -> 1 | W2: =IF(OR($U2="",$J2=""),"",$L2*($U2*$J2+(1-$U2)*$K2)) -> 3.2132572 | X2: =IF($W2="","",IF(LEFT($B2,4)="DOTA",Config!$B$7,Config!$B$6)*$W2+$L2^2*$U2*(1-$U2)*($J2-$K2)^2) -> 5.1036103 | Y2: =IF($O2="","",$O2) -> 3.2132572 | Z2: =IF($P2="","",$P2) -> 5.1036103 | AA2: =IF($O2="","",N($N2)*N($O2)+N($R2)*N($S2)) -> 6.4265145 | AB2: =IF($O2="","",(N($N2)*N($P2)+N($N2)*(1-N($N2))*N($O2)^2)+(N($R2)*N($T2)+N($R2)*(1-N($R2))*N($S2)^2)) -> 10.207221 | AC2: =IF($O2="","",N($N2)*N($O2)+N($R2)*N($S2)+N($V2)*N($W2)) -> 9.6397717 | AD2: =IF($O2="","",(N($N2)*N($P2)+N($N2)*(1-N($N2))*N($O2)^2)+(N($R2)*N($T2)+N($R2)*(1-N($R2))*N($S2)^2)+(N($V2)*N($X2)+N($V2)*(1-N($V2))*N($W2)^2)) -> 15.310831 | AE2: =IF($I2="","",$I2*$L2) -> 3 | AF2: =IF($I2="","",$I2*$L2*(1+N($R2))) -> 6 | AG2: =IF($I2="","",$I2*$L2*(1+N($R2)+N($V2))) -> 9 | AH2: {=TRIM(IF($G2<Config!$B$9,"thin sample ("&$G2&" maps) · ","")&IF($I2="","no PickFinder stats · ","")&IFERROR(IF(INDEX(Players!$T$2:$T$19,MATCH($E2,Players!$A$2:$A$19,0))<0.5,"new roster: "&TEXT(INDEX(Players!$T$2:$T$19,MATCH($E2,Players!$A$2:$A$19,0)),"0%")&" of his recent games with these teammates",""),""))} -> new roster: 0% of his recent games with these teammates | AI2: =IF($B2=Board!$B$2,COUNTIFS($B$2:$B$19,Board!$B$2,$Y$2:$Y$19,">"&$Y2)+COUNTIFS($B$1:$B1,Board!$B$2,$Y$1:$Y1,$Y2)+1,"") | AJ2: {=IFERROR(IF(INDEX(Matches!$D$5:$D$6,MATCH($B2,Matches!$A$5:$A$6,0))=3,"K12","K13"),"K13")} -> K13 | AK2: =IF($AJ2="K12",$AA2,$AC2) -> 9.6397717
A3: dzriszc5pnz15ca|LOL · C9 vs FUR | B3: LOL · C9 vs FUR | C3: C9 | D3: Loki | E3: dzriszc5pnz15ca | F3: {=IFERROR(IF($C3=INDEX(Matches!$S$5:$S$6,MATCH($B3,Matches!$A$5:$A$6,0)),"A",IF($C3=INDEX(Matches!$T$5:$T$6,MATCH($B3,Matches!$A$5:$A$6,0)),"B","")),"")} -> A | G3: {=IFERROR(INDEX(Players!$E$2:$E$19,MATCH($E3,Players!$A$2:$A$19,0)),0)} -> 30 | H3: {=IFERROR(INDEX(Players!$F$2:$F$19,MATCH($E3,Players!$A$2:$A$19,0)),"")} -> 0.57 | I3: {=IFERROR(INDEX(Players!$G$2:$G$19,MATCH($E3,Players!$A$2:$A$19,0)),"")} -> 4.6 | J3: =IF(OR($I3="",$H3=""),"",$I3*IF(LEFT($B3,4)="DOTA",Config!$B$5,Config!$B$4)/($H3*IF(LEFT($B3,4)="DOTA",Config!$B$5,Config!$B$4)+1-$H3)) -> 6.0164526 | K3: =IF(OR($I3="",$H3=""),"",$I3/($H3*IF(LEFT($B3,4)="DOTA",Config!$B$5,Config!$B$4)+1-$H3)) -> 2.7223768 | L3: {=IFERROR(INDEX(Matches!$R$5:$R$6,MATCH($B3,Matches!$A$5:$A$6,0)),1)} -> 1 | M3: {=IFERROR(IF(INDEX(Matches!$M$5:$M$6,MATCH($B3,Matches!$A$5:$A$6,0))="","",IF($F3="A",INDEX(Matches!$M$5:$M$6,MATCH($B3,Matches!$A$5:$A$6,0)),1-INDEX(Matches!$M$5:$M$6,MATCH($B3,Matches!$A$5:$A$6,0)))),"")} -> 0.7014 | N3: =1 -> 1 | O3: =IF(OR($M3="",$J3=""),"",$L3*($M3*$J3+(1-$M3)*$K3)) -> 5.0328416 | P3: =IF($O3="","",IF(LEFT($B3,4)="DOTA",Config!$B$7,Config!$B$6)*$O3+$L3^2*$M3*(1-$M3)*($J3-$K3)^2) -> 8.8152928 | Q3: {=IFERROR(IF(INDEX(Matches!$N$5:$N$6,MATCH($B3,Matches!$A$5:$A$6,0))="","",IF($F3="A",INDEX(Matches!$N$5:$N$6,MATCH($B3,Matches!$A$5:$A$6,0)),1-INDEX(Matches!$N$5:$N$6,MATCH($B3,Matches!$A$5:$A$6,0)))),"")} -> 0.7014 | R3: {=IFERROR(N(INDEX(Matches!$P$5:$P$6,MATCH($B3,Matches!$A$5:$A$6,0))),0)} -> 1 | S3: =IF(OR($Q3="",$J3=""),"",$L3*($Q3*$J3+(1-$Q3)*$K3)) -> 5.0328416 | T3: =IF($S3="","",IF(LEFT($B3,4)="DOTA",Config!$B$7,Config!$B$6)*$S3+$L3^2*$Q3*(1-$Q3)*($J3-$K3)^2) -> 8.8152928 | U3: {=IFERROR(IF(INDEX(Matches!$O$5:$O$6,MATCH($B3,Matches!$A$5:$A$6,0))="","",IF($F3="A",INDEX(Matches!$O$5:$O$6,MATCH($B3,Matches!$A$5:$A$6,0)),1-INDEX(Matches!$O$5:$O$6,MATCH($B3,Matches!$A$5:$A$6,0)))),"")} -> 0.7014 | V3: {=IFERROR(N(INDEX(Matches!$Q$5:$Q$6,MATCH($B3,Matches!$A$5:$A$6,0))),0)} -> 1 | W3: =IF(OR($U3="",$J3=""),"",$L3*($U3*$J3+(1-$U3)*$K3)) -> 5.0328416 | X3: =IF($W3="","",IF(LEFT($B3,4)="DOTA",Config!$B$7,Config!$B$6)*$W3+$L3^2*$U3*(1-$U3)*($J3-$K3)^2) -> 8.8152928 | Y3: =IF($O3="","",$O3) -> 5.0328416 | Z3: =IF($P3="","",$P3) -> 8.8152928 | AA3: =IF($O3="","",N($N3)*N($O3)+N($R3)*N($S3)) -> 10.065683 | AB3: =IF($O3="","",(N($N3)*N($P3)+N($N3)*(1-N($N3))*N($O3)^2)+(N($R3)*N($T3)+N($R3)*(1-N($R3))*N($S3)^2)) -> 17.630586 | AC3: =IF($O3="","",N($N3)*N($O3)+N($R3)*N($S3)+N($V3)*N($W3)) -> 15.098525 | AD3: =IF($O3="","",(N($N3)*N($P3)+N($N3)*(1-N($N3))*N($O3)^2)+(N($R3)*N($T3)+N($R3)*(1-N($R3))*N($S3)^2)+(N($V3)*N($X3)+N($V3)*(1-N($V3))*N($W3)^2)) -> 26.445878 | AE3: =IF($I3="","",$I3*$L3) -> 4.6 | AF3: =IF($I3="","",$I3*$L3*(1+N($R3))) -> 9.2 | AG3: =IF($I3="","",$I3*$L3*(1+N($R3)+N($V3))) -> 13.8 | AH3: {=TRIM(IF($G3<Config!$B$9,"thin sample ("&$G3&" maps) · ","")&IF($I3="","no PickFinder stats · ","")&IFERROR(IF(INDEX(Players!$T$2:$T$19,MATCH($E3,Players!$A$2:$A$19,0))<0.5,"new roster: "&TEXT(INDEX(Players!$T$2:$T$19,MATCH($E3,Players!$A$2:$A$19,0)),"0%")&" of his recent games with these teammates",""),""))} -> new roster: 0% of his recent games with these teammates | AI3: =IF($B3=Board!$B$2,COUNTIFS($B$2:$B$19,Board!$B$2,$Y$2:$Y$19,">"&$Y3)+COUNTIFS($B$1:$B2,Board!$B$2,$Y$1:$Y2,$Y3)+1,"") | AJ3: {=IFERROR(IF(INDEX(Matches!$D$5:$D$6,MATCH($B3,Matches!$A$5:$A$6,0))=3,"K12","K13"),"K13")} -> K13 | AK3: =IF($AJ3="K12",$AA3,$AC3) -> 15.098525
A4: m04u1esa2a4edat|LOL · C9 vs FUR | B4: LOL · C9 vs FUR | C4: C9 | D4: Tactical | E4: m04u1esa2a4edat | F4: {=IFERROR(IF($C4=INDEX(Matches!$S$5:$S$6,MATCH($B4,Matches!$A$5:$A$6,0)),"A",IF($C4=INDEX(Matches!$T$5:$T$6,MATCH($B4,Matches!$A$5:$A$6,0)),"B","")),"")} -> A | G4: {=IFERROR(INDEX(Players!$E$2:$E$19,MATCH($E4,Players!$A$2:$A$19,0)),0)} -> 30 | H4: {=IFERROR(INDEX(Players!$F$2:$F$19,MATCH($E4,Players!$A$2:$A$19,0)),"")} -> 0.57 | I4: {=IFERROR(INDEX(Players!$G$2:$G$19,MATCH($E4,Players!$A$2:$A$19,0)),"")} -> 3.4 | J4: =IF(OR($I4="",$H4=""),"",$I4*IF(LEFT($B4,4)="DOTA",Config!$B$5,Config!$B$4)/($H4*IF(LEFT($B4,4)="DOTA",Config!$B$5,Config!$B$4)+1-$H4)) -> 4.4469432 | K4: =IF(OR($I4="",$H4=""),"",$I4/($H4*IF(LEFT($B4,4)="DOTA",Config!$B$5,Config!$B$4)+1-$H4)) -> 2.0121915 | L4: {=IFERROR(INDEX(Matches!$R$5:$R$6,MATCH($B4,Matches!$A$5:$A$6,0)),1)} -> 1 | M4: {=IFERROR(IF(INDEX(Matches!$M$5:$M$6,MATCH($B4,Matches!$A$5:$A$6,0))="","",IF($F4="A",INDEX(Matches!$M$5:$M$6,MATCH($B4,Matches!$A$5:$A$6,0)),1-INDEX(Matches!$M$5:$M$6,MATCH($B4,Matches!$A$5:$A$6,0)))),"")} -> 0.7014 | N4: =1 -> 1 | O4: =IF(OR($M4="",$J4=""),"",$L4*($M4*$J4+(1-$M4)*$K4)) -> 3.7199264 | P4: =IF($O4="","",IF(LEFT($B4,4)="DOTA",Config!$B$7,Config!$B$6)*$O4+$L4^2*$M4*(1-$M4)*($J4-$K4)^2) -> 6.0774563 | Q4: {=IFERROR(IF(INDEX(Matches!$N$5:$N$6,MATCH($B4,Matches!$A$5:$A$6,0))="","",IF($F4="A",INDEX(Matches!$N$5:$N$6,MATCH($B4,Matches!$A$5:$A$6,0)),1-INDEX(Matches!$N$5:$N$6,MATCH($B4,Matches!$A$5:$A$6,0)))),"")} -> 0.7014 | R4: {=IFERROR(N(INDEX(Matches!$P$5:$P$6,MATCH($B4,Matches!$A$5:$A$6,0))),0)} -> 1 | S4: =IF(OR($Q4="",$J4=""),"",$L4*($Q4*$J4+(1-$Q4)*$K4)) -> 3.7199264 | T4: =IF($S4="","",IF(LEFT($B4,4)="DOTA",Config!$B$7,Config!$B$6)*$S4+$L4^2*$Q4*(1-$Q4)*($J4-$K4)^2) -> 6.0774563 | U4: {=IFERROR(IF(INDEX(Matches!$O$5:$O$6,MATCH($B4,Matches!$A$5:$A$6,0))="","",IF($F4="A",INDEX(Matches!$O$5:$O$6,MATCH($B4,Matches!$A$5:$A$6,0)),1-INDEX(Matches!$O$5:$O$6,MATCH($B4,Matches!$A$5:$A$6,0)))),"")} -> 0.7014 | V4: {=IFERROR(N(INDEX(Matches!$Q$5:$Q$6,MATCH($B4,Matches!$A$5:$A$6,0))),0)} -> 1 | W4: =IF(OR($U4="",$J4=""),"",$L4*($U4*$J4+(1-$U4)*$K4)) -> 3.7199264 | X4: =IF($W4="","",IF(LEFT($B4,4)="DOTA",Config!$B$7,Config!$B$6)*$W4+$L4^2*$U4*(1-$U4)*($J4-$K4)^2) -> 6.0774563 | Y4: =IF($O4="","",$O4) -> 3.7199264 | Z4: =IF($P4="","",$P4) -> 6.0774563 | AA4: =IF($O4="","",N($N4)*N($O4)+N($R4)*N($S4)) -> 7.4398528 | AB4: =IF($O4="","",(N($N4)*N($P4)+N($N4)*(1-N($N4))*N($O4)^2)+(N($R4)*N($T4)+N($R4)*(1-N($R4))*N($S4)^2)) -> 12.154913 | AC4: =IF($O4="","",N($N4)*N($O4)+N($R4)*N($S4)+N($V4)*N($W4)) -> 11.159779 | AD4: =IF($O4="","",(N($N4)*N($P4)+N($N4)*(1-N($N4))*N($O4)^2)+(N($R4)*N($T4)+N($R4)*(1-N($R4))*N($S4)^2)+(N($V4)*N($X4)+N($V4)*(1-N($V4))*N($W4)^2)) -> 18.232369 | AE4: =IF($I4="","",$I4*$L4) -> 3.4 | AF4: =IF($I4="","",$I4*$L4*(1+N($R4))) -> 6.8 | AG4: =IF($I4="","",$I4*$L4*(1+N($R4)+N($V4))) -> 10.2 | AH4: {=TRIM(IF($G4<Config!$B$9,"thin sample ("&$G4&" maps) · ","")&IF($I4="","no PickFinder stats · ","")&IFERROR(IF(INDEX(Players!$T$2:$T$19,MATCH($E4,Players!$A$2:$A$19,0))<0.5,"new roster: "&TEXT(INDEX(Players!$T$2:$T$19,MATCH($E4,Players!$A$2:$A$19,0)),"0%")&" of his recent games with these teammates",""),""))} -> new roster: 0% of his recent games with these teammates | AI4: =IF($B4=Board!$B$2,COUNTIFS($B$2:$B$19,Board!$B$2,$Y$2:$Y$19,">"&$Y4)+COUNTIFS($B$1:$B3,Board!$B$2,$Y$1:$Y3,$Y4)+1,"") | AJ4: {=IFERROR(IF(INDEX(Matches!$D$5:$D$6,MATCH($B4,Matches!$A$5:$A$6,0))=3,"K12","K13"),"K13")} -> K13 | AK4: =IF($AJ4="K12",$AA4,$AC4) -> 11.159779
A5: j7y9h08j24nae95|LOL · C9 vs FUR | B5: LOL · C9 vs FUR | C5: C9 | D5: Thanatos | E5: j7y9h08j24nae95 | F5: {=IFERROR(IF($C5=INDEX(Matches!$S$5:$S$6,MATCH($B5,Matches!$A$5:$A$6,0)),"A",IF($C5=INDEX(Matches!$T$5:$T$6,MATCH($B5,Matches!$A$5:$A$6,0)),"B","")),"")} -> A | G5: {=IFERROR(INDEX(Players!$E$2:$E$19,MATCH($E5,Players!$A$2:$A$19,0)),0)} -> 30 | H5: {=IFERROR(INDEX(Players!$F$2:$F$19,MATCH($E5,Players!$A$2:$A$19,0)),"")} -> 0.6 | I5: {=IFERROR(INDEX(Players!$G$2:$G$19,MATCH($E5,Players!$A$2:$A$19,0)),"")} -> 3.4 | J5: =IF(OR($I5="",$H5=""),"",$I5*IF(LEFT($B5,4)="DOTA",Config!$B$5,Config!$B$4)/($H5*IF(LEFT($B5,4)="DOTA",Config!$B$5,Config!$B$4)+1-$H5)) -> 4.3534183 | K5: =IF(OR($I5="",$H5=""),"",$I5/($H5*IF(LEFT($B5,4)="DOTA",Config!$B$5,Config!$B$4)+1-$H5)) -> 1.9698725 | L5: {=IFERROR(INDEX(Matches!$R$5:$R$6,MATCH($B5,Matches!$A$5:$A$6,0)),1)} -> 1 | M5: {=IFERROR(IF(INDEX(Matches!$M$5:$M$6,MATCH($B5,Matches!$A$5:$A$6,0))="","",IF($F5="A",INDEX(Matches!$M$5:$M$6,MATCH($B5,Matches!$A$5:$A$6,0)),1-INDEX(Matches!$M$5:$M$6,MATCH($B5,Matches!$A$5:$A$6,0)))),"")} -> 0.7014 | N5: =1 -> 1 | O5: =IF(OR($M5="",$J5=""),"",$L5*($M5*$J5+(1-$M5)*$K5)) -> 3.6416915 | P5: =IF($O5="","",IF(LEFT($B5,4)="DOTA",Config!$B$7,Config!$B$6)*$O5+$L5^2*$M5*(1-$M5)*($J5-$K5)^2) -> 5.9240773 | Q5: {=IFERROR(IF(INDEX(Matches!$N$5:$N$6,MATCH($B5,Matches!$A$5:$A$6,0))="","",IF($F5="A",INDEX(Matches!$N$5:$N$6,MATCH($B5,Matches!$A$5:$A$6,0)),1-INDEX(Matches!$N$5:$N$6,MATCH($B5,Matches!$A$5:$A$6,0)))),"")} -> 0.7014 | R5: {=IFERROR(N(INDEX(Matches!$P$5:$P$6,MATCH($B5,Matches!$A$5:$A$6,0))),0)} -> 1 | S5: =IF(OR($Q5="",$J5=""),"",$L5*($Q5*$J5+(1-$Q5)*$K5)) -> 3.6416915 | T5: =IF($S5="","",IF(LEFT($B5,4)="DOTA",Config!$B$7,Config!$B$6)*$S5+$L5^2*$Q5*(1-$Q5)*($J5-$K5)^2) -> 5.9240773 | U5: {=IFERROR(IF(INDEX(Matches!$O$5:$O$6,MATCH($B5,Matches!$A$5:$A$6,0))="","",IF($F5="A",INDEX(Matches!$O$5:$O$6,MATCH($B5,Matches!$A$5:$A$6,0)),1-INDEX(Matches!$O$5:$O$6,MATCH($B5,Matches!$A$5:$A$6,0)))),"")} -> 0.7014 | V5: {=IFERROR(N(INDEX(Matches!$Q$5:$Q$6,MATCH($B5,Matches!$A$5:$A$6,0))),0)} -> 1 | W5: =IF(OR($U5="",$J5=""),"",$L5*($U5*$J5+(1-$U5)*$K5)) -> 3.6416915 | X5: =IF($W5="","",IF(LEFT($B5,4)="DOTA",Config!$B$7,Config!$B$6)*$W5+$L5^2*$U5*(1-$U5)*($J5-$K5)^2) -> 5.9240773 | Y5: =IF($O5="","",$O5) -> 3.6416915 | Z5: =IF($P5="","",$P5) -> 5.9240773 | AA5: =IF($O5="","",N($N5)*N($O5)+N($R5)*N($S5)) -> 7.2833831 | AB5: =IF($O5="","",(N($N5)*N($P5)+N($N5)*(1-N($N5))*N($O5)^2)+(N($R5)*N($T5)+N($R5)*(1-N($R5))*N($S5)^2)) -> 11.848155 | AC5: =IF($O5="","",N($N5)*N($O5)+N($R5)*N($S5)+N($V5)*N($W5)) -> 10.925075 | AD5: =IF($O5="","",(N($N5)*N($P5)+N($N5)*(1-N($N5))*N($O5)^2)+(N($R5)*N($T5)+N($R5)*(1-N($R5))*N($S5)^2)+(N($V5)*N($X5)+N($V5)*(1-N($V5))*N($W5)^2)) -> 17.772232 | AE5: =IF($I5="","",$I5*$L5) -> 3.4 | AF5: =IF($I5="","",$I5*$L5*(1+N($R5))) -> 6.8 | AG5: =IF($I5="","",$I5*$L5*(1+N($R5)+N($V5))) -> 10.2 | AH5: {=TRIM(IF($G5<Config!$B$9,"thin sample ("&$G5&" maps) · ","")&IF($I5="","no PickFinder stats · ","")&IFERROR(IF(INDEX(Players!$T$2:$T$19,MATCH($E5,Players!$A$2:$A$19,0))<0.5,"new roster: "&TEXT(INDEX(Players!$T$2:$T$19,MATCH($E5,Players!$A$2:$A$19,0)),"0%")&" of his recent games with these teammates",""),""))} -> new roster: 0% of his recent games with these teammates | AI5: =IF($B5=Board!$B$2,COUNTIFS($B$2:$B$19,Board!$B$2,$Y$2:$Y$19,">"&$Y5)+COUNTIFS($B$1:$B4,Board!$B$2,$Y$1:$Y4,$Y5)+1,"") | AJ5: {=IFERROR(IF(INDEX(Matches!$D$5:$D$6,MATCH($B5,Matches!$A$5:$A$6,0))=3,"K12","K13"),"K13")} -> K13 | AK5: =IF($AJ5="K12",$AA5,$AC5) -> 10.925075
A6: e7oayaesoqb0bhf|LOL · C9 vs FUR | B6: LOL · C9 vs FUR | C6: FUR | D6: Ayu | E6: e7oayaesoqb0bhf | F6: {=IFERROR(IF($C6=INDEX(Matches!$S$5:$S$6,MATCH($B6,Matches!$A$5:$A$6,0)),"A",IF($C6=INDEX(Matches!$T$5:$T$6,MATCH($B6,Matches!$A$5:$A$6,0)),"B","")),"")} -> B | G6: {=IFERROR(INDEX(Players!$E$2:$E$19,MATCH($E6,Players!$A$2:$A$19,0)),0)} -> 30 | H6: {=IFERROR(INDEX(Players!$F$2:$F$19,MATCH($E6,Players!$A$2:$A$19,0)),"")} -> 0.6 | I6: {=IFERROR(INDEX(Players!$G$2:$G$19,MATCH($E6,Players!$A$2:$A$19,0)),"")} -> 4.5 | J6: =IF(OR($I6="",$H6=""),"",$I6*IF(LEFT($B6,4)="DOTA",Config!$B$5,Config!$B$4)/($H6*IF(LEFT($B6,4)="DOTA",Config!$B$5,Config!$B$4)+1-$H6)) -> 5.7618772 | K6: =IF(OR($I6="",$H6=""),"",$I6/($H6*IF(LEFT($B6,4)="DOTA",Config!$B$5,Config!$B$4)+1-$H6)) -> 2.6071842 | L6: {=IFERROR(INDEX(Matches!$R$5:$R$6,MATCH($B6,Matches!$A$5:$A$6,0)),1)} -> 1 | M6: {=IFERROR(IF(INDEX(Matches!$M$5:$M$6,MATCH($B6,Matches!$A$5:$A$6,0))="","",IF($F6="A",INDEX(Matches!$M$5:$M$6,MATCH($B6,Matches!$A$5:$A$6,0)),1-INDEX(Matches!$M$5:$M$6,MATCH($B6,Matches!$A$5:$A$6,0)))),"")} -> 0.2986 | N6: =1 -> 1 | O6: =IF(OR($M6="",$J6=""),"",$L6*($M6*$J6+(1-$M6)*$K6)) -> 3.5491756 | P6: =IF($O6="","",IF(LEFT($B6,4)="DOTA",Config!$B$7,Config!$B$6)*$O6+$L6^2*$M6*(1-$M6)*($J6-$K6)^2) -> 6.6982739 | Q6: {=IFERROR(IF(INDEX(Matches!$N$5:$N$6,MATCH($B6,Matches!$A$5:$A$6,0))="","",IF($F6="A",INDEX(Matches!$N$5:$N$6,MATCH($B6,Matches!$A$5:$A$6,0)),1-INDEX(Matches!$N$5:$N$6,MATCH($B6,Matches!$A$5:$A$6,0)))),"")} -> 0.2986 | R6: {=IFERROR(N(INDEX(Matches!$P$5:$P$6,MATCH($B6,Matches!$A$5:$A$6,0))),0)} -> 1 | S6: =IF(OR($Q6="",$J6=""),"",$L6*($Q6*$J6+(1-$Q6)*$K6)) -> 3.5491756 | T6: =IF($S6="","",IF(LEFT($B6,4)="DOTA",Config!$B$7,Config!$B$6)*$S6+$L6^2*$Q6*(1-$Q6)*($J6-$K6)^2) -> 6.6982739 | U6: {=IFERROR(IF(INDEX(Matches!$O$5:$O$6,MATCH($B6,Matches!$A$5:$A$6,0))="","",IF($F6="A",INDEX(Matches!$O$5:$O$6,MATCH($B6,Matches!$A$5:$A$6,0)),1-INDEX(Matches!$O$5:$O$6,MATCH($B6,Matches!$A$5:$A$6,0)))),"")} -> 0.2986 | V6: {=IFERROR(N(INDEX(Matches!$Q$5:$Q$6,MATCH($B6,Matches!$A$5:$A$6,0))),0)} -> 1 | W6: =IF(OR($U6="",$J6=""),"",$L6*($U6*$J6+(1-$U6)*$K6)) -> 3.5491756 | X6: =IF($W6="","",IF(LEFT($B6,4)="DOTA",Config!$B$7,Config!$B$6)*$W6+$L6^2*$U6*(1-$U6)*($J6-$K6)^2) -> 6.6982739 | Y6: =IF($O6="","",$O6) -> 3.5491756 | Z6: =IF($P6="","",$P6) -> 6.6982739 | AA6: =IF($O6="","",N($N6)*N($O6)+N($R6)*N($S6)) -> 7.0983511 | AB6: =IF($O6="","",(N($N6)*N($P6)+N($N6)*(1-N($N6))*N($O6)^2)+(N($R6)*N($T6)+N($R6)*(1-N($R6))*N($S6)^2)) -> 13.396548 | AC6: =IF($O6="","",N($N6)*N($O6)+N($R6)*N($S6)+N($V6)*N($W6)) -> 10.647527 | AD6: =IF($O6="","",(N($N6)*N($P6)+N($N6)*(1-N($N6))*N($O6)^2)+(N($R6)*N($T6)+N($R6)*(1-N($R6))*N($S6)^2)+(N($V6)*N($X6)+N($V6)*(1-N($V6))*N($W6)^2)) -> 20.094822 | AE6: =IF($I6="","",$I6*$L6) -> 4.5 | AF6: =IF($I6="","",$I6*$L6*(1+N($R6))) -> 9 | AG6: =IF($I6="","",$I6*$L6*(1+N($R6)+N($V6))) -> 13.5 | AH6: {=TRIM(IF($G6<Config!$B$9,"thin sample ("&$G6&" maps) · ","")&IF($I6="","no PickFinder stats · ","")&IFERROR(IF(INDEX(Players!$T$2:$T$19,MATCH($E6,Players!$A$2:$A$19,0))<0.5,"new roster: "&TEXT(INDEX(Players!$T$2:$T$19,MATCH($E6,Players!$A$2:$A$19,0)),"0%")&" of his recent games with these teammates",""),""))} -> new roster: 0% of his recent games with these teammates | AI6: =IF($B6=Board!$B$2,COUNTIFS($B$2:$B$19,Board!$B$2,$Y$2:$Y$19,">"&$Y6)+COUNTIFS($B$1:$B5,Board!$B$2,$Y$1:$Y5,$Y6)+1,"") | AJ6: {=IFERROR(IF(INDEX(Matches!$D$5:$D$6,MATCH($B6,Matches!$A$5:$A$6,0))=3,"K12","K13"),"K13")} -> K13 | AK6: =IF($AJ6="K12",$AA6,$AC6) -> 10.647527
A7: yfeamupxfsjv1hs|LOL · C9 vs FUR | B7: LOL · C9 vs FUR | C7: FUR | D7: GUIGO | E7: yfeamupxfsjv1hs | F7: {=IFERROR(IF($C7=INDEX(Matches!$S$5:$S$6,MATCH($B7,Matches!$A$5:$A$6,0)),"A",IF($C7=INDEX(Matches!$T$5:$T$6,MATCH($B7,Matches!$A$5:$A$6,0)),"B","")),"")} -> B | G7: {=IFERROR(INDEX(Players!$E$2:$E$19,MATCH($E7,Players!$A$2:$A$19,0)),0)} -> 30 | H7: {=IFERROR(INDEX(Players!$F$2:$F$19,MATCH($E7,Players!$A$2:$A$19,0)),"")} -> 0.7 | I7: {=IFERROR(INDEX(Players!$G$2:$G$19,MATCH($E7,Players!$A$2:$A$19,0)),"")} -> 3.4 | J7: =IF(OR($I7="",$H7=""),"",$I7*IF(LEFT($B7,4)="DOTA",Config!$B$5,Config!$B$4)/($H7*IF(LEFT($B7,4)="DOTA",Config!$B$5,Config!$B$4)+1-$H7)) -> 4.0682187 | K7: =IF(OR($I7="",$H7=""),"",$I7/($H7*IF(LEFT($B7,4)="DOTA",Config!$B$5,Config!$B$4)+1-$H7)) -> 1.840823 | L7: {=IFERROR(INDEX(Matches!$R$5:$R$6,MATCH($B7,Matches!$A$5:$A$6,0)),1)} -> 1 | M7: {=IFERROR(IF(INDEX(Matches!$M$5:$M$6,MATCH($B7,Matches!$A$5:$A$6,0))="","",IF($F7="A",INDEX(Matches!$M$5:$M$6,MATCH($B7,Matches!$A$5:$A$6,0)),1-INDEX(Matches!$M$5:$M$6,MATCH($B7,Matches!$A$5:$A$6,0)))),"")} -> 0.2986 | N7: =1 -> 1 | O7: =IF(OR($M7="",$J7=""),"",$L7*($M7*$J7+(1-$M7)*$K7)) -> 2.5059233 | P7: =IF($O7="","",IF(LEFT($B7,4)="DOTA",Config!$B$7,Config!$B$6)*$O7+$L7^2*$M7*(1-$M7)*($J7-$K7)^2) -> 4.2967836 | Q7: {=IFERROR(IF(INDEX(Matches!$N$5:$N$6,MATCH($B7,Matches!$A$5:$A$6,0))="","",IF($F7="A",INDEX(Matches!$N$5:$N$6,MATCH($B7,Matches!$A$5:$A$6,0)),1-INDEX(Matches!$N$5:$N$6,MATCH($B7,Matches!$A$5:$A$6,0)))),"")} -> 0.2986 | R7: {=IFERROR(N(INDEX(Matches!$P$5:$P$6,MATCH($B7,Matches!$A$5:$A$6,0))),0)} -> 1 | S7: =IF(OR($Q7="",$J7=""),"",$L7*($Q7*$J7+(1-$Q7)*$K7)) -> 2.5059233 | T7: =IF($S7="","",IF(LEFT($B7,4)="DOTA",Config!$B$7,Config!$B$6)*$S7+$L7^2*$Q7*(1-$Q7)*($J7-$K7)^2) -> 4.2967836 | U7: {=IFERROR(IF(INDEX(Matches!$O$5:$O$6,MATCH($B7,Matches!$A$5:$A$6,0))="","",IF($F7="A",INDEX(Matches!$O$5:$O$6,MATCH($B7,Matches!$A$5:$A$6,0)),1-INDEX(Matches!$O$5:$O$6,MATCH($B7,Matches!$A$5:$A$6,0)))),"")} -> 0.2986 | V7: {=IFERROR(N(INDEX(Matches!$Q$5:$Q$6,MATCH($B7,Matches!$A$5:$A$6,0))),0)} -> 1 | W7: =IF(OR($U7="",$J7=""),"",$L7*($U7*$J7+(1-$U7)*$K7)) -> 2.5059233 | X7: =IF($W7="","",IF(LEFT($B7,4)="DOTA",Config!$B$7,Config!$B$6)*$W7+$L7^2*$U7*(1-$U7)*($J7-$K7)^2) -> 4.2967836 | Y7: =IF($O7="","",$O7) -> 2.5059233 | Z7: =IF($P7="","",$P7) -> 4.2967836 | AA7: =IF($O7="","",N($N7)*N($O7)+N($R7)*N($S7)) -> 5.0118467 | AB7: =IF($O7="","",(N($N7)*N($P7)+N($N7)*(1-N($N7))*N($O7)^2)+(N($R7)*N($T7)+N($R7)*(1-N($R7))*N($S7)^2)) -> 8.5935672 | AC7: =IF($O7="","",N($N7)*N($O7)+N($R7)*N($S7)+N($V7)*N($W7)) -> 7.51777 | AD7: =IF($O7="","",(N($N7)*N($P7)+N($N7)*(1-N($N7))*N($O7)^2)+(N($R7)*N($T7)+N($R7)*(1-N($R7))*N($S7)^2)+(N($V7)*N($X7)+N($V7)*(1-N($V7))*N($W7)^2)) -> 12.890351 | AE7: =IF($I7="","",$I7*$L7) -> 3.4 | AF7: =IF($I7="","",$I7*$L7*(1+N($R7))) -> 6.8 | AG7: =IF($I7="","",$I7*$L7*(1+N($R7)+N($V7))) -> 10.2 | AH7: {=TRIM(IF($G7<Config!$B$9,"thin sample ("&$G7&" maps) · ","")&IF($I7="","no PickFinder stats · ","")&IFERROR(IF(INDEX(Players!$T$2:$T$19,MATCH($E7,Players!$A$2:$A$19,0))<0.5,"new roster: "&TEXT(INDEX(Players!$T$2:$T$19,MATCH($E7,Players!$A$2:$A$19,0)),"0%")&" of his recent games with these teammates",""),""))} -> new roster: 0% of his recent games with these teammates | AI7: =IF($B7=Board!$B$2,COUNTIFS($B$2:$B$19,Board!$B$2,$Y$2:$Y$19,">"&$Y7)+COUNTIFS($B$1:$B6,Board!$B$2,$Y$1:$Y6,$Y7)+1,"") | AJ7: {=IFERROR(IF(INDEX(Matches!$D$5:$D$6,MATCH($B7,Matches!$A$5:$A$6,0))=3,"K12","K13"),"K13")} -> K13 | AK7: =IF($AJ7="K12",$AA7,$AC7) -> 7.51777
A8: 0puc7tc09n5mldx|LOL · C9 vs FUR | B8: LOL · C9 vs FUR | C8: FUR | D8: Jojo | E8: 0puc7tc09n5mldx | F8: {=IFERROR(IF($C8=INDEX(Matches!$S$5:$S$6,MATCH($B8,Matches!$A$5:$A$6,0)),"A",IF($C8=INDEX(Matches!$T$5:$T$6,MATCH($B8,Matches!$A$5:$A$6,0)),"B","")),"")} -> B | G8: {=IFERROR(INDEX(Players!$E$2:$E$19,MATCH($E8,Players!$A$2:$A$19,0)),0)} -> 30 | H8: {=IFERROR(INDEX(Players!$F$2:$F$19,MATCH($E8,Players!$A$2:$A$19,0)),"")} -> 0.6 | I8: {=IFERROR(INDEX(Players!$G$2:$G$19,MATCH($E8,Players!$A$2:$A$19,0)),"")} -> 0.7 | J8: =IF(OR($I8="",$H8=""),"",$I8*IF(LEFT($B8,4)="DOTA",Config!$B$5,Config!$B$4)/($H8*IF(LEFT($B8,4)="DOTA",Config!$B$5,Config!$B$4)+1-$H8)) -> 0.896292 | K8: =IF(OR($I8="",$H8=""),"",$I8/($H8*IF(LEFT($B8,4)="DOTA",Config!$B$5,Config!$B$4)+1-$H8)) -> 0.40556199 | L8: {=IFERROR(INDEX(Matches!$R$5:$R$6,MATCH($B8,Matches!$A$5:$A$6,0)),1)} -> 1 | M8: {=IFERROR(IF(INDEX(Matches!$M$5:$M$6,MATCH($B8,Matches!$A$5:$A$6,0))="","",IF($F8="A",INDEX(Matches!$M$5:$M$6,MATCH($B8,Matches!$A$5:$A$6,0)),1-INDEX(Matches!$M$5:$M$6,MATCH($B8,Matches!$A$5:$A$6,0)))),"")} -> 0.2986 | N8: =1 -> 1 | O8: =IF(OR($M8="",$J8=""),"",$L8*($M8*$J8+(1-$M8)*$K8)) -> 0.55209397 | P8: =IF($O8="","",IF(LEFT($B8,4)="DOTA",Config!$B$7,Config!$B$6)*$O8+$L8^2*$M8*(1-$M8)*($J8-$K8)^2) -> 0.76815819 | Q8: {=IFERROR(IF(INDEX(Matches!$N$5:$N$6,MATCH($B8,Matches!$A$5:$A$6,0))="","",IF($F8="A",INDEX(Matches!$N$5:$N$6,MATCH($B8,Matches!$A$5:$A$6,0)),1-INDEX(Matches!$N$5:$N$6,MATCH($B8,Matches!$A$5:$A$6,0)))),"")} -> 0.2986 | R8: {=IFERROR(N(INDEX(Matches!$P$5:$P$6,MATCH($B8,Matches!$A$5:$A$6,0))),0)} -> 1 | S8: =IF(OR($Q8="",$J8=""),"",$L8*($Q8*$J8+(1-$Q8)*$K8)) -> 0.55209397 | T8: =IF($S8="","",IF(LEFT($B8,4)="DOTA",Config!$B$7,Config!$B$6)*$S8+$L8^2*$Q8*(1-$Q8)*($J8-$K8)^2) -> 0.76815819 | U8: {=IFERROR(IF(INDEX(Matches!$O$5:$O$6,MATCH($B8,Matches!$A$5:$A$6,0))="","",IF($F8="A",INDEX(Matches!$O$5:$O$6,MATCH($B8,Matches!$A$5:$A$6,0)),1-INDEX(Matches!$O$5:$O$6,MATCH($B8,Matches!$A$5:$A$6,0)))),"")} -> 0.2986 | V8: {=IFERROR(N(INDEX(Matches!$Q$5:$Q$6,MATCH($B8,Matches!$A$5:$A$6,0))),0)} -> 1 | W8: =IF(OR($U8="",$J8=""),"",$L8*($U8*$J8+(1-$U8)*$K8)) -> 0.55209397 | X8: =IF($W8="","",IF(LEFT($B8,4)="DOTA",Config!$B$7,Config!$B$6)*$W8+$L8^2*$U8*(1-$U8)*($J8-$K8)^2) -> 0.76815819 | Y8: =IF($O8="","",$O8) -> 0.55209397 | Z8: =IF($P8="","",$P8) -> 0.76815819 | AA8: =IF($O8="","",N($N8)*N($O8)+N($R8)*N($S8)) -> 1.1041879 | AB8: =IF($O8="","",(N($N8)*N($P8)+N($N8)*(1-N($N8))*N($O8)^2)+(N($R8)*N($T8)+N($R8)*(1-N($R8))*N($S8)^2)) -> 1.5363164 | AC8: =IF($O8="","",N($N8)*N($O8)+N($R8)*N($S8)+N($V8)*N($W8)) -> 1.6562819 | AD8: =IF($O8="","",(N($N8)*N($P8)+N($N8)*(1-N($N8))*N($O8)^2)+(N($R8)*N($T8)+N($R8)*(1-N($R8))*N($S8)^2)+(N($V8)*N($X8)+N($V8)*(1-N($V8))*N($W8)^2)) -> 2.3044746 | AE8: =IF($I8="","",$I8*$L8) -> 0.7 | AF8: =IF($I8="","",$I8*$L8*(1+N($R8))) -> 1.4 | AG8: =IF($I8="","",$I8*$L8*(1+N($R8)+N($V8))) -> 2.1 | AH8: {=TRIM(IF($G8<Config!$B$9,"thin sample ("&$G8&" maps) · ","")&IF($I8="","no PickFinder stats · ","")&IFERROR(IF(INDEX(Players!$T$2:$T$19,MATCH($E8,Players!$A$2:$A$19,0))<0.5,"new roster: "&TEXT(INDEX(Players!$T$2:$T$19,MATCH($E8,Players!$A$2:$A$19,0)),"0%")&" of his recent games with these teammates",""),""))} -> new roster: 0% of his recent games with these teammates | AI8: =IF($B8=Board!$B$2,COUNTIFS($B$2:$B$19,Board!$B$2,$Y$2:$Y$19,">"&$Y8)+COUNTIFS($B$1:$B7,Board!$B$2,$Y$1:$Y7,$Y8)+1,"") | AJ8: {=IFERROR(IF(INDEX(Matches!$D$5:$D$6,MATCH($B8,Matches!$A$5:$A$6,0))=3,"K12","K13"),"K13")} -> K13 | AK8: =IF($AJ8="K12",$AA8,$AC8) -> 1.6562819
A9: bfa7dj819gxo5o8|LOL · C9 vs FUR | B9: LOL · C9 vs FUR | C9: FUR | D9: Tatu | E9: bfa7dj819gxo5o8 | F9: {=IFERROR(IF($C9=INDEX(Matches!$S$5:$S$6,MATCH($B9,Matches!$A$5:$A$6,0)),"A",IF($C9=INDEX(Matches!$T$5:$T$6,MATCH($B9,Matches!$A$5:$A$6,0)),"B","")),"")} -> B | G9: {=IFERROR(INDEX(Players!$E$2:$E$19,MATCH($E9,Players!$A$2:$A$19,0)),0)} -> 30 | H9: {=IFERROR(INDEX(Players!$F$2:$F$19,MATCH($E9,Players!$A$2:$A$19,0)),"")} -> 0.7 | I9: {=IFERROR(INDEX(Players!$G$2:$G$19,MATCH($E9,Players!$A$2:$A$19,0)),"")} -> 2.8 | J9: =IF(OR($I9="",$H9=""),"",$I9*IF(LEFT($B9,4)="DOTA",Config!$B$5,Config!$B$4)/($H9*IF(LEFT($B9,4)="DOTA",Config!$B$5,Config!$B$4)+1-$H9)) -> 3.3502978 | K9: =IF(OR($I9="",$H9=""),"",$I9/($H9*IF(LEFT($B9,4)="DOTA",Config!$B$5,Config!$B$4)+1-$H9)) -> 1.5159718 | L9: {=IFERROR(INDEX(Matches!$R$5:$R$6,MATCH($B9,Matches!$A$5:$A$6,0)),1)} -> 1 | M9: {=IFERROR(IF(INDEX(Matches!$M$5:$M$6,MATCH($B9,Matches!$A$5:$A$6,0))="","",IF($F9="A",INDEX(Matches!$M$5:$M$6,MATCH($B9,Matches!$A$5:$A$6,0)),1-INDEX(Matches!$M$5:$M$6,MATCH($B9,Matches!$A$5:$A$6,0)))),"")} -> 0.2986 | N9: =1 -> 1 | O9: =IF(OR($M9="",$J9=""),"",$L9*($M9*$J9+(1-$M9)*$K9)) -> 2.0637016 | P9: =IF($O9="","",IF(LEFT($B9,4)="DOTA",Config!$B$7,Config!$B$6)*$O9+$L9^2*$M9*(1-$M9)*($J9-$K9)^2) -> 3.387519 | Q9: {=IFERROR(IF(INDEX(Matches!$N$5:$N$6,MATCH($B9,Matches!$A$5:$A$6,0))="","",IF($F9="A",INDEX(Matches!$N$5:$N$6,MATCH($B9,Matches!$A$5:$A$6,0)),1-INDEX(Matches!$N$5:$N$6,MATCH($B9,Matches!$A$5:$A$6,0)))),"")} -> 0.2986 | R9: {=IFERROR(N(INDEX(Matches!$P$5:$P$6,MATCH($B9,Matches!$A$5:$A$6,0))),0)} -> 1 | S9: =IF(OR($Q9="",$J9=""),"",$L9*($Q9*$J9+(1-$Q9)*$K9)) -> 2.0637016 | T9: =IF($S9="","",IF(LEFT($B9,4)="DOTA",Config!$B$7,Config!$B$6)*$S9+$L9^2*$Q9*(1-$Q9)*($J9-$K9)^2) -> 3.387519 | U9: {=IFERROR(IF(INDEX(Matches!$O$5:$O$6,MATCH($B9,Matches!$A$5:$A$6,0))="","",IF($F9="A",INDEX(Matches!$O$5:$O$6,MATCH($B9,Matches!$A$5:$A$6,0)),1-INDEX(Matches!$O$5:$O$6,MATCH($B9,Matches!$A$5:$A$6,0)))),"")} -> 0.2986 | V9: {=IFERROR(N(INDEX(Matches!$Q$5:$Q$6,MATCH($B9,Matches!$A$5:$A$6,0))),0)} -> 1 | W9: =IF(OR($U9="",$J9=""),"",$L9*($U9*$J9+(1-$U9)*$K9)) -> 2.0637016 | X9: =IF($W9="","",IF(LEFT($B9,4)="DOTA",Config!$B$7,Config!$B$6)*$W9+$L9^2*$U9*(1-$U9)*($J9-$K9)^2) -> 3.387519 | Y9: =IF($O9="","",$O9) -> 2.0637016 | Z9: =IF($P9="","",$P9) -> 3.387519 | AA9: =IF($O9="","",N($N9)*N($O9)+N($R9)*N($S9)) -> 4.1274031 | AB9: =IF($O9="","",(N($N9)*N($P9)+N($N9)*(1-N($N9))*N($O9)^2)+(N($R9)*N($T9)+N($R9)*(1-N($R9))*N($S9)^2)) -> 6.7750381 | AC9: =IF($O9="","",N($N9)*N($O9)+N($R9)*N($S9)+N($V9)*N($W9)) -> 6.1911047 | AD9: =IF($O9="","",(N($N9)*N($P9)+N($N9)*(1-N($N9))*N($O9)^2)+(N($R9)*N($T9)+N($R9)*(1-N($R9))*N($S9)^2)+(N($V9)*N($X9)+N($V9)*(1-N($V9))*N($W9)^2)) -> 10.162557 | AE9: =IF($I9="","",$I9*$L9) -> 2.8 | AF9: =IF($I9="","",$I9*$L9*(1+N($R9))) -> 5.6 | AG9: =IF($I9="","",$I9*$L9*(1+N($R9)+N($V9))) -> 8.4 | AH9: {=TRIM(IF($G9<Config!$B$9,"thin sample ("&$G9&" maps) · ","")&IF($I9="","no PickFinder stats · ","")&IFERROR(IF(INDEX(Players!$T$2:$T$19,MATCH($E9,Players!$A$2:$A$19,0))<0.5,"new roster: "&TEXT(INDEX(Players!$T$2:$T$19,MATCH($E9,Players!$A$2:$A$19,0)),"0%")&" of his recent games with these teammates",""),""))} -> new roster: 0% of his recent games with these teammates | AI9: =IF($B9=Board!$B$2,COUNTIFS($B$2:$B$19,Board!$B$2,$Y$2:$Y$19,">"&$Y9)+COUNTIFS($B$1:$B8,Board!$B$2,$Y$1:$Y8,$Y9)+1,"") | AJ9: {=IFERROR(IF(INDEX(Matches!$D$5:$D$6,MATCH($B9,Matches!$A$5:$A$6,0))=3,"K12","K13"),"K13")} -> K13 | AK9: =IF($AJ9="K12",$AA9,$AC9) -> 6.1911047
A10: vx8t2exqb0pxqzs|LOL · C9 vs FUR | B10: LOL · C9 vs FUR | C10: FUR | D10: Tutsz | E10: vx8t2exqb0pxqzs | F10: {=IFERROR(IF($C10=INDEX(Matches!$S$5:$S$6,MATCH($B10,Matches!$A$5:$A$6,0)),"A",IF($C10=INDEX(Matches!$T$5:$T$6,MATCH($B10,Matches!$A$5:$A$6,0)),"B","")),"")} -> B | G10: {=IFERROR(INDEX(Players!$E$2:$E$19,MATCH($E10,Players!$A$2:$A$19,0)),0)} -> 30 | H10: {=IFERROR(INDEX(Players!$F$2:$F$19,MATCH($E10,Players!$A$2:$A$19,0)),"")} -> 0.7 | I10: {=IFERROR(INDEX(Players!$G$2:$G$19,MATCH($E10,Players!$A$2:$A$19,0)),"")} -> 3.6 | J10: =IF(OR($I10="",$H10=""),"",$I10*IF(LEFT($B10,4)="DOTA",Config!$B$5,Config!$B$4)/($H10*IF(LEFT($B10,4)="DOTA",Config!$B$5,Config!$B$4)+1-$H10)) -> 4.3075257 | K10: =IF(OR($I10="",$H10=""),"",$I10/($H10*IF(LEFT($B10,4)="DOTA",Config!$B$5,Config!$B$4)+1-$H10)) -> 1.9491067 | L10: {=IFERROR(INDEX(Matches!$R$5:$R$6,MATCH($B10,Matches!$A$5:$A$6,0)),1)} -> 1 | M10: {=IFERROR(IF(INDEX(Matches!$M$5:$M$6,MATCH($B10,Matches!$A$5:$A$6,0))="","",IF($F10="A",INDEX(Matches!$M$5:$M$6,MATCH($B10,Matches!$A$5:$A$6,0)),1-INDEX(Matches!$M$5:$M$6,MATCH($B10,Matches!$A$5:$A$6,0)))),"")} -> 0.2986 | N10: =1 -> 1 | O10: =IF(OR($M10="",$J10=""),"",$L10*($M10*$J10+(1-$M10)*$K10)) -> 2.6533306 | P10: =IF($O10="","",IF(LEFT($B10,4)="DOTA",Config!$B$7,Config!$B$6)*$O10+$L10^2*$M10*(1-$M10)*($J10-$K10)^2) -> 4.6142536 | Q10: {=IFERROR(IF(INDEX(Matches!$N$5:$N$6,MATCH($B10,Matches!$A$5:$A$6,0))="","",IF($F10="A",INDEX(Matches!$N$5:$N$6,MATCH($B10,Matches!$A$5:$A$6,0)),1-INDEX(Matches!$N$5:$N$6,MATCH($B10,Matches!$A$5:$A$6,0)))),"")} -> 0.2986 | R10: {=IFERROR(N(INDEX(Matches!$P$5:$P$6,MATCH($B10,Matches!$A$5:$A$6,0))),0)} -> 1 | S10: =IF(OR($Q10="",$J10=""),"",$L10*($Q10*$J10+(1-$Q10)*$K10)) -> 2.6533306 | T10: =IF($S10="","",IF(LEFT($B10,4)="DOTA",Config!$B$7,Config!$B$6)*$S10+$L10^2*$Q10*(1-$Q10)*($J10-$K10)^2) -> 4.6142536 | U10: {=IFERROR(IF(INDEX(Matches!$O$5:$O$6,MATCH($B10,Matches!$A$5:$A$6,0))="","",IF($F10="A",INDEX(Matches!$O$5:$O$6,MATCH($B10,Matches!$A$5:$A$6,0)),1-INDEX(Matches!$O$5:$O$6,MATCH($B10,Matches!$A$5:$A$6,0)))),"")} -> 0.2986 | V10: {=IFERROR(N(INDEX(Matches!$Q$5:$Q$6,MATCH($B10,Matches!$A$5:$A$6,0))),0)} -> 1 | W10: =IF(OR($U10="",$J10=""),"",$L10*($U10*$J10+(1-$U10)*$K10)) -> 2.6533306 | X10: =IF($W10="","",IF(LEFT($B10,4)="DOTA",Config!$B$7,Config!$B$6)*$W10+$L10^2*$U10*(1-$U10)*($J10-$K10)^2) -> 4.6142536 | Y10: =IF($O10="","",$O10) -> 2.6533306 | Z10: =IF($P10="","",$P10) -> 4.6142536 | AA10: =IF($O10="","",N($N10)*N($O10)+N($R10)*N($S10)) -> 5.3066612 | AB10: =IF($O10="","",(N($N10)*N($P10)+N($N10)*(1-N($N10))*N($O10)^2)+(N($R10)*N($T10)+N($R10)*(1-N($R10))*N($S10)^2)) -> 9.2285071 | AC10: =IF($O10="","",N($N10)*N($O10)+N($R10)*N($S10)+N($V10)*N($W10)) -> 7.9599918 | AD10: =IF($O10="","",(N($N10)*N($P10)+N($N10)*(1-N($N10))*N($O10)^2)+(N($R10)*N($T10)+N($R10)*(1-N($R10))*N($S10)^2)+(N($V10)*N($X10)+N($V10)*(1-N($V10))*N($W10)^2)) -> 13.842761 | AE10: =IF($I10="","",$I10*$L10) -> 3.6 | AF10: =IF($I10="","",$I10*$L10*(1+N($R10))) -> 7.2 | AG10: =IF($I10="","",$I10*$L10*(1+N($R10)+N($V10))) -> 10.8 | AH10: {=TRIM(IF($G10<Config!$B$9,"thin sample ("&$G10&" maps) · ","")&IF($I10="","no PickFinder stats · ","")&IFERROR(IF(INDEX(Players!$T$2:$T$19,MATCH($E10,Players!$A$2:$A$19,0))<0.5,"new roster: "&TEXT(INDEX(Players!$T$2:$T$19,MATCH($E10,Players!$A$2:$A$19,0)),"0%")&" of his recent games with these teammates",""),""))} -> new roster: 0% of his recent games with these teammates | AI10: =IF($B10=Board!$B$2,COUNTIFS($B$2:$B$19,Board!$B$2,$Y$2:$Y$19,">"&$Y10)+COUNTIFS($B$1:$B9,Board!$B$2,$Y$1:$Y9,$Y10)+1,"") | AJ10: {=IFERROR(IF(INDEX(Matches!$D$5:$D$6,MATCH($B10,Matches!$A$5:$A$6,0))=3,"K12","K13"),"K13")} -> K13 | AK10: =IF($AJ10="K12",$AA10,$AC10) -> 7.9599918
A11: 60n3jocjohvthia|LOL · KC vs MVK | B11: LOL · KC vs MVK | C11: KC | D11: Caliste | E11: 60n3jocjohvthia | F11: {=IFERROR(IF($C11=INDEX(Matches!$S$5:$S$6,MATCH($B11,Matches!$A$5:$A$6,0)),"A",IF($C11=INDEX(Matches!$T$5:$T$6,MATCH($B11,Matches!$A$5:$A$6,0)),"B","")),"")} -> A | G11: {=IFERROR(INDEX(Players!$E$2:$E$19,MATCH($E11,Players!$A$2:$A$19,0)),0)} -> 30 | H11: {=IFERROR(INDEX(Players!$F$2:$F$19,MATCH($E11,Players!$A$2:$A$19,0)),"")} -> 0.7 | I11: {=IFERROR(INDEX(Players!$G$2:$G$19,MATCH($E11,Players!$A$2:$A$19,0)),"")} -> 5 | J11: =IF(OR($I11="",$H11=""),"",$I11*IF(LEFT($B11,4)="DOTA",Config!$B$5,Config!$B$4)/($H11*IF(LEFT($B11,4)="DOTA",Config!$B$5,Config!$B$4)+1-$H11)) -> 5.9826746 | K11: =IF(OR($I11="",$H11=""),"",$I11/($H11*IF(LEFT($B11,4)="DOTA",Config!$B$5,Config!$B$4)+1-$H11)) -> 2.7070926 | L11: {=IFERROR(INDEX(Matches!$R$5:$R$6,MATCH($B11,Matches!$A$5:$A$6,0)),1)} -> 1 | M11: {=IFERROR(IF(INDEX(Matches!$M$5:$M$6,MATCH($B11,Matches!$A$5:$A$6,0))="","",IF($F11="A",INDEX(Matches!$M$5:$M$6,MATCH($B11,Matches!$A$5:$A$6,0)),1-INDEX(Matches!$M$5:$M$6,MATCH($B11,Matches!$A$5:$A$6,0)))),"")} -> 0.6699 | N11: =1 -> 1 | O11: =IF(OR($M11="",$J11=""),"",$L11*($M11*$J11+(1-$M11)*$K11)) -> 4.901405 | P11: =IF($O11="","",IF(LEFT($B11,4)="DOTA",Config!$B$7,Config!$B$6)*$O11+$L11^2*$M11*(1-$M11)*($J11-$K11)^2) -> 8.7444698 | Q11: {=IFERROR(IF(INDEX(Matches!$N$5:$N$6,MATCH($B11,Matches!$A$5:$A$6,0))="","",IF($F11="A",INDEX(Matches!$N$5:$N$6,MATCH($B11,Matches!$A$5:$A$6,0)),1-INDEX(Matches!$N$5:$N$6,MATCH($B11,Matches!$A$5:$A$6,0)))),"")} -> 0.6699 | R11: {=IFERROR(N(INDEX(Matches!$P$5:$P$6,MATCH($B11,Matches!$A$5:$A$6,0))),0)} -> 1 | S11: =IF(OR($Q11="",$J11=""),"",$L11*($Q11*$J11+(1-$Q11)*$K11)) -> 4.901405 | T11: =IF($S11="","",IF(LEFT($B11,4)="DOTA",Config!$B$7,Config!$B$6)*$S11+$L11^2*$Q11*(1-$Q11)*($J11-$K11)^2) -> 8.7444698 | U11: {=IFERROR(IF(INDEX(Matches!$O$5:$O$6,MATCH($B11,Matches!$A$5:$A$6,0))="","",IF($F11="A",INDEX(Matches!$O$5:$O$6,MATCH($B11,Matches!$A$5:$A$6,0)),1-INDEX(Matches!$O$5:$O$6,MATCH($B11,Matches!$A$5:$A$6,0)))),"")} -> 0.6699 | V11: {=IFERROR(N(INDEX(Matches!$Q$5:$Q$6,MATCH($B11,Matches!$A$5:$A$6,0))),0)} -> 1 | W11: =IF(OR($U11="",$J11=""),"",$L11*($U11*$J11+(1-$U11)*$K11)) -> 4.901405 | X11: =IF($W11="","",IF(LEFT($B11,4)="DOTA",Config!$B$7,Config!$B$6)*$W11+$L11^2*$U11*(1-$U11)*($J11-$K11)^2) -> 8.7444698 | Y11: =IF($O11="","",$O11) -> 4.901405 | Z11: =IF($P11="","",$P11) -> 8.7444698 | AA11: =IF($O11="","",N($N11)*N($O11)+N($R11)*N($S11)) -> 9.80281 | AB11: =IF($O11="","",(N($N11)*N($P11)+N($N11)*(1-N($N11))*N($O11)^2)+(N($R11)*N($T11)+N($R11)*(1-N($R11))*N($S11)^2)) -> 17.48894 | AC11: =IF($O11="","",N($N11)*N($O11)+N($R11)*N($S11)+N($V11)*N($W11)) -> 14.704215 | AD11: =IF($O11="","",(N($N11)*N($P11)+N($N11)*(1-N($N11))*N($O11)^2)+(N($R11)*N($T11)+N($R11)*(1-N($R11))*N($S11)^2)+(N($V11)*N($X11)+N($V11)*(1-N($V11))*N($W11)^2)) -> 26.233409 | AE11: =IF($I11="","",$I11*$L11) -> 5 | AF11: =IF($I11="","",$I11*$L11*(1+N($R11))) -> 10 | AG11: =IF($I11="","",$I11*$L11*(1+N($R11)+N($V11))) -> 15 | AH11: {=TRIM(IF($G11<Config!$B$9,"thin sample ("&$G11&" maps) · ","")&IF($I11="","no PickFinder stats · ","")&IFERROR(IF(INDEX(Players!$T$2:$T$19,MATCH($E11,Players!$A$2:$A$19,0))<0.5,"new roster: "&TEXT(INDEX(Players!$T$2:$T$19,MATCH($E11,Players!$A$2:$A$19,0)),"0%")&" of his recent games with these teammates",""),""))} -> new roster: 0% of his recent games with these teammates | AI11: =IF($B11=Board!$B$2,COUNTIFS($B$2:$B$19,Board!$B$2,$Y$2:$Y$19,">"&$Y11)+COUNTIFS($B$1:$B10,Board!$B$2,$Y$1:$Y10,$Y11)+1,"") -> 1 | AJ11: {=IFERROR(IF(INDEX(Matches!$D$5:$D$6,MATCH($B11,Matches!$A$5:$A$6,0))=3,"K12","K13"),"K13")} -> K13 | AK11: =IF($AJ11="K12",$AA11,$AC11) -> 14.704215
A12: 5h8ktthuwylbro2|LOL · KC vs MVK | B12: LOL · KC vs MVK | C12: KC | D12: Canna | E12: 5h8ktthuwylbro2 | F12: {=IFERROR(IF($C12=INDEX(Matches!$S$5:$S$6,MATCH($B12,Matches!$A$5:$A$6,0)),"A",IF($C12=INDEX(Matches!$T$5:$T$6,MATCH($B12,Matches!$A$5:$A$6,0)),"B","")),"")} -> A | G12: {=IFERROR(INDEX(Players!$E$2:$E$19,MATCH($E12,Players!$A$2:$A$19,0)),0)} -> 30 | H12: {=IFERROR(INDEX(Players!$F$2:$F$19,MATCH($E12,Players!$A$2:$A$19,0)),"")} -> 0.63 | I12: {=IFERROR(INDEX(Players!$G$2:$G$19,MATCH($E12,Players!$A$2:$A$19,0)),"")} -> 3.4 | J12: =IF(OR($I12="",$H12=""),"",$I12*IF(LEFT($B12,4)="DOTA",Config!$B$5,Config!$B$4)/($H12*IF(LEFT($B12,4)="DOTA",Config!$B$5,Config!$B$4)+1-$H12)) -> 4.2637462 | K12: =IF(OR($I12="",$H12=""),"",$I12/($H12*IF(LEFT($B12,4)="DOTA",Config!$B$5,Config!$B$4)+1-$H12)) -> 1.9292969 | L12: {=IFERROR(INDEX(Matches!$R$5:$R$6,MATCH($B12,Matches!$A$5:$A$6,0)),1)} -> 1 | M12: {=IFERROR(IF(INDEX(Matches!$M$5:$M$6,MATCH($B12,Matches!$A$5:$A$6,0))="","",IF($F12="A",INDEX(Matches!$M$5:$M$6,MATCH($B12,Matches!$A$5:$A$6,0)),1-INDEX(Matches!$M$5:$M$6,MATCH($B12,Matches!$A$5:$A$6,0)))),"")} -> 0.6699 | N12: =1 -> 1 | O12: =IF(OR($M12="",$J12=""),"",$L12*($M12*$J12+(1-$M12)*$K12)) -> 3.4931445 | P12: =IF($O12="","",IF(LEFT($B12,4)="DOTA",Config!$B$7,Config!$B$6)*$O12+$L12^2*$M12*(1-$M12)*($J12-$K12)^2) -> 5.7461915 | Q12: {=IFERROR(IF(INDEX(Matches!$N$5:$N$6,MATCH($B12,Matches!$A$5:$A$6,0))="","",IF($F12="A",INDEX(Matches!$N$5:$N$6,MATCH($B12,Matches!$A$5:$A$6,0)),1-INDEX(Matches!$N$5:$N$6,MATCH($B12,Matches!$A$5:$A$6,0)))),"")} -> 0.6699 | R12: {=IFERROR(N(INDEX(Matches!$P$5:$P$6,MATCH($B12,Matches!$A$5:$A$6,0))),0)} -> 1 | S12: =IF(OR($Q12="",$J12=""),"",$L12*($Q12*$J12+(1-$Q12)*$K12)) -> 3.4931445 | T12: =IF($S12="","",IF(LEFT($B12,4)="DOTA",Config!$B$7,Config!$B$6)*$S12+$L12^2*$Q12*(1-$Q12)*($J12-$K12)^2) -> 5.7461915 | U12: {=IFERROR(IF(INDEX(Matches!$O$5:$O$6,MATCH($B12,Matches!$A$5:$A$6,0))="","",IF($F12="A",INDEX(Matches!$O$5:$O$6,MATCH($B12,Matches!$A$5:$A$6,0)),1-INDEX(Matches!$O$5:$O$6,MATCH($B12,Matches!$A$5:$A$6,0)))),"")} -> 0.6699 | V12: {=IFERROR(N(INDEX(Matches!$Q$5:$Q$6,MATCH($B12,Matches!$A$5:$A$6,0))),0)} -> 1 | W12: =IF(OR($U12="",$J12=""),"",$L12*($U12*$J12+(1-$U12)*$K12)) -> 3.4931445 | X12: =IF($W12="","",IF(LEFT($B12,4)="DOTA",Config!$B$7,Config!$B$6)*$W12+$L12^2*$U12*(1-$U12)*($J12-$K12)^2) -> 5.7461915 | Y12: =IF($O12="","",$O12) -> 3.4931445 | Z12: =IF($P12="","",$P12) -> 5.7461915 | AA12: =IF($O12="","",N($N12)*N($O12)+N($R12)*N($S12)) -> 6.9862891 | AB12: =IF($O12="","",(N($N12)*N($P12)+N($N12)*(1-N($N12))*N($O12)^2)+(N($R12)*N($T12)+N($R12)*(1-N($R12))*N($S12)^2)) -> 11.492383 | AC12: =IF($O12="","",N($N12)*N($O12)+N($R12)*N($S12)+N($V12)*N($W12)) -> 10.479434 | AD12: =IF($O12="","",(N($N12)*N($P12)+N($N12)*(1-N($N12))*N($O12)^2)+(N($R12)*N($T12)+N($R12)*(1-N($R12))*N($S12)^2)+(N($V12)*N($X12)+N($V12)*(1-N($V12))*N($W12)^2)) -> 17.238575 | AE12: =IF($I12="","",$I12*$L12) -> 3.4 | AF12: =IF($I12="","",$I12*$L12*(1+N($R12))) -> 6.8 | AG12: =IF($I12="","",$I12*$L12*(1+N($R12)+N($V12))) -> 10.2 | AH12: {=TRIM(IF($G12<Config!$B$9,"thin sample ("&$G12&" maps) · ","")&IF($I12="","no PickFinder stats · ","")&IFERROR(IF(INDEX(Players!$T$2:$T$19,MATCH($E12,Players!$A$2:$A$19,0))<0.5,"new roster: "&TEXT(INDEX(Players!$T$2:$T$19,MATCH($E12,Players!$A$2:$A$19,0)),"0%")&" of his recent games with these teammates",""),""))} -> new roster: 0% of his recent games with these teammates | AI12: =IF($B12=Board!$B$2,COUNTIFS($B$2:$B$19,Board!$B$2,$Y$2:$Y$19,">"&$Y12)+COUNTIFS($B$1:$B11,Board!$B$2,$Y$1:$Y11,$Y12)+1,"") -> 4 | AJ12: {=IFERROR(IF(INDEX(Matches!$D$5:$D$6,MATCH($B12,Matches!$A$5:$A$6,0))=3,"K12","K13"),"K13")} -> K13 | AK12: =IF($AJ12="K12",$AA12,$AC12) -> 10.479434
A13: cp4ibkwui10xeyj|LOL · KC vs MVK | B13: LOL · KC vs MVK | C13: KC | D13: Kyeahoo | E13: cp4ibkwui10xeyj | F13: {=IFERROR(IF($C13=INDEX(Matches!$S$5:$S$6,MATCH($B13,Matches!$A$5:$A$6,0)),"A",IF($C13=INDEX(Matches!$T$5:$T$6,MATCH($B13,Matches!$A$5:$A$6,0)),"B","")),"")} -> A | G13: {=IFERROR(INDEX(Players!$E$2:$E$19,MATCH($E13,Players!$A$2:$A$19,0)),0)} -> 30 | H13: {=IFERROR(INDEX(Players!$F$2:$F$19,MATCH($E13,Players!$A$2:$A$19,0)),"")} -> 0.63 | I13: {=IFERROR(INDEX(Players!$G$2:$G$19,MATCH($E13,Players!$A$2:$A$19,0)),"")} -> 2.3 | J13: =IF(OR($I13="",$H13=""),"",$I13*IF(LEFT($B13,4)="DOTA",Config!$B$5,Config!$B$4)/($H13*IF(LEFT($B13,4)="DOTA",Config!$B$5,Config!$B$4)+1-$H13)) -> 2.8842989 | K13: =IF(OR($I13="",$H13=""),"",$I13/($H13*IF(LEFT($B13,4)="DOTA",Config!$B$5,Config!$B$4)+1-$H13)) -> 1.3051126 | L13: {=IFERROR(INDEX(Matches!$R$5:$R$6,MATCH($B13,Matches!$A$5:$A$6,0)),1)} -> 1 | M13: {=IFERROR(IF(INDEX(Matches!$M$5:$M$6,MATCH($B13,Matches!$A$5:$A$6,0))="","",IF($F13="A",INDEX(Matches!$M$5:$M$6,MATCH($B13,Matches!$A$5:$A$6,0)),1-INDEX(Matches!$M$5:$M$6,MATCH($B13,Matches!$A$5:$A$6,0)))),"")} -> 0.6699 | N13: =1 -> 1 | O13: =IF(OR($M13="",$J13=""),"",$L13*($M13*$J13+(1-$M13)*$K13)) -> 2.3630095 | P13: =IF($O13="","",IF(LEFT($B13,4)="DOTA",Config!$B$7,Config!$B$6)*$O13+$L13^2*$M13*(1-$M13)*($J13-$K13)^2) -> 3.6233828 | Q13: {=IFERROR(IF(INDEX(Matches!$N$5:$N$6,MATCH($B13,Matches!$A$5:$A$6,0))="","",IF($F13="A",INDEX(Matches!$N$5:$N$6,MATCH($B13,Matches!$A$5:$A$6,0)),1-INDEX(Matches!$N$5:$N$6,MATCH($B13,Matches!$A$5:$A$6,0)))),"")} -> 0.6699 | R13: {=IFERROR(N(INDEX(Matches!$P$5:$P$6,MATCH($B13,Matches!$A$5:$A$6,0))),0)} -> 1 | S13: =IF(OR($Q13="",$J13=""),"",$L13*($Q13*$J13+(1-$Q13)*$K13)) -> 2.3630095 | T13: =IF($S13="","",IF(LEFT($B13,4)="DOTA",Config!$B$7,Config!$B$6)*$S13+$L13^2*$Q13*(1-$Q13)*($J13-$K13)^2) -> 3.6233828 | U13: {=IFERROR(IF(INDEX(Matches!$O$5:$O$6,MATCH($B13,Matches!$A$5:$A$6,0))="","",IF($F13="A",INDEX(Matches!$O$5:$O$6,MATCH($B13,Matches!$A$5:$A$6,0)),1-INDEX(Matches!$O$5:$O$6,MATCH($B13,Matches!$A$5:$A$6,0)))),"")} -> 0.6699 | V13: {=IFERROR(N(INDEX(Matches!$Q$5:$Q$6,MATCH($B13,Matches!$A$5:$A$6,0))),0)} -> 1 | W13: =IF(OR($U13="",$J13=""),"",$L13*($U13*$J13+(1-$U13)*$K13)) -> 2.3630095 | X13: =IF($W13="","",IF(LEFT($B13,4)="DOTA",Config!$B$7,Config!$B$6)*$W13+$L13^2*$U13*(1-$U13)*($J13-$K13)^2) -> 3.6233828 | Y13: =IF($O13="","",$O13) -> 2.3630095 | Z13: =IF($P13="","",$P13) -> 3.6233828 | AA13: =IF($O13="","",N($N13)*N($O13)+N($R13)*N($S13)) -> 4.7260191 | AB13: =IF($O13="","",(N($N13)*N($P13)+N($N13)*(1-N($N13))*N($O13)^2)+(N($R13)*N($T13)+N($R13)*(1-N($R13))*N($S13)^2)) -> 7.2467657 | AC13: =IF($O13="","",N($N13)*N($O13)+N($R13)*N($S13)+N($V13)*N($W13)) -> 7.0890286 | AD13: =IF($O13="","",(N($N13)*N($P13)+N($N13)*(1-N($N13))*N($O13)^2)+(N($R13)*N($T13)+N($R13)*(1-N($R13))*N($S13)^2)+(N($V13)*N($X13)+N($V13)*(1-N($V13))*N($W13)^2)) -> 10.870148 | AE13: =IF($I13="","",$I13*$L13) -> 2.3 | AF13: =IF($I13="","",$I13*$L13*(1+N($R13))) -> 4.6 | AG13: =IF($I13="","",$I13*$L13*(1+N($R13)+N($V13))) -> 6.9 | AH13: {=TRIM(IF($G13<Config!$B$9,"thin sample ("&$G13&" maps) · ","")&IF($I13="","no PickFinder stats · ","")&IFERROR(IF(INDEX(Players!$T$2:$T$19,MATCH($E13,Players!$A$2:$A$19,0))<0.5,"new roster: "&TEXT(INDEX(Players!$T$2:$T$19,MATCH($E13,Players!$A$2:$A$19,0)),"0%")&" of his recent games with these teammates",""),""))} -> new roster: 0% of his recent games with these teammates | AI13: =IF($B13=Board!$B$2,COUNTIFS($B$2:$B$19,Board!$B$2,$Y$2:$Y$19,">"&$Y13)+COUNTIFS($B$1:$B12,Board!$B$2,$Y$1:$Y12,$Y13)+1,"") -> 7 | AJ13: {=IFERROR(IF(INDEX(Matches!$D$5:$D$6,MATCH($B13,Matches!$A$5:$A$6,0))=3,"K12","K13"),"K13")} -> K13 | AK13: =IF($AJ13="K12",$AA13,$AC13) -> 7.0890286
... A19: 16tiv29rhyefoti|LOL · KC vs MVK | B19: LOL · KC vs MVK | C19: MVK | D19: Siuloong | E19: 16tiv29rhyefoti | F19: {=IFERROR(IF($C19=INDEX(Matches!$S$5:$S$6,MATCH($B19,Matches!$A$5:$A$6,0)),"A",IF($C19=INDEX(Matches!$T$5:$T$6,MATCH($B19,Matches!$A$5:$A$6,0)),"B","")),"")} -> B | G19: {=IFERROR(INDEX(Players!$E$2:$E$19,MATCH($E19,Players!$A$2:$A$19,0)),0)} -> 30 | H19: {=IFERROR(INDEX(Players!$F$2:$F$19,MATCH($E19,Players!$A$2:$A$19,0)),"")} -> 0.43 | I19: {=IFERROR(INDEX(Players!$G$2:$G$19,MATCH($E19,Players!$A$2:$A$19,0)),"")} -> 0.7 | J19: =IF(OR($I19="",$H19=""),"",$I19*IF(LEFT($B19,4)="DOTA",Config!$B$5,Config!$B$4)/($H19*IF(LEFT($B19,4)="DOTA",Config!$B$5,Config!$B$4)+1-$H19)) -> 1.0175623 | K19: =IF(OR($I19="",$H19=""),"",$I19/($H19*IF(LEFT($B19,4)="DOTA",Config!$B$5,Config!$B$4)+1-$H19)) -> 0.46043544 | L19: {=IFERROR(INDEX(Matches!$R$5:$R$6,MATCH($B19,Matches!$A$5:$A$6,0)),1)} -> 1 | M19: {=IFERROR(IF(INDEX(Matches!$M$5:$M$6,MATCH($B19,Matches!$A$5:$A$6,0))="","",IF($F19="A",INDEX(Matches!$M$5:$M$6,MATCH($B19,Matches!$A$5:$A$6,0)),1-INDEX(Matches!$M$5:$M$6,MATCH($B19,Matches!$A$5:$A$6,0)))),"")} -> 0.3301 | N19: =1 -> 1 | O19: =IF(OR($M19="",$J19=""),"",$L19*($M19*$J19+(1-$M19)*$K19)) -> 0.64434302 | P19: =IF($O19="","",IF(LEFT($B19,4)="DOTA",Config!$B$7,Config!$B$6)*$O19+$L19^2*$M19*(1-$M19)*($J19-$K19)^2) -> 0.90628379 | Q19: {=IFERROR(IF(INDEX(Matches!$N$5:$N$6,MATCH($B19,Matches!$A$5:$A$6,0))="","",IF($F19="A",INDEX(Matches!$N$5:$N$6,MATCH($B19,Matches!$A$5:$A$6,0)),1-INDEX(Matches!$N$5:$N$6,MATCH($B19,Matches!$A$5:$A$6,0)))),"")} -> 0.3301 | R19: {=IFERROR(N(INDEX(Matches!$P$5:$P$6,MATCH($B19,Matches!$A$5:$A$6,0))),0)} -> 1 | S19: =IF(OR($Q19="",$J19=""),"",$L19*($Q19*$J19+(1-$Q19)*$K19)) -> 0.64434302 | T19: =IF($S19="","",IF(LEFT($B19,4)="DOTA",Config!$B$7,Config!$B$6)*$S19+$L19^2*$Q19*(1-$Q19)*($J19-$K19)^2) -> 0.90628379 | U19: {=IFERROR(IF(INDEX(Matches!$O$5:$O$6,MATCH($B19,Matches!$A$5:$A$6,0))="","",IF($F19="A",INDEX(Matches!$O$5:$O$6,MATCH($B19,Matches!$A$5:$A$6,0)),1-INDEX(Matches!$O$5:$O$6,MATCH($B19,Matches!$A$5:$A$6,0)))),"")} -> 0.3301 | V19: {=IFERROR(N(INDEX(Matches!$Q$5:$Q$6,MATCH($B19,Matches!$A$5:$A$6,0))),0)} -> 1 | W19: =IF(OR($U19="",$J19=""),"",$L19*($U19*$J19+(1-$U19)*$K19)) -> 0.64434302 | X19: =IF($W19="","",IF(LEFT($B19,4)="DOTA",Config!$B$7,Config!$B$6)*$W19+$L19^2*$U19*(1-$U19)*($J19-$K19)^2) -> 0.90628379 | Y19: =IF($O19="","",$O19) -> 0.64434302 | Z19: =IF($P19="","",$P19) -> 0.90628379 | AA19: =IF($O19="","",N($N19)*N($O19)+N($R19)*N($S19)) -> 1.288686 | AB19: =IF($O19="","",(N($N19)*N($P19)+N($N19)*(1-N($N19))*N($O19)^2)+(N($R19)*N($T19)+N($R19)*(1-N($R19))*N($S19)^2)) -> 1.8125676 | AC19: =IF($O19="","",N($N19)*N($O19)+N($R19)*N($S19)+N($V19)*N($W19)) -> 1.9330291 | AD19: =IF($O19="","",(N($N19)*N($P19)+N($N19)*(1-N($N19))*N($O19)^2)+(N($R19)*N($T19)+N($R19)*(1-N($R19))*N($S19)^2)+(N($V19)*N($X19)+N($V19)*(1-N($V19))*N($W19)^2)) -> 2.7188514 | AE19: =IF($I19="","",$I19*$L19) -> 0.7 | AF19: =IF($I19="","",$I19*$L19*(1+N($R19))) -> 1.4 | AG19: =IF($I19="","",$I19*$L19*(1+N($R19)+N($V19))) -> 2.1 | AH19: {=TRIM(IF($G19<Config!$B$9,"thin sample ("&$G19&" maps) · ","")&IF($I19="","no PickFinder stats · ","")&IFERROR(IF(INDEX(Players!$T$2:$T$19,MATCH($E19,Players!$A$2:$A$19,0))<0.5,"new roster: "&TEXT(INDEX(Players!$T$2:$T$19,MATCH($E19,Players!$A$2:$A$19,0)),"0%")&" of his recent games with these teammates",""),""))} -> new roster: 0% of his recent games with these teammates | AI19: =IF($B19=Board!$B$2,COUNTIFS($B$2:$B$19,Board!$B$2,$Y$2:$Y$19,">"&$Y19)+COUNTIFS($B$1:$B18,Board!$B$2,$Y$1:$Y18,$Y19)+1,"") -> 9 | AJ19: {=IFERROR(IF(INDEX(Matches!$D$5:$D$6,MATCH($B19,Matches!$A$5:$A$6,0))=3,"K12","K13"),"K13")} -> K13 | AK19: =IF($AJ19="K12",$AA19,$AC19) -> 1.9330291

Sheet Config
A1: Config — edit the shaded cells only
A3: Setting | B3: Value | C3: Notes
A4: WL_RATIO_LOL | B4: 2.21 | C4: LoL: kills in map WINS ÷ kills in map LOSSES. Measured on 25 LoL players 2026-08-19: median 2.21, range 1.20–4.16, 25 of 25 above 1 (sign test p = 3×10⁻⁸). One value per title: per-player ratios from ~10 losses are too noisy to use.
A5: WL_RATIO_DOTA | B5: 1.77 | C5: Dota: same quantity, measured 2026-10-03 on the 28 players on that day's board, last 40 Captains-Mode lobby games each (OpenDota): median 1.77, IQR 1.45–2.04, 27 of 28 above 1 (p = 1×10⁻⁷), leave-one-team-out medians 1.65–1.81. Criterion was written before the pull.
A6: KILLS_DISPERSION_LOL | B6: 1.3 | C6: Variance ÷ mean of kills WITHIN a known map result (1 = Poisson), LoL. The win/loss mixture variance is added on top. Set by judgment, not measured.
A7: KILLS_DISPERSION_DOTA | B7: 1.84 | C7: Same for Dota, measured: pooled within-result variance ÷ mean over the same 28 players × 40 games. Dota kill counts scatter more than LoL's.
A8: EDGE_MIN | B8: 0.04 | C8: Model side shows OVER/UNDER only past 50% + this. PAPER: no forward record.
A9: THIN_SAMPLE_MAPS | B9: 15 | C9: Flag players whose PickFinder sample is below this many maps.
A11: SLATE_DATE | B11: 2026-10-16
A12: BUILT_UTC | B12: 2026-10-16 02:36

Sheet Players
A1: PID | B1: Player | C1: Team | D1: PF matchup | E1: Maps | F1: Map win rate | G1: K | H1: D | I1: A | J1: K/D | K1: Gamelog maps | L1: Gamelog kills/map | M1: Identity | N1: PickFinder page | O1: Title | P1: Role | Q1: OpenDota W | R1: OpenDota L | S1: Own W/L ratio | T1: With current teammates
A2: 8c0cdne5gb1xf15 | B2: Blaber | C2: C9 | D2: C9 vs FUR | E2: 30 | F2: 0.6 | G2: 3 | H2: 2.4 | I2: 8.1 | J2: 1.2 | K2: 45 | L2: 2.53 | M2: OK | N2: https://www.pickfinder.app/players/lol/8c0cdne5gb1xf15 | O2: LOL | P2: jun
A3: dzriszc5pnz15ca | B3: Loki | C3: C9 | D3: C9 vs FUR | E3: 30 | F3: 0.57 | G3: 4.6 | H3: 2.2 | I3: 5.3 | J3: 2.1 | K3: 45 | L3: 3.49 | M3: OK | N3: https://www.pickfinder.app/players/lol/dzriszc5pnz15ca | O3: LOL | P3: mid
A4: m04u1esa2a4edat | B4: Tactical | C4: C9 | D4: C9 vs FUR | E4: 30 | F4: 0.57 | G4: 3.4 | H4: 2.1 | I4: 5.6 | J4: 1.6 | K4: 45 | L4: 3.53 | M4: OK | N4: https://www.pickfinder.app/players/lol/m04u1esa2a4edat | O4: LOL | P4: adc
A5: j7y9h08j24nae95 | B5: Thanatos | C5: C9 | D5: C9 vs FUR | E5: 30 | F5: 0.6 | G5: 3.4 | H5: 2.4 | I5: 5.2 | J5: 1.4 | K5: 45 | L5: 2.87 | M5: OK | N5: https://www.pickfinder.app/players/lol/j7y9h08j24nae95 | O5: LOL | P5: top
A6: e7oayaesoqb0bhf | B6: Ayu | C6: FUR | D6: FUR vs C9 | E6: 30 | F6: 0.6 | G6: 4.5 | H6: 2.3 | I6: 5.5 | J6: 2 | K6: 45 | L6: 3.44 | M6: OK | N6: https://www.pickfinder.app/players/lol/e7oayaesoqb0bhf | O6: LOL | P6: adc
A7: yfeamupxfsjv1hs | B7: GUIGO | C7: FUR | D7: FUR vs C9 | E7: 30 | F7: 0.7 | G7: 3.4 | H7: 2.5 | I7: 5 | J7: 1.4 | K7: 45 | L7: 2.4 | M7: OK | N7: https://www.pickfinder.app/players/lol/yfeamupxfsjv1hs | O7: LOL | P7: top
A8: 0puc7tc09n5mldx | B8: Jojo | C8: FUR | D8: FUR vs C9 | E8: 30 | F8: 0.6 | G8: 0.7 | H8: 1.7 | I8: 10.6 | J8: 0.4 | K8: 45 | L8: 0.58 | M8: OK | N8: https://www.pickfinder.app/players/lol/0puc7tc09n5mldx | O8: LOL | P8: sup
A9: bfa7dj819gxo5o8 | B9: Tatu | C9: FUR | D9: FUR vs C9 | E9: 30 | F9: 0.7 | G9: 2.8 | H9: 2.2 | I9: 7.8 | J9: 1.3 | K9: 45 | L9: 2.69 | M9: OK | N9: https://www.pickfinder.app/players/lol/bfa7dj819gxo5o8 | O9: LOL | P9: jun
A10: vx8t2exqb0pxqzs | B10: Tutsz | C10: FUR | D10: FUR vs C9 | E10: 30 | F10: 0.7 | G10: 3.6 | H10: 1.7 | I10: 6.2 | J10: 2.1 | K10: 45 | L10: 2.51 | M10: OK | N10: https://www.pickfinder.app/players/lol/vx8t2exqb0pxqzs | O10: LOL | P10: mid
A11: 60n3jocjohvthia | B11: Caliste | C11: KC | D11: KC vs MVK | E11: 30 | F11: 0.7 | G11: 5 | H11: 1.8 | I11: 5.6 | J11: 2.8 | K11: 45 | L11: 3.98 | M11: OK | N11: https://www.pickfinder.app/players/lol/60n3jocjohvthia | O11: LOL | P11: adc
A12: 5h8ktthuwylbro2 | B12: Canna | C12: KC | D12: KC vs MVK | E12: 30 | F12: 0.63 | G12: 3.4 | H12: 2.7 | I12: 4.9 | J12: 1.3 | K12: 45 | L12: 2.91 | M12: OK | N12: https://www.pickfinder.app/players/lol/5h8ktthuwylbro2 | O12: LOL | P12: top
A13: cp4ibkwui10xeyj | B13: Kyeahoo | C13: KC | D13: KC vs MVK | E13: 30 | F13: 0.63 | G13: 2.3 | H13: 2.3 | I13: 7.1 | J13: 1 | K13: 45 | L13: 2.2 | M13: OK | N13: https://www.pickfinder.app/players/lol/cp4ibkwui10xeyj | O13: LOL | P13: mid
... A19: 16tiv29rhyefoti | B19: Siuloong | C19: MVK | D19: MVK vs KC | E19: 30 | F19: 0.43 | G19: 0.7 | H19: 3.4 | I19: 9 | J19: 0.2 | K19: 45 | L19: 0.69 | M19: OK | N19: https://www.pickfinder.app/players/lol/16tiv29rhyefoti | O19: LOL | P19: sup

Sheet Gamelog
A1: Player | B1: Date | C1: Opponent | D1: M 1K | E1: M 2K | F1: M 3K | G1: M 1-2K | H1: M 1-3K
A2: Blaber | B2: 10/15 | C2: KC | D2: 4 | E2: 1 | F2: 7 | G2: 5 | H2: 12
A3: Blaber | B3: 10/03 | C3: LY | D3: 7 | E3: 0 | F3: 5 | G3: 7 | H3: 12
A4: Blaber | B4: 09/27 | C4: TL | D4: 1 | E4: 1 | F4: 5 | G4: 2 | H4: 7
A5: Blaber | B5: 09/19 | C5: LY | D5: 0 | E5: 3 | F5: 1 | G5: 3 | H5: 4
A6: Blaber | B6: 09/12 | C6: SR | D6: 2 | E6: 3 | F6: 4 | G6: 5 | H6: 9
A7: Blaber | B7: 09/05 | C7: SEN | D7: 6 | E7: 4 | F7: 0 | G7: 10 | H7: 10
A8: Blaber | B8: 08/30 | C8: SR | D8: 4 | E8: 5 | F8: 2 | G8: 9 | H8: 11
A9: Blaber | B9: 08/29 | C9: LY | D9: 1 | E9: 1 | F9: 0 | G9: 2 | H9: 2
A10: Blaber | B10: 08/16 | C10: FLY | D10: 3 | E10: 0 | F10: 0 | G10: 3 | H10: 3
A11: Blaber | B11: 08/08 | C11: DSG | D11: 1 | E11: 1 | F11: 2 | G11: 2 | H11: 4
A12: Blaber | B12: 08/01 | C12: DIG | D12: 3 | E12: 7 | F12: 7 | G12: 10 | H12: 17
A13: Blaber | B13: 07/26 | C13: TL | D13: 1 | E13: 1 | F13: 0 | G13: 2 | H13: 2
... A271: Siuloong | B271: 05/09 | C271: TSW | D271: 0 | E271: 0 | F271: 0 | G271: 0 | H271: 0

Sheet Book_Props
A1: Match | B1: TP player name | C1: Map 1 median | D1: Map 2 median | E1: Map 3 median | F1: Rungs (M1) | G1: Matched PID
A2: LOL · KC vs MVK | B2: busio | F2: 1
A3: LOL · KC vs MVK | B3: caliste | C3: 4.75 | F3: 3 | G3: 60n3jocjohvthia
A4: LOL · KC vs MVK | B4: canna | C4: 3.12 | F4: 3 | G4: 5h8ktthuwylbro2
A5: LOL · KC vs MVK | B5: chika | C5: 2.45 | F5: 3 | G5: r22pe1iajr6mhdp
A6: LOL · KC vs MVK | B6: gury | C6: 1.93 | F6: 3 | G6: jr80asvwieexg6m
A7: LOL · KC vs MVK | B7: harky | C7: 1.96 | F7: 3 | G7: tuhm132yvf0f8gg
A8: LOL · KC vs MVK | B8: kratos | C8: 1.78 | F8: 3 | G8: zzsjtlvrbi44rqp
A9: LOL · KC vs MVK | B9: kyeahoo | C9: 3.25 | F9: 3 | G9: cp4ibkwui10xeyj
A10: LOL · KC vs MVK | B10: siuloong | F10: 1 | G10: 16tiv29rhyefoti
A11: LOL · KC vs MVK | B11: yike | C11: 3.88 | F11: 3 | G11: rfespsq7mcurckt
A12: LOL · C9 vs FUR | B12: ayu | C12: 2.42 | F12: 3 | G12: e7oayaesoqb0bhf
A13: LOL · C9 vs FUR | B13: blaber | C13: 3.31 | F13: 3 | G13: 8c0cdne5gb1xf15
A14: LOL · C9 vs FUR | B14: guigo | C14: 1.7 | F14: 3 | G14: yfeamupxfsjv1hs
A15: LOL · C9 vs FUR | B15: jojo | F15: 1 | G15: 0puc7tc09n5mldx
A16: LOL · C9 vs FUR | B16: loki | C16: 4.5 | F16: 3 | G16: dzriszc5pnz15ca
A17: LOL · C9 vs FUR | B17: tactical | C17: 4.09 | F17: 3 | G17: m04u1esa2a4edat
A18: LOL · C9 vs FUR | B18: tatu | C18: 2.1 | F18: 3 | G18: bfa7dj819gxo5o8
A19: LOL · C9 vs FUR | B19: thanatos | C19: 3.12 | F19: 3 | G19: j7y9h08j24nae95
A20: LOL · C9 vs FUR | B20: tutsz | C20: 1.88 | F20: 3 | G20: vx8t2exqb0pxqzs
A21: LOL · C9 vs FUR | B21: vulcan | F21: 1

Sheet Log
A1: Logged (UTC) | B1: Slate | C1: Match | D1: Player | E1: Market | F1: Line | G1: Proj | H1: P(over) | I1: Naive proj | J1: P(over) naive | K1: P(win M1) | L1: Map win q | M1: TP book median | N1: PF L10 | O1: Actual | P1: Result
A2: 2026-10-16 02:36 | B2: 2026-10-16 | C2: LOL · C9 vs FUR | D2: Blaber | E2: Maps 1-3 Kills | F2: 10.5 | G2: 9.64 | H2: 0.413 | I2: 9 | J2: 0.3458 | K2: 0.7014 | L2: 0.6 | N2: 0.4 | P2: =IF(O2="","",IF(O2>F2,"OVER",IF(O2<F2,"UNDER","PUSH")))
A3: 2026-10-16 02:36 | B3: 2026-10-16 | C3: LOL · C9 vs FUR | D3: Loki | E3: Maps 1-3 Kills | F3: 14.5 | G3: 15.1 | H3: 0.5463 | I3: 13.8 | J3: 0.4434 | K3: 0.7014 | L3: 0.57 | N3: 0.6 | P3: =IF(O3="","",IF(O3>F3,"OVER",IF(O3<F3,"UNDER","PUSH")))
A4: 2026-10-16 02:36 | B4: 2026-10-16 | C4: LOL · C9 vs FUR | D4: Tactical | E4: Maps 1-3 Kills | F4: 13.5 | G4: 11.16 | H4: 0.2918 | I4: 10.2 | J4: 0.2094 | K4: 0.7014 | L4: 0.57 | N4: 0.4 | P4: =IF(O4="","",IF(O4>F4,"OVER",IF(O4<F4,"UNDER","PUSH")))
A5: 2026-10-16 02:36 | B5: 2026-10-16 | C5: LOL · C9 vs FUR | D5: Thanatos | E5: Maps 1-3 Kills | F5: 9.5 | G5: 10.93 | H5: 0.6323 | I5: 10.2 | J5: 0.5682 | K5: 0.7014 | L5: 0.6 | N5: 0.5 | P5: =IF(O5="","",IF(O5>F5,"OVER",IF(O5<F5,"UNDER","PUSH")))
A6: 2026-10-16 02:36 | B6: 2026-10-16 | C6: LOL · C9 vs FUR | D6: Ayu | E6: Maps 1-3 Kills | F6: 9.5 | G6: 10.65 | H6: 0.601 | I6: 13.5 | J6: 0.786 | K6: 0.2986 | L6: 0.6 | N6: 0.8 | P6: =IF(O6="","",IF(O6>F6,"OVER",IF(O6<F6,"UNDER","PUSH")))
A7: 2026-10-16 02:36 | B7: 2026-10-16 | C7: LOL · C9 vs FUR | D7: GUIGO | E7: Maps 1-3 Kills | F7: 6 | G7: 7.52 | H7: 0.6116 | I7: 10.2 | J7: 0.8119 | K7: 0.2986 | L7: 0.7 | N7: 0.7 | P7: =IF(O7="","",IF(O7>F7,"OVER",IF(O7<F7,"UNDER","PUSH")))
A8: 2026-10-16 02:36 | B8: 2026-10-16 | C8: LOL · C9 vs FUR | D8: Jojo | E8: Maps 1-3 Kills | F8: 1.5 | G8: 1.66 | H8: 0.541 | I8: 2.1 | J8: 0.6372 | K8: 0.2986 | L8: 0.6 | N8: 0.6 | P8: =IF(O8="","",IF(O8>F8,"OVER",IF(O8<F8,"UNDER","PUSH")))
A9: 2026-10-16 02:36 | B9: 2026-10-16 | C9: LOL · C9 vs FUR | D9: Tatu | E9: Maps 1-3 Kills | F9: 7 | G9: 6.19 | H9: 0.3407 | I9: 8.4 | J9: 0.5958 | K9: 0.2986 | L9: 0.7 | N9: 0.9 | P9: =IF(O9="","",IF(O9>F9,"OVER",IF(O9<F9,"UNDER","PUSH")))
A10: 2026-10-16 02:36 | B10: 2026-10-16 | C10: LOL · C9 vs FUR | D10: Tutsz | E10: Maps 1-3 Kills | F10: 8.5 | G10: 7.96 | H10: 0.4423 | I10: 10.8 | J10: 0.7022 | K10: 0.2986 | L10: 0.7 | N10: 0.5 | P10: =IF(O10="","",IF(O10>F10,"OVER",IF(O10<F10,"UNDER","PUSH")))
A11: 2026-10-16 02:36 | B11: 2026-10-16 | C11: LOL · KC vs MVK | D11: Caliste | E11: Maps 1-3 Kills | F11: 15.5 | G11: 14.7 | H11: 0.4383 | I11: 15 | J11: 0.4615 | K11: 0.6699 | L11: 0.7 | N11: 0.3 | P11: =IF(O11="","",IF(O11>F11,"OVER",IF(O11<F11,"UNDER","PUSH")))
A12: 2026-10-16 02:36 | B12: 2026-10-16 | C12: LOL · KC vs MVK | D12: Canna | E12: Maps 1-3 Kills | F12: 9.5 | G12: 10.48 | H12: 0.5932 | I12: 10.2 | J12: 0.5678 | K12: 0.6699 | L12: 0.63 | N12: 0.4 | P12: =IF(O12="","",IF(O12>F12,"OVER",IF(O12<F12,"UNDER","PUSH")))
A13: 2026-10-16 02:36 | B13: 2026-10-16 | C13: LOL · KC vs MVK | D13: Kyeahoo | E13: Maps 1-3 Kills | F13: 11.5 | G13: 7.09 | H13: 0.0905 | I13: 6.9 | J13: 0.0787 | K13: 0.6699 | L13: 0.63 | N13: 0 | P13: =IF(O13="","",IF(O13>F13,"OVER",IF(O13<F13,"UNDER","PUSH")))
... A19: 2026-10-16 02:36 | B19: 2026-10-16 | C19: LOL · KC vs MVK | D19: Siuloong | E19: Maps 1-3 Kills | F19: 1.5 | G19: 1.93 | H19: 0.6036 | I19: 2.1 | J19: 0.6365 | K19: 0.3301 | L19: 0.43 | N19: 0.8 | P19: =IF(O19="","",IF(O19>F19,"OVER",IF(O19<F19,"UNDER","PUSH")))

Sheet Data_Checks
A1: Check | B1: Result
A2: PickFinder board rows (LoL + Dota) | B2: 18
A3: Players with stats | B3: 18
A4: Gamelog identity M1+M2 = M1-2 and M1-2+M3 = M1-3, every row | B4: 18 / 18 players pass
A5: Matches resolved to Thunderpick | B5: 2 / 2
A6: Thunderpick player kill ladders matched to board players | B6: 18
A7: LIVE: formula errors on Projections (should be 0) | B7: =SUMPRODUCT(--ISERROR(Projections!F2:M19)) -> 0
A8: LIVE: legs with no projection (should be 0) | B8: =COUNTBLANK(Projections!F2:F19) -> 0
A9: LIVE: largest |Projections − Log| (≈0 at default settings) | B9: =SUMPRODUCT(MAX(ABS(N(+Projections!F2:F19)-N(+Log!G2:G19)))) -> 0.0049253766
A10: LIVE: identity — legs where P(win M1) = q but Proj ≠ Naive (should be 0) | B10: =SUMPRODUCT((ABS(N(+Projections!O2:O19)-N(+Projections!P2:P19))<0.00001)*(ABS(N(+Projections!F2:F19)-N(+Projections!L2:L19))>0.001)*(Projections!D2:D19="Map 1 Kills")) -> 0
