Workbook

Sheet README
A1: FPS Player Model — CS2 + Valorant
A2: Kills and headshot projections built map by map: per-map KPR × the rounds you expect on that map.
A3: Slate 2026-10-29 · 260 board legs · 19 matches
A5: HOW TO USE
A6: 1. Matches tab: every match on the slate, one row each. The shaded columns are yours — Map 1, Map 2, Map 3 (dropdowns) and Rounds M1/M2/M3. They arrive prefilled: maps from PickFinder's Map Picks, rounds from Thunderpick's Total Rounds ladder for that map. Change any of them and every projection for that match recalculates.
A7: 2. Board tab: pick a match in the shaded cell B2. Both rosters load, ranked by projected Maps 1-2 kills, with the PrizePicks line, the model's P(over), Thunderpick's own kill-line median and PickFinder's L10 beside it.
A8: 3. Projections tab: every leg on the board (Maps 1-2, Map 1, Map 2 — kills and HS), filterable.
A9: 4. Log tab: the same projections frozen as values at default settings when the sheet was built. Type the result in Actual after settlement; Result fills itself. This is the forward record the model does not yet have.
A11: THE MODEL, IN FOUR LINES
A12: Per-map KPR = (n × map KPR + SHRINK_MAPS × overall KPR) ÷ (n + SHRINK_MAPS), n = maps the player has on that map in PickFinder's sample. A map he has never played uses his overall KPR.
A13: Kills on map k = per-map KPR × rounds on map k. Maps 1-2 = map 1 + map 2. Maps 1-3 = maps 1-2 + P(map 3) × map 3.
A14: HS on map k = kills on map k × per-map HS%, shrunk the same way. (CS2 only — PickFinder posts no Valorant HS%.)
... A36: Each slate is rebuilt from fresh captures and imported over this file (File → Import → Replace spreadsheet), so the link stays the same. Your shaded edits are per slate and are replaced on the next import.

Sheet Match_Intel
A1: Match Intel — 2026-10-29
A2: Recent form, margins, ranks, pistols, map pools and recent vetoes per match. Windows: HLTV 3 months to the day before the slate; vlr last 10 series. Bucket probabilities are the frozen v2 model (PAPER, not a pick). Margins are rounds: + won by, − lost by.
A4: CS2 · FUT vs NEMI | 08:00 UTC | Bo3 | Win: FUT 72% – NEMI 28% | 2-0 43% · 2-1 29% · 1-2 14% · 0-2 14%
B5: FUT Esports (FUT) | C5: Nemiga (NEMI)
A6: Rank | B6: HLTV: #7 · VRS: #8 | C6: HLTV: #21 · VRS: #17
A7: Last 10 maps (newest first) | B7: 7-3 W W L W W W W L L W | C7: 6-4 W W W W L L L L W W
A8: Last 10 maps, avg margin | B8: +2.2 | C8: +1.3
A9: 3 months: maps W-L | B9: 20-12 (62%) | C9: 80-38 (68%)
A10: Avg margin in wins / losses | B10: +5.0 / -4.2 | C10: +5.2 / -4.6
A11: Stomps for / against (8+) | B11: 3 / 1 | C11: 18 / 6
A12: Pistols (3 months) | B12: not captured | C12: 55.9% (132-104) · R2 conv 82.6% · R2 break 13.5%
A13: Kill share (last 6 series, all maps) | B13: 6 series · 14 maps · team 70.9 kills/map dem0n 23.9% (16.9/map) Krabeni 21.1% (14.9/map) xfl0ud 18.8% (13.3/map) dziugss 16.2% (11.5/map) SunPayus 11.6% (16.4/map) cmtry 8.5% (12.0/map) | C13: 6 series · 12 maps · team 86.7 kills/map syph0 22.8% (19.8/map) KaiR0N- 21.8% (18.9/map) khaN 19.7% (17.1/map) Xant3r 18.2% (15.8/map) robo 17.5% (15.2/map)
A14: Last 5 series | B14: 2 - 1 FUT vs Vitality 2 - 0 FUT vs Liquid 2 - 0 FUT vs TYLOO 0 - 2 FUT vs Vitality 2 - 0 FUT vs Inner Circle | C14: 0 - 2 The MongolZ vs Nemiga 2 - 0 Nemiga vs The MongolZ 2 - 0 Nemiga vs DENDELE 0 - 2 Nemiga vs Aurora 0 - 2 Nemiga vs BETBOOM
A15: Recent vetoes (last 5) | B15: First ban: Inferno×4, Dust2×1 First pick: Mirage×2, Dust2×1 26th of Octo FUT vs Vitality: us ban Inferno · opp ban Ancient · us pick Mirage · opp pick Dust2 · opp ban Nuke · us ban Cache · left Anubis 25th of Octo FUT vs Liquid: opp ban Ancient · us ban Inferno · opp pick Cache · us pick Dust2 · us ban Anubis · opp ban Nuke · left Mirage 24th of Octo FUT vs TYLOO: opp ban Dust2 · us ban Inferno · opp pick Nuke · us pick Ancient · us ban Cache · opp ban Anubis · left Mirage 31st of Augu FUT vs Vitality: us ban Inferno · opp ban Ancient · us pick Anubis · opp pick Dust2 · us ban Nuke · opp ban Mirage · left Cache 30th of Augu FUT vs Inner Circle: us ban Dust2 · opp ban Ancient · us pick Mirage · opp pick Nuke · us ban Cache · opp ban Inferno · left Anubis | C15: First ban: Inferno×4, Nuke×1 First pick: Cache×2, Ancient×1 28th of Octo The MongolZ vs Nemiga: us ban Inferno · opp ban Anubis · us pick Cache · opp pick Dust2 · opp ban Nuke · us ban Ancient · left Mirage 28th of Octo Nemiga vs The MongolZ: us ban Inferno · opp ban Anubis · us pick Cache · opp pick Dust2 · opp ban Nuke · us ban Ancient · left Mirage 27th of Octo Nemiga vs DENDELE: opp ban Dust2 · us ban Inferno · opp pick Nuke · us pick Ancient · us ban Anubis · opp ban Cache · left Mirage 26th of Octo Nemiga vs Aurora: us ban Inferno · opp ban Ancient · us pick Mirage · opp pick Anubis · opp ban Dust2 · us ban Cache · left Nuke 25th of Octo Nemiga vs BETBOOM: us ban Nuke · opp ban Cache · us pick Anubis · opp pick Mirage · opp ban Inferno · us ban Dust2 · left Ancient
A16: Map | B16: PF pick % | C16: A maps | D16: A W-L | E16: A avg ± | F16: A CT % | G16: A T % | H16: A pistol | I16: B maps | J16: B W-L | K16: B avg ± | L16: B CT % | M16: B T % | N16: B pistol | O16: A 8+ | A 3-7 | close/OT | B 3-7 | B 8+ | P16: E rounds
A17: Ancient | B17: 23% | C17: 8 | D17: 5-3 | E17: +2.6 | F17: 53.7% | G17: 58.1% | H17: 9/16 | I17: 26 | J17: 17-9 | K17: +1.8 | L17: 50.3% | M17: 57.2% | N17: 27/52 | O17: 6% | 28% | 31% | 29% | 6% | P17: 22.5
A18: Dust2 | B18: 19% | C18: 7 | D18: 4-3 | E18: +0.6 | F18: 44.7% | G18: 57.6% | H18: 7/14 | I18: 21 | J18: 13-8 | K18: +1.5 | L18: 52.4% | M18: 54.8% | N18: 23/42 | O18: 5% | 25% | 30% | 33% | 8% | P18: 22.5
A19: Mirage | B19: 16% | C19: 5 | D19: 4-1 | E19: +2.0 | F19: 66.1% | G19: 42.9% | H19: 7/10 | I19: 19 | J19: 13-6 | K19: +1.9 | L19: 63.1% | M19: 44.8% | N19: 24/38 | O19: 6% | 26% | 31% | 30% | 8% | P19: 22.5
A20: Anubis | C20: 5 | D20: 3-2 | E20: +2.0 | F20: 54.0% | G20: 55.2% | H20: 7/10 | I20: 17 | J20: 12-5 | K20: +2.2 | L20: 58.1% | M20: 51.3% | N20: 21/34 | O20: 5% | 26% | 30% | 32% | 7% | P20: 22.5
A21: Cache | C21: 2 | D21: 2-0 | E21: +5.5 | F21: 69.6% | G21: 55.6% | H21: 2/4 | I21: 17 | J21: 12-5 | K21: +2.7 | L21: 59.8% | M21: 53.0% | N21: 15/34 | O21: 5% | 25% | 30% | 33% | 8% | P21: 22.5
A22: Inferno | C22: 0 | I22: 1 | J22: 1-0 | K22: +6.0 | L22: 75.0% | M22: 58.3% | N22: 1/2 | O22: 5% | 26% | 30% | 32% | 7% | P22: 22.5
A23: Nuke | C23: 5 | D23: 2-3 | E23: -1.6 | F23: 45.9% | G23: 46.7% | H23: 6/10 | I23: 17 | J23: 12-5 | K23: +2.2 | L23: 60.8% | M23: 49.2% | N23: 21/34 | O23: 3% | 20% | 29% | 38% | 10% | P23: 22.3
A25: CS2 · B8 vs HOTU | 09:00 UTC | Bo3 | Win: B8 56% – HOTU 44% | 2-0 29% · 2-1 27% · 1-2 22% · 0-2 22%
B26: B8 (B8) | C26: HOTU (HOTU)
A27: Rank | B27: HLTV: #22 · VRS: #24 | C27: HLTV: #43 · VRS: #30
A28: Last 10 maps (newest first) | B28: 5-5 W W L W W L L L W L | C28: 6-4 W W W W L L L L W W
A29: Last 10 maps, avg margin | B29: -0.2 | C29: +0.5
A30: 3 months: maps W-L | B30: 29-20 (59%) | C30: 61-35 (64%)
A31: Avg margin in wins / losses | B31: +5.1 / -4.5 | C31: +6.0 / -5.4
A32: Stomps for / against (8+) | B32: 9 / 2 | C32: 19 / 9
A33: Pistols (3 months) | B33: not captured | C33: 59.4% (114-78) · R2 conv 87.5% · R2 break 7.7%
A34: Kill share (last 6 series, all maps) | B34: 6 series · 15 maps · team 68.2 kills/map esenthial 21.4% (14.6/map) npl 21.3% (14.5/map) s1zzi 19.6% (13.4/map) kensizor 19.6% (13.3/map) alex666 18.1% (12.3/map) | C34: 6 series · 14 maps · team 70.6 kills/map n0rb3r7 23.0% (16.2/map) frontales 22.7% (16.0/map) mizu 20.0% (14.1/map) dwushka 18.6% (13.1/map) kade0 15.7% (11.1/map)
A35: Last 5 series | B35: 2 - 1 B8 vs K27 2 - 1 B8 vs Alliance 1 - 2 B8 vs K27 0 - 2 B8 vs fnatic 0 - 2 B8 vs Luminosity | C35: 2 - 0 HOTU vs GamerLegion 2 - 0 HOTU vs Luminosity 0 - 2 HOTU vs fnatic 1 - 2 HOTU vs Astralis 2 - 0 HOTU vs fnatic
A36: Recent vetoes (last 5) | B36: First ban: Anubis×4, Nuke×1 First pick: Mirage×3, Dust2×2 28th of Octo B8 vs K27: opp ban Inferno · us ban Anubis · opp pick Nuke · us pick Dust2 · opp ban Ancient · us ban Cache · left Mirage 28th of Octo B8 vs Alliance: opp ban Cache · us ban Anubis · opp pick Inferno · us pick Mirage · opp ban Dust2 · us ban Nuke · left Ancient 27th of Octo B8 vs K27: opp ban Inferno · us ban Anubis · opp pick Mirage · us pick Dust2 · opp ban Ancient · us ban Cache · left Nuke 2nd of Octob B8 vs fnatic: opp ban Nuke · us ban Anubis · opp pick Cache · us pick Mirage · us ban Inferno · opp ban Dust2 · left Ancient 1st of Octob B8 vs Luminosity: opp ban Cache · us ban Nuke · opp pick Inferno · us pick Mirage · us ban Dust2 · opp ban Anubis · left Ancient | C36: First ban: Inferno×4, Anubis×1 First pick: Dust2×4, Mirage×1 28th of Octo HOTU vs GamerLegion: opp ban Anubis · us ban Inferno · opp pick Cache · us pick Dust2 · opp ban Mirage · us ban Nuke · left Ancient 27th of Octo HOTU vs Luminosity: us ban Anubis · opp ban Cache · us pick Mirage · opp pick Ancient · us ban Nuke · opp ban Dust2 · left Inferno 14th of Octo HOTU vs fnatic: opp ban Nuke · us ban Inferno · opp pick Ancient · us pick Dust2 · opp ban Mirage · us ban Anubis · left Cache 14th of Octo HOTU vs Astralis: us ban Inferno · opp ban Anubis · us pick Dust2 · opp pick Ancient · us ban Mirage · opp ban Cache · left Nuke 14th of Octo HOTU vs fnatic: opp ban Nuke · us ban Inferno · opp pick Ancient · us pick Dust2 · opp ban Mirage · us ban Anubis · left Cache
A37: Map | B37: PF pick % | C37: A maps | D37: A W-L | E37: A avg ± | F37: A CT % | G37: A T % | H37: A pistol | I37: B maps | J37: B W-L | K37: B avg ± | L37: B CT % | M37: B T % | N37: B pistol | O37: A 8+ | A 3-7 | close/OT | B 3-7 | B 8+ | P37: E rounds
A38: Dust2 | B38: 26% | C38: 10 | D38: 7-3 | E38: +1.2 | F38: 56.5% | G38: 48.3% | H38: 8/20 | I38: 22 | J38: 15-7 | K38: +3.5 | L38: 55.3% | M38: 61.2% | N38: 27/44 | O38: 3% | 20% | 29% | 38% | 10% | P38: 22.3
A39: Cache | B39: 21% | C39: 5 | D39: 3-2 | E39: +1.6 | F39: 60.0% | G39: 45.8% | H39: 6/10 | I39: 21 | J39: 14-7 | K39: +2.0 | L39: 62.6% | M39: 47.2% | N39: 19/42 | O39: 5% | 24% | 30% | 33% | 8% | P39: 22.5
A40: Mirage | B40: 21% | C40: 15 | D40: 8-7 | E40: +1.4 | F40: 55.6% | G40: 51.4% | H40: 21/30 | I40: 10 | J40: 8-2 | K40: +3.3 | L40: 63.6% | M40: 50.5% | N40: 15/20 | O40: 5% | 26% | 30% | 32% | 7% | P40: 22.5
A41: Ancient | C41: 8 | D41: 6-2 | E41: +3.5 | F41: 61.3% | G41: 54.0% | H41: 9/16 | I41: 14 | J41: 8-6 | K41: +1.1 | L41: 57.4% | M41: 45.7% | N41: 18/28 | O41: 8% | 34% | 30% | 23% | 4% | P41: 22.5
A42: Anubis | C42: 0 | I42: 16 | J42: 9-7 | K42: +0.2 | L42: 46.6% | M42: 53.5% | N42: 20/32 | O42: 6% | 29% | 30% | 29% | 6% | P42: 22.5
A43: Inferno | C43: 7 | D43: 3-4 | E43: -0.3 | F43: 58.8% | G43: 40.0% | H43: 6/14 | I43: 1 | J43: 0-1 | K43: -6.0 | L43: 41.7% | M43: 25.0% | N43: 1/2 | O43: 7% | 31% | 30% | 26% | 5% | P43: 22.5
A44: Nuke | C44: 4 | D44: 2-2 | E44: -2.2 | F44: 47.9% | G44: 38.7% | H44: 2/8 | I44: 12 | J44: 7-5 | K44: +1.2 | L44: 60.8% | M44: 45.7% | N44: 14/24 | O44: 4% | 21% | 30% | 36% | 10% | P44: 22.4
A46: VAL · KBG vs UR | 09:00 UTC | Bo3 | Win: KBG 57% – UR 43% | 2-0 32% · 2-1 26% · 1-2 19% · 0-2 23%
B47: KeepBest Gaming (KBG) | C47: Unsettled Resentment (UR)
A48: Rank (vlr) | B48: Current Rank 13 China · Rating 1510 · Record 4W 5L | C48: Current Rank 18 China · Rating 1463 · Record 4W 4L
A49: Last 10 series: maps W-L | B49: 11-9 | C49: 8-9
A50: Avg margin in wins / losses | B50: +3.9 / -4.8 | C50: +6.0 / -4.9
A51: Stomps for / against (8+) | B51: 1 / 1 | C51: 3 / 1
A52: Pistols | B52: not available from vlr summary pages | C52: not available from vlr summary pages
A53: Kill share (last 10 series, all maps) | B53: 8 series · 20 maps · team 79.3 kills/map Ying 20.9% (16.6/map) Tonk 20.8% (16.5/map) Akeman 20.5% (16.2/map) sibeastw0w 20.3% (16.1/map) Krst1Ng 17.5% (13.8/map) | C53: 7 series · 17 maps · team 74.4 kills/map Hopedawn 22.5% (16.7/map) QiuYe 21.4% (15.9/map) Ninebody 20.7% (15.4/map) CXIX666 18.8% (13.9/map) waituu 8.8% (11.1/map) MarT1n 7.8% (14.1/map)
A54: Last 5 series | B54: 2026-10-24 KeepBest Gaming vs Nova Esports Lotus:7-13:P,Sunset:6-13:P 2026-10-22 KeepBest Gaming vs Wolves Esports Summit:13-7:P,Ascent:13-8:P 2026-09-13 KeepBest Gaming vs FunPlus Phoenix Ascent:13-4:P,Abyss:8-13:P,Sunset:13-10:P,Split:11-13:P,Summit:11-13: 2026-09-11 KeepBest Gaming vs Unsettled Resentment Split:14-12:P,Sunset:13-7:P 2026-09-09 Guangzhou Huadu Bilibili Gaming (Bilibili Gaming) vs KeepBest Gaming Haven:13-15:P,Ascent:10-13:P | C54: 2026-10-27 Unsettled Resentment vs Victory No Limits Gaming Summit:17-19:P,Lotus:13-11:P,Abyss:13-10: 2026-10-23 Titan Esports Club vs Unsettled Resentment Summit:13-6:P,Split:14-12:P 2026-10-21 Unsettled Resentment vs Octagonal Disposition Gaming Abyss:13-7:P,Split:13-2:P 2026-09-12 Unsettled Resentment vs Any Questions Gaming Abyss:12-14:P,Lotus:6-13:P,Sunset:6-13:P 2026-09-11 KeepBest Gaming vs Unsettled Resentment Split:14-12:P,Sunset:13-7:P
A55: Recent vetoes (last 5) | B55: 2026-10-24 vs Nova Esports: NOVA ban Ascent; KBG ban Abyss; NOVA pick Lotus; KBG pick Sunset; NOVA ban Summit; KBG ban Haven; Split remains 2026-10-22 vs Wolves Esports: WOL ban Sunset; KBG ban Haven; WOL pick Summit; KBG pick Ascent; WOL ban Abyss; KBG ban Lotus; Split remains 2026-09-13 vs FunPlus Phoenix: KBG ban Lotus; FPX ban Haven; KBG pick Ascent; FPX pick Abyss; KBG pick Sunset; FPX pick Split; Summit remains 2026-09-11 vs Unsettled Resentment: KBG ban Lotus; UR ban Haven; KBG pick Split; UR pick Sunset; KBG ban Summit; UR ban Ascent; Abyss remains 2026-09-09 vs Guangzhou Huadu Bilibili Gaming (Bilibili Gaming): BLG ban Split; KBG ban Lotus; BLG pick Haven; KBG pick Ascent; BLG ban Sunset; KBG ban Summit; Abyss remains | C55: 2026-10-27 vs Victory No Limits Gaming: UR ban Haven; VLG ban Split; UR pick Summit; VLG pick Lotus; UR ban Sunset; VLG ban Ascent; Abyss remains 2026-10-23 vs Titan Esports Club: UR ban Haven; TEC ban Lotus; UR pick Summit; TEC pick Split; UR ban Ascent; TEC ban Sunset; Abyss remains 2026-10-21 vs Octagonal Disposition Gaming: UR ban Haven; ODG ban Summit; UR pick Abyss; ODG pick Split; UR ban Ascent; ODG ban Sunset; Lotus remains 2026-09-12 vs Any Questions Gaming: UR ban Haven; AQ ban Summit; UR pick Abyss; AQ pick Lotus; UR pick Sunset; AQ pick Ascent; Split remains 2026-09-11 vs KeepBest Gaming: KBG ban Lotus; UR ban Haven; KBG pick Split; UR pick Sunset; KBG ban Summit; UR ban Ascent; Abyss remains
A56: Map | B56: PF pick % | C56: A maps (3 mo) | D56: A ATK % | E56: A DEF % | I56: B maps (3 mo) | J56: B ATK % | K56: B DEF % | O56: A 8+ | A 3-7 | close/OT | B 3-7 | B 8+ | P56: E rounds
A57: Haven | B57: 20% | C57: 1 | D57: 71% | E57: 36% | I57: 0 | O57: 6% | 30% | 30% | 28% | 6% | P57: 22.1
A58: Sunset | B58: 14% | C58: 5 | D58: 52% | E58: 48% | I58: 3 | J58: 48% | K58: 37% | O58: 8% | 32% | 30% | 25% | 5% | P58: 22.0
A59: Abyss | C59: 1 | D59: 58% | E59: 11% | I59: 3 | J59: 67% | K59: 44% | O59: 5% | 24% | 30% | 34% | 8% | P59: 22.0
A60: Ascent | C60: 5 | D60: 69% | E60: 40% | I60: 0 | O60: 7% | 31% | 30% | 26% | 5% | P60: 22.0
A61: Breeze | C61: 1 | D61: 27% | E61: 58% | I61: 0 | O61: 6% | 27% | 30% | 30% | 7% | P61: 22.1
A62: Lotus | C62: 1 | D62: 17% | E62: 62% | I62: 3 | J62: 50% | K62: 55% | O62: 5% | 25% | 30% | 32% | 8% | P62: 22.0
A63: Split | C63: 3 | D63: 51% | E63: 51% | I63: 4 | J63: 40% | K63: 62% | O63: 7% | 30% | 30% | 28% | 6% | P63: 22.1
A64: Summit | C64: 3 | D64: 64% | E64: 37% | I64: 4 | J64: 50% | K64: 56% | O64: 6% | 27% | 30% | 30% | 7% | P64: 22.1
A66: CS2 · EF vs BIG | 11:00 UTC | Bo3 | Win: EF 44% – BIG 56% | 2-0 21% · 2-1 23% · 1-2 27% · 0-2 29%
B67: Eternal Fire (EF) | C67: BIG (BIG)
A68: Rank | B68: HLTV: #30 · VRS: #32 | C68: HLTV: #33 · VRS: #28
A69: Last 10 maps (newest first) | B69: 6-4 W L W L L W W W L W | C69: 3-7 L L W W L L L W L L
A70: Last 10 maps, avg margin | B70: +0.7 | C70: -2.3
A71: 3 months: maps W-L | B71: 62-42 (60%) | C71: 28-25 (53%)
A72: Avg margin in wins / losses | B72: +5.3 / -4.5 | C72: +5.4 / -5.5
A73: Stomps for / against (8+) | B73: 12 / 6 | C73: 7 / 7
A74: Pistols (3 months) | B74: 55.3% (115-93) · R2 conv 80.9% · R2 break 16.1% | C74: not captured
A75: Kill share (last 6 series, all maps) | B75: 6 series · 18 maps · team 85.6 kills/map jottAAA 21.9% (18.7/map) Kvem 21.3% (18.3/map) regali 19.9% (17.1/map) MisteM 18.8% (16.1/map) soulfly 18.0% (15.4/map) | C75: 6 series · 14 maps · team 69.1 kills/map blameF 22.8% (15.7/map) faveN 21.0% (14.5/map) gr1ks 20.4% (14.1/map) JDC 20.2% (13.9/map) tabseN 15.7% (10.9/map)
A76: Last 5 series | B76: 2 - 1 Eternal Fire vs Nemesis 1 - 2 Eternal Fire vs MIBR 2 - 1 Eternal Fire vs SINNERS 2 - 1 Eternal Fire vs JiJieHao 1 - 2 Eternal Fire vs SINNERS | C76: 0 - 2 BIG vs fnatic 2 - 1 BIG vs magic 1 - 2 BIG vs The MongolZ 0 - 2 BIG vs PARIVISION 2 - 0 BIG vs The MongolZ
A77: Recent vetoes (last 5) | B77: First ban: Nuke×4, Mirage×1 First pick: Ancient×2, Cache×2 28th of Octo Eternal Fire vs Nemesis: us ban Nuke · opp ban Anubis · us pick Dust2 · opp pick Cache · opp ban Inferno · us ban Mirage · left Ancient 27th of Octo Eternal Fire vs MIBR: us ban Nuke · opp ban Dust2 · us pick Ancient · opp pick Mirage · opp ban Cache · us ban Inferno · left Anubis 23rd of Octo Eternal Fire vs SINNERS: opp ban Anubis · us ban Nuke · opp pick Mirage · us pick Cache · us ban Inferno · opp ban Dust2 · left Ancient 23rd of Octo Eternal Fire vs JiJieHao: us ban Mirage · opp ban Cache · us pick Ancient · opp pick Inferno · opp ban Dust2 · us ban Nuke · left Anubis 22nd of Octo Eternal Fire vs SINNERS: opp ban Anubis · us ban Nuke · opp pick Mirage · us pick Cache · us ban Inferno · opp ban Dust2 · left Ancient | C77: First ban: Dust2×3, Anubis×1 First pick: Cache×4, Inferno×1 28th of Octo BIG vs fnatic: opp ban Nuke · us ban Anubis · opp pick Ancient · us pick Inferno · us ban Cache · opp ban Dust2 · left Mirage 27th of Octo BIG vs magic: opp ban Nuke · us ban Dust2 · opp pick Ancient · us pick Cache · us ban Anubis · opp ban Inferno · left Mirage 22nd of Octo BIG vs The MongolZ: us ban Dust2 · opp ban Anubis · us pick Cache · opp pick Inferno · opp ban Nuke · us ban Ancient · left Mirage 21st of Octo BIG vs PARIVISION: us ban Ancient · opp ban Nuke · us pick Cache · opp pick Dust2 · opp ban Anubis · us ban Inferno · left Mirage 20th of Octo BIG vs The MongolZ: us ban Dust2 · opp ban Anubis · us pick Cache · opp pick Mirage · opp ban Nuke · us ban Ancient · left Inferno
A78: Map | B78: PF pick % | C78: A maps | D78: A W-L | E78: A avg ± | F78: A CT % | G78: A T % | H78: A pistol | I78: B maps | J78: B W-L | K78: B avg ± | L78: B CT % | M78: B T % | N78: B pistol | O78: A 8+ | A 3-7 | close/OT | B 3-7 | B 8+ | P78: E rounds
A79: Cache | B79: 24% | C79: 22 | D79: 13-9 | E79: +1.4 | F79: 57.5% | G79: 48.5% | H79: 25/44 | I79: 15 | J79: 9-6 | K79: +1.1 | L79: 43.8% | M79: 60.4% | N79: 12/30 | O79: 7% | 30% | 30% | 27% | 5% | P79: 22.5
A80: Ancient | B80: 20% | C80: 22 | D80: 16-6 | E80: +2.5 | F80: 60.2% | G80: 50.2% | H80: 25/44 | I80: 9 | J80: 3-6 | K80: -0.7 | L80: 42.7% | M80: 54.6% | N80: 11/18 | O80: 10% | 38% | 29% | 20% | 3% | P80: 22.3
A81: Mirage | B81: 19% | C81: 18 | D81: 7-11 | E81: -1.3 | F81: 48.6% | G81: 45.3% | H81: 18/36 | I81: 12 | J81: 6-6 | K81: -0.8 | L81: 50.0% | M81: 45.9% | N81: 4/24 | O81: 5% | 27% | 30% | 30% | 7% | P81: 22.5
A82: Anubis | C82: 13 | D82: 7-6 | E82: +0.1 | F82: 47.0% | G82: 53.2% | H82: 13/26 | I82: 0 | O82: 6% | 29% | 30% | 29% | 6% | P82: 22.5
A83: Dust2 | C83: 17 | D83: 13-4 | E83: +3.3 | F83: 61.0% | G83: 53.4% | H83: 19/34 | I83: 4 | J83: 2-2 | K83: +0.0 | L83: 56.2% | M83: 42.1% | N83: 2/8 | O83: 11% | 38% | 29% | 19% | 3% | P83: 22.3
A84: Inferno | C84: 12 | D84: 6-6 | E84: +1.7 | F84: 54.3% | G84: 54.7% | H84: 15/24 | I84: 10 | J84: 6-4 | K84: +0.1 | L84: 43.7% | M84: 57.0% | N84: 7/20 | O84: 8% | 33% | 30% | 24% | 5% | P84: 22.5
A85: Nuke | C85: 0 | I85: 3 | J85: 2-1 | K85: +3.3 | L85: 69.4% | M85: 41.7% | N85: 4/6 | O85: 5% | 26% | 30% | 31% | 7% | P85: 22.5
A87: CS2 · VIT vs NAVI | 11:00 UTC | Bo3 | Win: VIT 71% – NAVI 29% | 2-0 40% · 2-1 31% · 1-2 15% · 0-2 13%
B88: Vitality (VIT) | C88: Natus Vincere (NAVI)
A89: Rank | B89: HLTV: #2 · VRS: #1 | C89: HLTV: #11 · VRS: #11
A90: Last 10 maps (newest first) | B90: 8-2 W W L L W W W W W W | C90: 5-5 W L W L L L L W W W
A91: Last 10 maps, avg margin | B91: +3.9 | C91: +1.0
A92: 3 months: maps W-L | B92: 45-18 (71%) | C92: 20-22 (48%)
A93: Avg margin in wins / losses | B93: +6.4 / -4.9 | C93: +5.9 / -5.5
A94: Stomps for / against (8+) | B94: 17 / 3 | C94: 7 / 4
A95: Pistols (3 months) | B95: not captured | C95: not captured
A96: Kill share (last 6 series, all maps) | B96: 6 series · 15 maps · team 71.6 kills/map ZywOo 25.8% (18.5/map) flameZ 20.8% (14.9/map) ropz 20.7% (14.8/map) mezii 16.3% (11.7/map) jL 10.3% (12.3/map) apEX 6.1% (11.0/map) | C96: 6 series · 14 maps · team 73.2 kills/map w0nderful 24.3% (17.8/map) makazze 22.1% (16.2/map) iM 18.8% (13.8/map) b1t 18.7% (13.7/map) Aleksib 16.0% (11.7/map)
A97: Last 5 series | B97: 2 - 0 Vitality vs Natus Vincere 1 - 2 Vitality vs FUT 2 - 0 Vitality vs The MongolZ 2 - 0 Vitality vs 9z 3 - 0 Vitality vs MOUZ | C97: 1 - 2 Spirit vs Natus Vincere 2 - 1 Natus Vincere vs Spirit 0 - 2 Natus Vincere vs Vitality 0 - 2 Natus Vincere vs BETBOOM 2 - 0 Natus Vincere vs FURIA
A98: Recent vetoes (last 5) | B98: First ban: Ancient×5 First pick: Cache×3, Dust2×2 27th of Octo Vitality vs Natus Vincere: opp ban Cache · us ban Ancient · opp pick Inferno · us pick Dust2 · us ban Anubis · opp ban Nuke · left Mirage 26th of Octo Vitality vs FUT: opp ban Inferno · us ban Ancient · opp pick Mirage · us pick Dust2 · us ban Nuke · opp ban Cache · left Anubis 25th of Octo Vitality vs The MongolZ: opp ban Anubis · us ban Ancient · opp pick Inferno · us pick Cache · us ban Nuke · opp ban Dust2 · left Mirage 24th of Octo Vitality vs 9z: opp ban Anubis · us ban Ancient · opp pick Mirage · us pick Cache · us ban Nuke · opp ban Inferno · left Dust2 11th of Octo Vitality vs MOUZ: us ban Ancient · opp ban Anubis · us pick Cache · opp pick Inferno · us pick Dust2 · opp pick Mirage · left Nuke | C98: First ban: Nuke×2, Cache×1 First pick: Cache×2, Inferno×1 28th of Octo Spirit vs Natus Vincere: us ban Nuke · opp ban Inferno · us pick Cache · opp pick Dust2 · opp ban Mirage · us ban Ancient · left Anubis 28th of Octo Natus Vincere vs Spirit: us ban Nuke · opp ban Inferno · us pick Cache · opp pick Dust2 · opp ban Mirage · us ban Ancient · left Anubis 27th of Octo Natus Vincere vs Vitality: us ban Cache · opp ban Ancient · us pick Inferno · opp pick Dust2 · opp ban Anubis · us ban Nuke · left Mirage 26th of Octo Natus Vincere vs BETBOOM: us ban Anubis · opp ban Inferno · us pick Dust2 · opp pick Nuke · opp ban Cache · us ban Ancient · left Mirage 25th of Octo Natus Vincere vs FURIA: us ban Mirage · opp ban Anubis · us pick Ancient · opp pick Dust2 · opp ban Cache · us ban Nuke · left Inferno
A99: Map | B99: PF pick % | C99: A maps | D99: A W-L | E99: A avg ± | F99: A CT % | G99: A T % | H99: A pistol | I99: B maps | J99: B W-L | K99: B avg ± | L99: B CT % | M99: B T % | N99: B pistol | O99: A 8+ | A 3-7 | close/OT | B 3-7 | B 8+ | P99: E rounds
A100: Dust2 | B100: 21% | C100: 16 | D100: 13-3 | E100: +4.5 | F100: 66.5% | G100: 56.4% | H100: 21/32 | I100: 5 | J100: 2-3 | K100: +0.2 | L100: 61.2% | M100: 38.3% | N100: 3/10 | O100: 14% | 42% | 27% | 15% | 2% | P100: 22.1
A101: Mirage | B101: 20% | C101: 12 | D101: 9-3 | E101: +2.6 | F101: 59.1% | G101: 53.3% | H101: 10/24 | I101: 8 | J101: 2-6 | K101: -3.4 | L101: 50.6% | M101: 33.7% | N101: 6/16 | O101: 13% | 42% | 27% | 15% | 2% | P101: 22.1
A102: Inferno | B102: 18% | C102: 8 | D102: 6-2 | E102: +5.1 | F102: 72.2% | G102: 50.7% | H102: 10/16 | I102: 10 | J102: 4-6 | K102: -0.9 | L102: 39.4% | M102: 56.0% | N102: 9/20 | O102: 12% | 41% | 28% | 17% | 3% | P102: 22.2
A103: Ancient | C103: 0 | I103: 4 | J103: 1-3 | K103: -4.8 | L103: 41.9% | M103: 35.4% | N103: 2/8 | O103: 9% | 35% | 30% | 22% | 4% | P103: 22.4
A104: Anubis | C104: 10 | D104: 4-6 | E104: +0.2 | F104: 55.8% | G104: 43.0% | H104: 9/20 | I104: 4 | J104: 3-1 | K104: +3.8 | L104: 59.0% | M104: 58.7% | N104: 4/8 | O104: 4% | 23% | 30% | 35% | 9% | P104: 22.4
A105: Cache | C105: 10 | D105: 9-1 | E105: +5.2 | F105: 67.0% | G105: 58.6% | H105: 10/20 | I105: 5 | J105: 4-1 | K105: +4.8 | L105: 75.5% | M105: 49.0% | N105: 5/10 | O105: 8% | 33% | 30% | 24% | 5% | P105: 22.5
...

Sheet Board
A1: Board
A2: Match: | B2: CS2 · FUT vs NEMI
A4: Teams | B4: =IFERROR(IF(INDEX(Matches!$E$5:$E$23,MATCH($B$2,Matches!$A$5:$A$23,0))="","",INDEX(Matches!$E$5:$E$23,MATCH($B$2,Matches!$A$5:$A$23,0))),"")&" vs "&IFERROR(IF(INDEX(Matches!$F$5:$F$23,MATCH($B$2,Matches!$A$5:$A$23,0))="","",INDEX(Matches!$F$5:$F$23,MATCH($B$2,Matches!$A$5:$A$23,0))),"") -> FUT Esports (FUT) vs Nemiga (NEMI) | D4: Start (CT) | E4: =IFERROR(IF(INDEX(Matches!$C$5:$C$23,MATCH($B$2,Matches!$A$5:$A$23,0))="","",INDEX(Matches!$C$5:$C$23,MATCH($B$2,Matches!$A$5:$A$23,0))),"") -> Thu 03:00 | G4: Bo | H4: =IFERROR(IF(INDEX(Matches!$D$5:$D$23,MATCH($B$2,Matches!$A$5:$A$23,0))="","",INDEX(Matches!$D$5:$D$23,MATCH($B$2,Matches!$A$5:$A$23,0))),"") -> 3
A5: P(A wins) | B5: =IFERROR(IF(INDEX(Matches!$G$5:$G$23,MATCH($B$2,Matches!$A$5:$A$23,0))="","",INDEX(Matches!$G$5:$G$23,MATCH($B$2,Matches!$A$5:$A$23,0))),"") -> 0.72052402 | D5: P(A 2-0) | E5: =IFERROR(IF(INDEX(Matches!$H$5:$H$23,MATCH($B$2,Matches!$A$5:$A$23,0))="","",INDEX(Matches!$H$5:$H$23,MATCH($B$2,Matches!$A$5:$A$23,0))),"") -> 0.42735406 | G5: P(B 2-0) | H5: =IFERROR(IF(INDEX(Matches!$I$5:$I$23,MATCH($B$2,Matches!$A$5:$A$23,0))="","",INDEX(Matches!$I$5:$I$23,MATCH($B$2,Matches!$A$5:$A$23,0))),"") -> 0.13566796
A6: P(3 maps) | B6: =IFERROR(IF(INDEX(Matches!$J$5:$J$23,MATCH($B$2,Matches!$A$5:$A$23,0))="","",INDEX(Matches!$J$5:$J$23,MATCH($B$2,Matches!$A$5:$A$23,0))),"") -> 0.43697798 | D6: Map pick #1 | E6: =IFERROR(IF(INDEX(Matches!$K$5:$K$23,MATCH($B$2,Matches!$A$5:$A$23,0))="","",INDEX(Matches!$K$5:$K$23,MATCH($B$2,Matches!$A$5:$A$23,0))),"") -> Ancient 23% | G6: Map pick #2 | H6: =IFERROR(IF(INDEX(Matches!$L$5:$L$23,MATCH($B$2,Matches!$A$5:$A$23,0))="","",INDEX(Matches!$L$5:$L$23,MATCH($B$2,Matches!$A$5:$A$23,0))),"") -> Dust2 19%
A7: TP rounds M1 | B7: =IFERROR(IF(INDEX(Matches!$O$5:$O$23,MATCH($B$2,Matches!$A$5:$A$23,0))="","",INDEX(Matches!$O$5:$O$23,MATCH($B$2,Matches!$A$5:$A$23,0))),"") -> 21.312553 | D7: TP rounds M2 | E7: =IFERROR(IF(INDEX(Matches!$P$5:$P$23,MATCH($B$2,Matches!$A$5:$A$23,0))="","",INDEX(Matches!$P$5:$P$23,MATCH($B$2,Matches!$A$5:$A$23,0))),"") -> 21.114537 | G7: P(OT) M1 | H7: =IFERROR(IF(INDEX(Matches!$R$5:$R$23,MATCH($B$2,Matches!$A$5:$A$23,0))="","",INDEX(Matches!$R$5:$R$23,MATCH($B$2,Matches!$A$5:$A$23,0))),"") -> 0.14634146
A8: A margin M1 | B8: =IFERROR(IF(INDEX(Matches!$S$5:$S$23,MATCH($B$2,Matches!$A$5:$A$23,0))="","",INDEX(Matches!$S$5:$S$23,MATCH($B$2,Matches!$A$5:$A$23,0))),"") -> 2.9314276 | D8: A rounds M1 | E8: =IFERROR(IF(INDEX(Matches!$T$5:$T$23,MATCH($B$2,Matches!$A$5:$A$23,0))="","",INDEX(Matches!$T$5:$T$23,MATCH($B$2,Matches!$A$5:$A$23,0))),"") | G8: B rounds M1 | H8: =IFERROR(IF(INDEX(Matches!$U$5:$U$23,MATCH($B$2,Matches!$A$5:$A$23,0))="","",INDEX(Matches!$U$5:$U$23,MATCH($B$2,Matches!$A$5:$A$23,0))),"") -> 10.5
A9: HLTV rounds M1 | B9: =IFERROR(IF(INDEX(Matches!$AN$5:$AN$23,MATCH($B$2,Matches!$A$5:$A$23,0))="","",INDEX(Matches!$AN$5:$AN$23,MATCH($B$2,Matches!$A$5:$A$23,0))),"") -> 21.636239 | D9: HLTV A margin M1 | E9: =IFERROR(IF(INDEX(Matches!$AO$5:$AO$23,MATCH($B$2,Matches!$A$5:$A$23,0))="","",INDEX(Matches!$AO$5:$AO$23,MATCH($B$2,Matches!$A$5:$A$23,0))),"") -> 1.496412 | G9: Hist share A / B | H9: =IF(IFERROR(IF(INDEX(Matches!$AI$5:$AI$23,MATCH($B$2,Matches!$A$5:$A$23,0))="","",INDEX(Matches!$AI$5:$AI$23,MATCH($B$2,Matches!$A$5:$A$23,0))),"")="","",TEXT(IFERROR(IF(INDEX(Matches!$AI$5:$AI$23,MATCH($B$2,Matches!$A$5:$A$23,0))="","",INDEX(Matches!$AI$5:$AI$23,MATCH($B$2,Matches!$A$5:$A$23,0))),""),"0%")&" / "&TEXT(IFERROR(IF(INDEX(Matches!$AJ$5:$AJ$23,MATCH($B$2,Matches!$A$5:$A$23,0))="","",INDEX(Matches!$AJ$5:$AJ$23,MATCH($B$2,Matches!$A$5:$A$23,0))),""),"0%")) -> 54% / 53%
A10: IN USE | B10: ="Map 1: "&IFERROR(IF(INDEX(Matches!$W$5:$W$23,MATCH($B$2,Matches!$A$5:$A$23,0))="","",INDEX(Matches!$W$5:$W$23,MATCH($B$2,Matches!$A$5:$A$23,0))),"")&" · Map 2: "&IFERROR(IF(INDEX(Matches!$X$5:$X$23,MATCH($B$2,Matches!$A$5:$A$23,0))="","",INDEX(Matches!$X$5:$X$23,MATCH($B$2,Matches!$A$5:$A$23,0))),"")&IF(IFERROR(IF(INDEX(Matches!$Y$5:$Y$23,MATCH($B$2,Matches!$A$5:$A$23,0))="","",INDEX(Matches!$Y$5:$Y$23,MATCH($B$2,Matches!$A$5:$A$23,0))),"")="",""," · Map 3: "&IFERROR(IF(INDEX(Matches!$Y$5:$Y$23,MATCH($B$2,Matches!$A$5:$A$23,0))="","",INDEX(Matches!$Y$5:$Y$23,MATCH($B$2,Matches!$A$5:$A$23,0))),"")) -> Map 1: Ancient · Map 2: Dust2 · Map 3: Mirage
B11: ="Rounds: "&TEXT(IFERROR(IF(INDEX(Matches!$Z$5:$Z$23,MATCH($B$2,Matches!$A$5:$A$23,0))="","",INDEX(Matches!$Z$5:$Z$23,MATCH($B$2,Matches!$A$5:$A$23,0))),""),"0.0")&" / "&TEXT(IFERROR(IF(INDEX(Matches!$AA$5:$AA$23,MATCH($B$2,Matches!$A$5:$A$23,0))="","",INDEX(Matches!$AA$5:$AA$23,MATCH($B$2,Matches!$A$5:$A$23,0))),""),"0.0")&IF(IFERROR(IF(INDEX(Matches!$AB$5:$AB$23,MATCH($B$2,Matches!$A$5:$A$23,0))="","",INDEX(Matches!$AB$5:$AB$23,MATCH($B$2,Matches!$A$5:$A$23,0))),"")="",""," / "&TEXT(IFERROR(IF(INDEX(Matches!$AB$5:$AB$23,MATCH($B$2,Matches!$A$5:$A$23,0))="","",INDEX(Matches!$AB$5:$AB$23,MATCH($B$2,Matches!$A$5:$A$23,0))),""),"0.0"))&" · P(map 3) "&TEXT(IFERROR(IF(INDEX(Matches!$AC$5:$AC$23,MATCH($B$2,Matches!$A$5:$A$23,0))="","",INDEX(Matches!$AC$5:$AC$23,MATCH($B$2,Matches!$A$5:$A$23,0))),""),"0%") -> Rounds: 21.3 / 21.1 / 21.2 · P(map 3) 44%
B12: ="Change maps or rounds on the Matches tab, row "&(MATCH($B$2,Matches!$A$5:$A$23,0)+4)&" (shaded cells)." -> Change maps or rounds on the Matches tab, row 5 (shaded cells).
A14: Team | B14: Player | C14: KPR M1 | D14: KPR M2 | E14: Kills M1 | F14: Kills M2 | G14: Kills 1-2 | H14: Diff mult | I14: Adj K 1-2 | J14: PP line | K14: P(over) | L14: Adj P(over) | M14: TP book | N14: PF L10 | O14: HS% 1-2 | P14: HS 1-2 | Q14: PP HS line | R14: P(over) HS | S14: Sample | T14: Flags | V14: row
A15: =IF($V15="","",INDEX(Calc!$D$2:$D$137,$V15)) -> FUT | B15: =IF($V15="","",INDEX(Calc!$E$2:$E$137,$V15)) -> Dem0N | C15: =IF($V15="","",INDEX(Calc!$T$2:$T$137,$V15)) -> 0.77333333 | D15: =IF($V15="","",INDEX(Calc!$AA$2:$AA$137,$V15)) -> 0.74714286 | E15: =IF($V15="","",INDEX(Calc!$V$2:$V$137,$V15)) -> 16.479733 | F15: =IF($V15="","",INDEX(Calc!$AC$2:$AC$137,$V15)) -> 15.772186 | G15: =IF($V15="","",INDEX(Calc!$AL$2:$AL$137,$V15)) -> 32.251919 | H15: =IF($V15="","",INDEX(Calc!$BK$2:$BK$137,$V15)) -> 0.98966019 | I15: =IF($V15="","",INDEX(Calc!$BD$2:$BD$137,$V15)) -> 31.91844 | J15: =IF($V15="","",IFERROR(INDEX(Projections!$F$2:$F$261,MATCH(INDEX(Calc!$A$2:$A$137,$V15)&"|K12",Projections!$Y$2:$Y$261,0)),"")) -> 32.5 | K15: =IF($V15="","",IFERROR(INDEX(Projections!$I$2:$I$261,MATCH(INDEX(Calc!$A$2:$A$137,$V15)&"|K12",Projections!$Y$2:$Y$261,0)),"")) -> 0.48527474 | L15: =IF($V15="","",IFERROR(INDEX(Projections!$AB$2:$AB$261,MATCH(INDEX(Calc!$A$2:$A$137,$V15)&"|K12",Projections!$Y$2:$Y$261,0)),"")) -> 0.46533655 | M15: =IF($V15="","",IFERROR(INDEX(Projections!$M$2:$M$261,MATCH(INDEX(Calc!$A$2:$A$137,$V15)&"|K12",Projections!$Y$2:$Y$261,0)),"")) -> 33.18 | N15: =IF($V15="","",IFERROR(INDEX(Projections!$P$2:$P$261,MATCH(INDEX(Calc!$A$2:$A$137,$V15)&"|K12",Projections!$Y$2:$Y$261,0)),"")) -> 0.6 | O15: =IF($V15="","",INDEX(Calc!$AP$2:$AP$137,$V15)) -> 0.68186894 | P15: =IF($V15="","",INDEX(Calc!$AN$2:$AN$137,$V15)) -> 21.991582 | Q15: =IF($V15="","",IFERROR(INDEX(Projections!$F$2:$F$261,MATCH(INDEX(Calc!$A$2:$A$137,$V15)&"|H12",Projections!$Y$2:$Y$261,0)),"")) -> 20.5 | R15: =IF($V15="","",IFERROR(INDEX(Projections!$I$2:$I$261,MATCH(INDEX(Calc!$A$2:$A$137,$V15)&"|H12",Projections!$Y$2:$Y$261,0)),"")) -> 0.611003 | S15: =IF($V15="","",INDEX(Calc!$N$2:$N$137,$V15)) -> 37 | T15: =IF($V15="","",INDEX(Calc!$AQ$2:$AQ$137,$V15)) | V15: =IFERROR(MATCH(1,Calc!$AR$2:$AR$137,0),"") -> 64
A16: =IF($V16="","",INDEX(Calc!$D$2:$D$137,$V16)) -> NEMI | B16: =IF($V16="","",INDEX(Calc!$E$2:$E$137,$V16)) -> KaiR0N | C16: =IF($V16="","",INDEX(Calc!$T$2:$T$137,$V16)) -> 0.69818182 | D16: =IF($V16="","",INDEX(Calc!$AA$2:$AA$137,$V16)) -> 0.755 | E16: =IF($V16="","",INDEX(Calc!$V$2:$V$137,$V16)) -> 14.878255 | F16: =IF($V16="","",INDEX(Calc!$AC$2:$AC$137,$V16)) -> 15.93805 | G16: =IF($V16="","",INDEX(Calc!$AL$2:$AL$137,$V16)) -> 30.816305 | H16: =IF($V16="","",INDEX(Calc!$BK$2:$BK$137,$V16)) -> 0.94165783 | I16: =IF($V16="","",INDEX(Calc!$BD$2:$BD$137,$V16)) -> 29.018414 | J16: =IF($V16="","",IFERROR(INDEX(Projections!$F$2:$F$261,MATCH(INDEX(Calc!$A$2:$A$137,$V16)&"|K12",Projections!$Y$2:$Y$261,0)),"")) -> 29.5 | K16: =IF($V16="","",IFERROR(INDEX(Projections!$I$2:$I$261,MATCH(INDEX(Calc!$A$2:$A$137,$V16)&"|K12",Projections!$Y$2:$Y$261,0)),"")) -> 0.57941691 | L16: =IF($V16="","",IFERROR(INDEX(Projections!$AB$2:$AB$261,MATCH(INDEX(Calc!$A$2:$A$137,$V16)&"|K12",Projections!$Y$2:$Y$261,0)),"")) -> 0.46988591 | M16: =IF($V16="","",IFERROR(INDEX(Projections!$M$2:$M$261,MATCH(INDEX(Calc!$A$2:$A$137,$V16)&"|K12",Projections!$Y$2:$Y$261,0)),"")) -> 0 | N16: =IF($V16="","",IFERROR(INDEX(Projections!$P$2:$P$261,MATCH(INDEX(Calc!$A$2:$A$137,$V16)&"|K12",Projections!$Y$2:$Y$261,0)),"")) -> 0.6 | O16: =IF($V16="","",INDEX(Calc!$AP$2:$AP$137,$V16)) -> 0.60270637 | P16: =IF($V16="","",INDEX(Calc!$AN$2:$AN$137,$V16)) -> 18.573183 | Q16: =IF($V16="","",IFERROR(INDEX(Projections!$F$2:$F$261,MATCH(INDEX(Calc!$A$2:$A$137,$V16)&"|H12",Projections!$Y$2:$Y$261,0)),"")) -> 18 | R16: =IF($V16="","",IFERROR(INDEX(Projections!$I$2:$I$261,MATCH(INDEX(Calc!$A$2:$A$137,$V16)&"|H12",Projections!$Y$2:$Y$261,0)),"")) -> 0.5060808 | S16: =IF($V16="","",INDEX(Calc!$N$2:$N$137,$V16)) -> 35 | T16: =IF($V16="","",INDEX(Calc!$AQ$2:$AQ$137,$V16)) | V16: =IFERROR(MATCH(2,Calc!$AR$2:$AR$137,0),"") -> 69
A17: =IF($V17="","",INDEX(Calc!$D$2:$D$137,$V17)) -> FUT | B17: =IF($V17="","",INDEX(Calc!$E$2:$E$137,$V17)) -> Krabeni | C17: =IF($V17="","",INDEX(Calc!$T$2:$T$137,$V17)) -> 0.74333333 | D17: =IF($V17="","",INDEX(Calc!$AA$2:$AA$137,$V17)) -> 0.69714286 | E17: =IF($V17="","",INDEX(Calc!$V$2:$V$137,$V17)) -> 15.840433 | F17: =IF($V17="","",INDEX(Calc!$AC$2:$AC$137,$V17)) -> 14.716686 | G17: =IF($V17="","",INDEX(Calc!$AL$2:$AL$137,$V17)) -> 30.557119 | H17: =IF($V17="","",INDEX(Calc!$BK$2:$BK$137,$V17)) -> 0.98968433 | I17: =IF($V17="","",INDEX(Calc!$BD$2:$BD$137,$V17)) -> 30.241902 | J17: =IF($V17="","",IFERROR(INDEX(Projections!$F$2:$F$261,MATCH(INDEX(Calc!$A$2:$A$137,$V17)&"|K12",Projections!$Y$2:$Y$261,0)),"")) -> 30.5 | K17: =IF($V17="","",IFERROR(INDEX(Projections!$I$2:$I$261,MATCH(INDEX(Calc!$A$2:$A$137,$V17)&"|K12",Projections!$Y$2:$Y$261,0)),"")) -> 0.5034839 | L17: =IF($V17="","",IFERROR(INDEX(Projections!$AB$2:$AB$261,MATCH(INDEX(Calc!$A$2:$A$137,$V17)&"|K12",Projections!$Y$2:$Y$261,0)),"")) -> 0.48417978 | M17: =IF($V17="","",IFERROR(INDEX(Projections!$M$2:$M$261,MATCH(INDEX(Calc!$A$2:$A$137,$V17)&"|K12",Projections!$Y$2:$Y$261,0)),"")) -> 30.94 | N17: =IF($V17="","",IFERROR(INDEX(Projections!$P$2:$P$261,MATCH(INDEX(Calc!$A$2:$A$137,$V17)&"|K12",Projections!$Y$2:$Y$261,0)),"")) -> 0.4 | O17: =IF($V17="","",INDEX(Calc!$AP$2:$AP$137,$V17)) -> 0.55600828 | P17: =IF($V17="","",INDEX(Calc!$AN$2:$AN$137,$V17)) -> 16.990011 | Q17: =IF($V17="","",IFERROR(INDEX(Projections!$F$2:$F$261,MATCH(INDEX(Calc!$A$2:$A$137,$V17)&"|H12",Projections!$Y$2:$Y$261,0)),"")) -> 17.5 | R17: =IF($V17="","",IFERROR(INDEX(Projections!$I$2:$I$261,MATCH(INDEX(Calc!$A$2:$A$137,$V17)&"|H12",Projections!$Y$2:$Y$261,0)),"")) -> 0.45544865 | S17: =IF($V17="","",INDEX(Calc!$N$2:$N$137,$V17)) -> 37 | T17: =IF($V17="","",INDEX(Calc!$AQ$2:$AQ$137,$V17)) | V17: =IFERROR(MATCH(3,Calc!$AR$2:$AR$137,0),"") -> 66
A18: =IF($V18="","",INDEX(Calc!$D$2:$D$137,$V18)) -> NEMI | B18: =IF($V18="","",INDEX(Calc!$E$2:$E$137,$V18)) -> Xant3r | C18: =IF($V18="","",INDEX(Calc!$T$2:$T$137,$V18)) -> 0.71090909 | D18: =IF($V18="","",INDEX(Calc!$AA$2:$AA$137,$V18)) -> 0.72333333 | E18: =IF($V18="","",INDEX(Calc!$V$2:$V$137,$V18)) -> 15.149473 | F18: =IF($V18="","",INDEX(Calc!$AC$2:$AC$137,$V18)) -> 15.269567 | G18: =IF($V18="","",INDEX(Calc!$AL$2:$AL$137,$V18)) -> 30.419039 | H18: =IF($V18="","",INDEX(Calc!$BK$2:$BK$137,$V18)) -> 0.94160788 | I18: =IF($V18="","",INDEX(Calc!$BD$2:$BD$137,$V18)) -> 28.642807 | J18: =IF($V18="","",IFERROR(INDEX(Projections!$F$2:$F$261,MATCH(INDEX(Calc!$A$2:$A$137,$V18)&"|K12",Projections!$Y$2:$Y$261,0)),"")) -> 27 | K18: =IF($V18="","",IFERROR(INDEX(Projections!$I$2:$I$261,MATCH(INDEX(Calc!$A$2:$A$137,$V18)&"|K12",Projections!$Y$2:$Y$261,0)),"")) -> 0.67267236 | L18: =IF($V18="","",IFERROR(INDEX(Projections!$AB$2:$AB$261,MATCH(INDEX(Calc!$A$2:$A$137,$V18)&"|K12",Projections!$Y$2:$Y$261,0)),"")) -> 0.57160757 | M18: =IF($V18="","",IFERROR(INDEX(Projections!$M$2:$M$261,MATCH(INDEX(Calc!$A$2:$A$137,$V18)&"|K12",Projections!$Y$2:$Y$261,0)),"")) -> 26.72 | N18: =IF($V18="","",IFERROR(INDEX(Projections!$P$2:$P$261,MATCH(INDEX(Calc!$A$2:$A$137,$V18)&"|K12",Projections!$Y$2:$Y$261,0)),"")) -> 0.8 | O18: =IF($V18="","",INDEX(Calc!$AP$2:$AP$137,$V18)) -> 0.54161697 | P18: =IF($V18="","",INDEX(Calc!$AN$2:$AN$137,$V18)) -> 16.475468 | Q18: =IF($V18="","",IFERROR(INDEX(Projections!$F$2:$F$261,MATCH(INDEX(Calc!$A$2:$A$137,$V18)&"|H12",Projections!$Y$2:$Y$261,0)),"")) -> 15.5 | R18: =IF($V18="","",IFERROR(INDEX(Projections!$I$2:$I$261,MATCH(INDEX(Calc!$A$2:$A$137,$V18)&"|H12",Projections!$Y$2:$Y$261,0)),"")) -> 0.58623761 | S18: =IF($V18="","",INDEX(Calc!$N$2:$N$137,$V18)) -> 35 | T18: =IF($V18="","",INDEX(Calc!$AQ$2:$AQ$137,$V18)) | V18: =IFERROR(MATCH(4,Calc!$AR$2:$AR$137,0),"") -> 73
A19: =IF($V19="","",INDEX(Calc!$D$2:$D$137,$V19)) -> NEMI | B19: =IF($V19="","",INDEX(Calc!$E$2:$E$137,$V19)) -> syph0 | C19: =IF($V19="","",INDEX(Calc!$T$2:$T$137,$V19)) -> 0.72727273 | D19: =IF($V19="","",INDEX(Calc!$AA$2:$AA$137,$V19)) -> 0.70583333 | E19: =IF($V19="","",INDEX(Calc!$V$2:$V$137,$V19)) -> 15.498182 | F19: =IF($V19="","",INDEX(Calc!$AC$2:$AC$137,$V19)) -> 14.900142 | G19: =IF($V19="","",INDEX(Calc!$AL$2:$AL$137,$V19)) -> 30.398323 | H19: =IF($V19="","",INDEX(Calc!$BK$2:$BK$137,$V19)) -> 0.94156913 | I19: =IF($V19="","",INDEX(Calc!$BD$2:$BD$137,$V19)) -> 28.622123 | J19: =IF($V19="","",IFERROR(INDEX(Projections!$F$2:$F$261,MATCH(INDEX(Calc!$A$2:$A$137,$V19)&"|K12",Projections!$Y$2:$Y$261,0)),"")) -> 27.5 | K19: =IF($V19="","",IFERROR(INDEX(Projections!$I$2:$I$261,MATCH(INDEX(Calc!$A$2:$A$137,$V19)&"|K12",Projections!$Y$2:$Y$261,0)),"")) -> 0.67158039 | L19: =IF($V19="","",IFERROR(INDEX(Projections!$AB$2:$AB$261,MATCH(INDEX(Calc!$A$2:$A$137,$V19)&"|K12",Projections!$Y$2:$Y$261,0)),"")) -> 0.57035028 | M19: =IF($V19="","",IFERROR(INDEX(Projections!$M$2:$M$261,MATCH(INDEX(Calc!$A$2:$A$137,$V19)&"|K12",Projections!$Y$2:$Y$261,0)),"")) -> 27.12 | N19: =IF($V19="","",IFERROR(INDEX(Projections!$P$2:$P$261,MATCH(INDEX(Calc!$A$2:$A$137,$V19)&"|K12",Projections!$Y$2:$Y$261,0)),"")) -> 0.8 | O19: =IF($V19="","",INDEX(Calc!$AP$2:$AP$137,$V19)) -> 0.55406769 | P19: =IF($V19="","",INDEX(Calc!$AN$2:$AN$137,$V19)) -> 16.842729 | Q19: =IF($V19="","",IFERROR(INDEX(Projections!$F$2:$F$261,MATCH(INDEX(Calc!$A$2:$A$137,$V19)&"|H12",Projections!$Y$2:$Y$261,0)),"")) -> 15.5 | R19: =IF($V19="","",IFERROR(INDEX(Projections!$I$2:$I$261,MATCH(INDEX(Calc!$A$2:$A$137,$V19)&"|H12",Projections!$Y$2:$Y$261,0)),"")) -> 0.61639044 | S19: =IF($V19="","",INDEX(Calc!$N$2:$N$137,$V19)) -> 35 | T19: =IF($V19="","",INDEX(Calc!$AQ$2:$AQ$137,$V19)) | V19: =IFERROR(MATCH(5,Calc!$AR$2:$AR$137,0),"") -> 72
A20: =IF($V20="","",INDEX(Calc!$D$2:$D$137,$V20)) -> NEMI | B20: =IF($V20="","",INDEX(Calc!$E$2:$E$137,$V20)) -> robo | C20: =IF($V20="","",INDEX(Calc!$T$2:$T$137,$V20)) -> 0.70818182 | D20: =IF($V20="","",INDEX(Calc!$AA$2:$AA$137,$V20)) -> 0.6875 | E20: =IF($V20="","",INDEX(Calc!$V$2:$V$137,$V20)) -> 15.091355 | F20: =IF($V20="","",INDEX(Calc!$AC$2:$AC$137,$V20)) -> 14.513125 | G20: =IF($V20="","",INDEX(Calc!$AL$2:$AL$137,$V20)) -> 29.60448 | H20: =IF($V20="","",INDEX(Calc!$BK$2:$BK$137,$V20)) -> 0.94156936 | I20: =IF($V20="","",INDEX(Calc!$BD$2:$BD$137,$V20)) -> 27.874671 | J20: =IF($V20="","",IFERROR(INDEX(Projections!$F$2:$F$261,MATCH(INDEX(Calc!$A$2:$A$137,$V20)&"|K12",Projections!$Y$2:$Y$261,0)),"")) -> 25.5 | K20: =IF($V20="","",IFERROR(INDEX(Projections!$I$2:$I$261,MATCH(INDEX(Calc!$A$2:$A$137,$V20)&"|K12",Projections!$Y$2:$Y$261,0)),"")) -> 0.73811721 | L20: =IF($V20="","",IFERROR(INDEX(Projections!$AB$2:$AB$261,MATCH(INDEX(Calc!$A$2:$A$137,$V20)&"|K12",Projections!$Y$2:$Y$261,0)),"")) -> 0.64807631 | M20: =IF($V20="","",IFERROR(INDEX(Projections!$M$2:$M$261,MATCH(INDEX(Calc!$A$2:$A$137,$V20)&"|K12",Projections!$Y$2:$Y$261,0)),"")) -> 26 | N20: =IF($V20="","",IFERROR(INDEX(Projections!$P$2:$P$261,MATCH(INDEX(Calc!$A$2:$A$137,$V20)&"|K12",Projections!$Y$2:$Y$261,0)),"")) -> 0.7 | O20: =IF($V20="","",INDEX(Calc!$AP$2:$AP$137,$V20)) -> 0.5230693 | P20: =IF($V20="","",INDEX(Calc!$AN$2:$AN$137,$V20)) -> 15.485194 | Q20: =IF($V20="","",IFERROR(INDEX(Projections!$F$2:$F$261,MATCH(INDEX(Calc!$A$2:$A$137,$V20)&"|H12",Projections!$Y$2:$Y$261,0)),"")) -> 13.5 | R20: =IF($V20="","",IFERROR(INDEX(Projections!$I$2:$I$261,MATCH(INDEX(Calc!$A$2:$A$137,$V20)&"|H12",Projections!$Y$2:$Y$261,0)),"")) -> 0.67679869 | S20: =IF($V20="","",INDEX(Calc!$N$2:$N$137,$V20)) -> 35 | T20: =IF($V20="","",INDEX(Calc!$AQ$2:$AQ$137,$V20)) | V20: =IFERROR(MATCH(6,Calc!$AR$2:$AR$137,0),"") -> 71
A21: =IF($V21="","",INDEX(Calc!$D$2:$D$137,$V21)) -> NEMI | B21: =IF($V21="","",INDEX(Calc!$E$2:$E$137,$V21)) -> khaN | C21: =IF($V21="","",INDEX(Calc!$T$2:$T$137,$V21)) -> 0.64181818 | D21: =IF($V21="","",INDEX(Calc!$AA$2:$AA$137,$V21)) -> 0.715 | E21: =IF($V21="","",INDEX(Calc!$V$2:$V$137,$V21)) -> 13.677145 | F21: =IF($V21="","",INDEX(Calc!$AC$2:$AC$137,$V21)) -> 15.09365 | G21: =IF($V21="","",INDEX(Calc!$AL$2:$AL$137,$V21)) -> 28.770795 | H21: =IF($V21="","",INDEX(Calc!$BK$2:$BK$137,$V21)) -> 0.94168218 | I21: =IF($V21="","",INDEX(Calc!$BD$2:$BD$137,$V21)) -> 27.092945 | J21: =IF($V21="","",IFERROR(INDEX(Projections!$F$2:$F$261,MATCH(INDEX(Calc!$A$2:$A$137,$V21)&"|K12",Projections!$Y$2:$Y$261,0)),"")) -> 28.5 | K21: =IF($V21="","",IFERROR(INDEX(Projections!$I$2:$I$261,MATCH(INDEX(Calc!$A$2:$A$137,$V21)&"|K12",Projections!$Y$2:$Y$261,0)),"")) -> 0.51701687 | L21: =IF($V21="","",IFERROR(INDEX(Projections!$AB$2:$AB$261,MATCH(INDEX(Calc!$A$2:$A$137,$V21)&"|K12",Projections!$Y$2:$Y$261,0)),"")) -> 0.40964255 | M21: =IF($V21="","",IFERROR(INDEX(Projections!$M$2:$M$261,MATCH(INDEX(Calc!$A$2:$A$137,$V21)&"|K12",Projections!$Y$2:$Y$261,0)),"")) -> 28.72 | N21: =IF($V21="","",IFERROR(INDEX(Projections!$P$2:$P$261,MATCH(INDEX(Calc!$A$2:$A$137,$V21)&"|K12",Projections!$Y$2:$Y$261,0)),"")) -> 0.5 | O21: =IF($V21="","",INDEX(Calc!$AP$2:$AP$137,$V21)) -> 0.34778351 | P21: =IF($V21="","",INDEX(Calc!$AN$2:$AN$137,$V21)) -> 10.006008 | Q21: =IF($V21="","",IFERROR(INDEX(Projections!$F$2:$F$261,MATCH(INDEX(Calc!$A$2:$A$137,$V21)&"|H12",Projections!$Y$2:$Y$261,0)),"")) -> 9.5 | R21: =IF($V21="","",IFERROR(INDEX(Projections!$I$2:$I$261,MATCH(INDEX(Calc!$A$2:$A$137,$V21)&"|H12",Projections!$Y$2:$Y$261,0)),"")) -> 0.55957034 | S21: =IF($V21="","",INDEX(Calc!$N$2:$N$137,$V21)) -> 35 | T21: =IF($V21="","",INDEX(Calc!$AQ$2:$AQ$137,$V21)) | V21: =IFERROR(MATCH(7,Calc!$AR$2:$AR$137,0),"") -> 70
A22: =IF($V22="","",INDEX(Calc!$D$2:$D$137,$V22)) -> FUT | B22: =IF($V22="","",INDEX(Calc!$E$2:$E$137,$V22)) -> xfl0ud | C22: =IF($V22="","",INDEX(Calc!$T$2:$T$137,$V22)) -> 0.7 | D22: =IF($V22="","",INDEX(Calc!$AA$2:$AA$137,$V22)) -> 0.64785714 | E22: =IF($V22="","",INDEX(Calc!$V$2:$V$137,$V22)) -> 14.917 | F22: =IF($V22="","",INDEX(Calc!$AC$2:$AC$137,$V22)) -> 13.676264 | G22: =IF($V22="","",INDEX(Calc!$AL$2:$AL$137,$V22)) -> 28.593264 | H22: =IF($V22="","",INDEX(Calc!$BK$2:$BK$137,$V22)) -> 0.98969509 | I22: =IF($V22="","",INDEX(Calc!$BD$2:$BD$137,$V22)) -> 28.298613 | J22: =IF($V22="","",IFERROR(INDEX(Projections!$F$2:$F$261,MATCH(INDEX(Calc!$A$2:$A$137,$V22)&"|K12",Projections!$Y$2:$Y$261,0)),"")) -> 28.5 | K22: =IF($V22="","",IFERROR(INDEX(Projections!$I$2:$I$261,MATCH(INDEX(Calc!$A$2:$A$137,$V22)&"|K12",Projections!$Y$2:$Y$261,0)),"")) -> 0.50588049 | L22: =IF($V22="","",IFERROR(INDEX(Projections!$AB$2:$AB$261,MATCH(INDEX(Calc!$A$2:$A$137,$V22)&"|K12",Projections!$Y$2:$Y$261,0)),"")) -> 0.48723795 | M22: =IF($V22="","",IFERROR(INDEX(Projections!$M$2:$M$261,MATCH(INDEX(Calc!$A$2:$A$137,$V22)&"|K12",Projections!$Y$2:$Y$261,0)),"")) -> 29.02 | N22: =IF($V22="","",IFERROR(INDEX(Projections!$P$2:$P$261,MATCH(INDEX(Calc!$A$2:$A$137,$V22)&"|K12",Projections!$Y$2:$Y$261,0)),"")) -> 0.6 | O22: =IF($V22="","",INDEX(Calc!$AP$2:$AP$137,$V22)) -> 0.56066549 | P22: =IF($V22="","",INDEX(Calc!$AN$2:$AN$137,$V22)) -> 16.031257 | Q22: =IF($V22="","",IFERROR(INDEX(Projections!$F$2:$F$261,MATCH(INDEX(Calc!$A$2:$A$137,$V22)&"|H12",Projections!$Y$2:$Y$261,0)),"")) -> 16.5 | R22: =IF($V22="","",IFERROR(INDEX(Projections!$I$2:$I$261,MATCH(INDEX(Calc!$A$2:$A$137,$V22)&"|H12",Projections!$Y$2:$Y$261,0)),"")) -> 0.45786783 | S22: =IF($V22="","",INDEX(Calc!$N$2:$N$137,$V22)) -> 37 | T22: =IF($V22="","",INDEX(Calc!$AQ$2:$AQ$137,$V22)) | V22: =IFERROR(MATCH(8,Calc!$AR$2:$AR$137,0),"") -> 68
A23: =IF($V23="","",INDEX(Calc!$D$2:$D$137,$V23)) -> FUT | B23: =IF($V23="","",INDEX(Calc!$E$2:$E$137,$V23)) -> SunPayus | C23: =IF($V23="","",INDEX(Calc!$T$2:$T$137,$V23)) -> 0.67909091 | D23: =IF($V23="","",INDEX(Calc!$AA$2:$AA$137,$V23)) -> 0.66538462 | E23: =IF($V23="","",INDEX(Calc!$V$2:$V$137,$V23)) -> 14.471427 | F23: =IF($V23="","",INDEX(Calc!$AC$2:$AC$137,$V23)) -> 14.046269 | G23: =IF($V23="","",INDEX(Calc!$AL$2:$AL$137,$V23)) -> 28.517697 | H23: =IF($V23="","",INDEX(Calc!$BK$2:$BK$137,$V23)) -> 0.98964876 | I23: =IF($V23="","",INDEX(Calc!$BD$2:$BD$137,$V23)) -> 28.222503 | J23: =IF($V23="","",IFERROR(INDEX(Projections!$F$2:$F$261,MATCH(INDEX(Calc!$A$2:$A$137,$V23)&"|K12",Projections!$Y$2:$Y$261,0)),"")) -> 31.5 | K23: =IF($V23="","",IFERROR(INDEX(Projections!$I$2:$I$261,MATCH(INDEX(Calc!$A$2:$A$137,$V23)&"|K12",Projections!$Y$2:$Y$261,0)),"")) -> 0.31846782 | L23: =IF($V23="","",IFERROR(INDEX(Projections!$AB$2:$AB$261,MATCH(INDEX(Calc!$A$2:$A$137,$V23)&"|K12",Projections!$Y$2:$Y$261,0)),"")) -> 0.30104011 | M23: =IF($V23="","",IFERROR(INDEX(Projections!$M$2:$M$261,MATCH(INDEX(Calc!$A$2:$A$137,$V23)&"|K12",Projections!$Y$2:$Y$261,0)),"")) -> 30.46 | N23: =IF($V23="","",IFERROR(INDEX(Projections!$P$2:$P$261,MATCH(INDEX(Calc!$A$2:$A$137,$V23)&"|K12",Projections!$Y$2:$Y$261,0)),"")) -> 0.5 | O23: =IF($V23="","",INDEX(Calc!$AP$2:$AP$137,$V23)) -> 0.34116488 | P23: =IF($V23="","",INDEX(Calc!$AN$2:$AN$137,$V23)) -> 9.7292365 | Q23: =IF($V23="","",IFERROR(INDEX(Projections!$F$2:$F$261,MATCH(INDEX(Calc!$A$2:$A$137,$V23)&"|H12",Projections!$Y$2:$Y$261,0)),"")) -> 11.5 | R23: =IF($V23="","",IFERROR(INDEX(Projections!$I$2:$I$261,MATCH(INDEX(Calc!$A$2:$A$137,$V23)&"|H12",Projections!$Y$2:$Y$261,0)),"")) -> 0.29717996 | S23: =IF($V23="","",INDEX(Calc!$N$2:$N$137,$V23)) -> 34 | T23: =IF($V23="","",INDEX(Calc!$AQ$2:$AQ$137,$V23)) | V23: =IFERROR(MATCH(9,Calc!$AR$2:$AR$137,0),"") -> 67
A24: =IF($V24="","",INDEX(Calc!$D$2:$D$137,$V24)) -> FUT | B24: =IF($V24="","",INDEX(Calc!$E$2:$E$137,$V24)) -> dziugss | C24: =IF($V24="","",INDEX(Calc!$T$2:$T$137,$V24)) -> 0.62666667 | D24: =IF($V24="","",INDEX(Calc!$AA$2:$AA$137,$V24)) -> 0.58142857 | E24: =IF($V24="","",INDEX(Calc!$V$2:$V$137,$V24)) -> 13.354267 | F24: =IF($V24="","",INDEX(Calc!$AC$2:$AC$137,$V24)) -> 12.273957 | G24: =IF($V24="","",INDEX(Calc!$AL$2:$AL$137,$V24)) -> 25.628224 | H24: =IF($V24="","",INDEX(Calc!$BK$2:$BK$137,$V24)) -> 0.98969307 | I24: =IF($V24="","",INDEX(Calc!$BD$2:$BD$137,$V24)) -> 25.364076 | J24: =IF($V24="","",IFERROR(INDEX(Projections!$F$2:$F$261,MATCH(INDEX(Calc!$A$2:$A$137,$V24)&"|K12",Projections!$Y$2:$Y$261,0)),"")) -> 26.5 | K24: =IF($V24="","",IFERROR(INDEX(Projections!$I$2:$I$261,MATCH(INDEX(Calc!$A$2:$A$137,$V24)&"|K12",Projections!$Y$2:$Y$261,0)),"")) -> 0.44214235 | L24: =IF($V24="","",IFERROR(INDEX(Projections!$AB$2:$AB$261,MATCH(INDEX(Calc!$A$2:$A$137,$V24)&"|K12",Projections!$Y$2:$Y$261,0)),"")) -> 0.42441038 | M24: =IF($V24="","",IFERROR(INDEX(Projections!$M$2:$M$261,MATCH(INDEX(Calc!$A$2:$A$137,$V24)&"|K12",Projections!$Y$2:$Y$261,0)),"")) -> 26.82 | N24: =IF($V24="","",IFERROR(INDEX(Projections!$P$2:$P$261,MATCH(INDEX(Calc!$A$2:$A$137,$V24)&"|K12",Projections!$Y$2:$Y$261,0)),"")) -> 0.2 | O24: =IF($V24="","",INDEX(Calc!$AP$2:$AP$137,$V24)) -> 0.55826373 | P24: =IF($V24="","",INDEX(Calc!$AN$2:$AN$137,$V24)) -> 14.307308 | Q24: =IF($V24="","",IFERROR(INDEX(Projections!$F$2:$F$261,MATCH(INDEX(Calc!$A$2:$A$137,$V24)&"|H12",Projections!$Y$2:$Y$261,0)),"")) -> 15.5 | R24: =IF($V24="","",IFERROR(INDEX(Projections!$I$2:$I$261,MATCH(INDEX(Calc!$A$2:$A$137,$V24)&"|H12",Projections!$Y$2:$Y$261,0)),"")) -> 0.3877876 | S24: =IF($V24="","",INDEX(Calc!$N$2:$N$137,$V24)) -> 37 | T24: =IF($V24="","",INDEX(Calc!$AQ$2:$AQ$137,$V24)) | V24: =IFERROR(MATCH(10,Calc!$AR$2:$AR$137,0),"") -> 65
A25: =IF($V25="","",INDEX(Calc!$D$2:$D$137,$V25)) | B25: =IF($V25="","",INDEX(Calc!$E$2:$E$137,$V25)) | C25: =IF($V25="","",INDEX(Calc!$T$2:$T$137,$V25)) | D25: =IF($V25="","",INDEX(Calc!$AA$2:$AA$137,$V25)) | E25: =IF($V25="","",INDEX(Calc!$V$2:$V$137,$V25)) | F25: =IF($V25="","",INDEX(Calc!$AC$2:$AC$137,$V25)) | G25: =IF($V25="","",INDEX(Calc!$AL$2:$AL$137,$V25)) | H25: =IF($V25="","",INDEX(Calc!$BK$2:$BK$137,$V25)) | I25: =IF($V25="","",INDEX(Calc!$BD$2:$BD$137,$V25)) | J25: =IF($V25="","",IFERROR(INDEX(Projections!$F$2:$F$261,MATCH(INDEX(Calc!$A$2:$A$137,$V25)&"|K12",Projections!$Y$2:$Y$261,0)),"")) | K25: =IF($V25="","",IFERROR(INDEX(Projections!$I$2:$I$261,MATCH(INDEX(Calc!$A$2:$A$137,$V25)&"|K12",Projections!$Y$2:$Y$261,0)),"")) | L25: =IF($V25="","",IFERROR(INDEX(Projections!$AB$2:$AB$261,MATCH(INDEX(Calc!$A$2:$A$137,$V25)&"|K12",Projections!$Y$2:$Y$261,0)),"")) | M25: =IF($V25="","",IFERROR(INDEX(Projections!$M$2:$M$261,MATCH(INDEX(Calc!$A$2:$A$137,$V25)&"|K12",Projections!$Y$2:$Y$261,0)),"")) | N25: =IF($V25="","",IFERROR(INDEX(Projections!$P$2:$P$261,MATCH(INDEX(Calc!$A$2:$A$137,$V25)&"|K12",Projections!$Y$2:$Y$261,0)),"")) | O25: =IF($V25="","",INDEX(Calc!$AP$2:$AP$137,$V25)) | P25: =IF($V25="","",INDEX(Calc!$AN$2:$AN$137,$V25)) | Q25: =IF($V25="","",IFERROR(INDEX(Projections!$F$2:$F$261,MATCH(INDEX(Calc!$A$2:$A$137,$V25)&"|H12",Projections!$Y$2:$Y$261,0)),"")) | R25: =IF($V25="","",IFERROR(INDEX(Projections!$I$2:$I$261,MATCH(INDEX(Calc!$A$2:$A$137,$V25)&"|H12",Projections!$Y$2:$Y$261,0)),"")) | S25: =IF($V25="","",INDEX(Calc!$N$2:$N$137,$V25)) | T25: =IF($V25="","",INDEX(Calc!$AQ$2:$AQ$137,$V25)) | V25: =IFERROR(MATCH(11,Calc!$AR$2:$AR$137,0),"")
A26: =IF($V26="","",INDEX(Calc!$D$2:$D$137,$V26)) | B26: =IF($V26="","",INDEX(Calc!$E$2:$E$137,$V26)) | C26: =IF($V26="","",INDEX(Calc!$T$2:$T$137,$V26)) | D26: =IF($V26="","",INDEX(Calc!$AA$2:$AA$137,$V26)) | E26: =IF($V26="","",INDEX(Calc!$V$2:$V$137,$V26)) | F26: =IF($V26="","",INDEX(Calc!$AC$2:$AC$137,$V26)) | G26: =IF($V26="","",INDEX(Calc!$AL$2:$AL$137,$V26)) | H26: =IF($V26="","",INDEX(Calc!$BK$2:$BK$137,$V26)) | I26: =IF($V26="","",INDEX(Calc!$BD$2:$BD$137,$V26)) | J26: =IF($V26="","",IFERROR(INDEX(Projections!$F$2:$F$261,MATCH(INDEX(Calc!$A$2:$A$137,$V26)&"|K12",Projections!$Y$2:$Y$261,0)),"")) | K26: =IF($V26="","",IFERROR(INDEX(Projections!$I$2:$I$261,MATCH(INDEX(Calc!$A$2:$A$137,$V26)&"|K12",Projections!$Y$2:$Y$261,0)),"")) | L26: =IF($V26="","",IFERROR(INDEX(Projections!$AB$2:$AB$261,MATCH(INDEX(Calc!$A$2:$A$137,$V26)&"|K12",Projections!$Y$2:$Y$261,0)),"")) | M26: =IF($V26="","",IFERROR(INDEX(Projections!$M$2:$M$261,MATCH(INDEX(Calc!$A$2:$A$137,$V26)&"|K12",Projections!$Y$2:$Y$261,0)),"")) | N26: =IF($V26="","",IFERROR(INDEX(Projections!$P$2:$P$261,MATCH(INDEX(Calc!$A$2:$A$137,$V26)&"|K12",Projections!$Y$2:$Y$261,0)),"")) | O26: =IF($V26="","",INDEX(Calc!$AP$2:$AP$137,$V26)) | P26: =IF($V26="","",INDEX(Calc!$AN$2:$AN$137,$V26)) | Q26: =IF($V26="","",IFERROR(INDEX(Projections!$F$2:$F$261,MATCH(INDEX(Calc!$A$2:$A$137,$V26)&"|H12",Projections!$Y$2:$Y$261,0)),"")) | R26: =IF($V26="","",IFERROR(INDEX(Projections!$I$2:$I$261,MATCH(INDEX(Calc!$A$2:$A$137,$V26)&"|H12",Projections!$Y$2:$Y$261,0)),"")) | S26: =IF($V26="","",INDEX(Calc!$N$2:$N$137,$V26)) | T26: =IF($V26="","",INDEX(Calc!$AQ$2:$AQ$137,$V26)) | V26: =IFERROR(MATCH(12,Calc!$AR$2:$AR$137,0),"")
A28: Kills = Σ over the chosen maps of (per-map KPR, shrunk toward the player's overall KPR by SHRINK_MAPS) × rounds. HS = kills × per-map HS%, shrunk the same way. P(over) is a normal approximation with variance = KILLS_DISPERSION × projection.
A29: Adj = the round-differential layer (CS2): each map's kills × (a·s + b·(1−s)) ÷ (a·s_hist + b·(1−s_hist)), s = the team's expected round share on that map from HLTV conditional margins and Thunderpick map odds, s_hist = its round share over HLTV's 3-month sample. PAPER: neither column has a forward record.

Sheet Matches
A1: Matches — pick the maps and rounds for every match in the shaded columns
A2: Prefilled: maps from PickFinder Map Picks (#1, #2, #3), rounds from Thunderpick "Total Rounds - Map k" (devigged 50% crossing). Overwrite any shaded cell; Calc, Projections and Board follow instantly.
A4: Match | B4: Title | C4: Start (CT) | D4: Bo | E4: Team A | F4: Team B | G4: P(A wins) | H4: P(A 2-0) | I4: P(B 2-0) | J4: P(3 maps) | K4: Map pick #1 | L4: Map pick #2 | M4: Map pick #3 | N4: Picks from | O4: TP rounds M1 | P4: TP rounds M2 | Q4: TP rounds M3 | R4: P(OT) M1 | S4: A margin M1 | T4: A rounds M1 | U4: B rounds M1 | V4: TP markets | W4: Map 1 | X4: Map 2 | Y4: Map 3 | Z4: Rounds M1 | AA4: Rounds M2 | AB4: Rounds M3 | AC4: P(map 3) used | AD4: Tag A | AE4: Tag B | AF4: P(A map 1) | AG4: P(A map 2) | AH4: P(A map 3) | AI4: A hist share | AJ4: B hist share | AK4: HLTV cA M1 | AL4: HLTV cB M1 | AM4: HLTV src M1 | AN4: HLTV rounds M1 | AO4: HLTV A margin M1 | AP4: HLTV A share M1 | AQ4: HLTV cA M2 | AR4: HLTV cB M2 | AS4: HLTV src M2 | AT4: HLTV rounds M2 | AU4: HLTV A margin M2 | AV4: HLTV A share M2 | AW4: HLTV cA M3 | AX4: HLTV cB M3 | AY4: HLTV src M3 | AZ4: HLTV rounds M3 | BA4: HLTV A margin M3 | BB4: HLTV A share M3
A5: CS2 · FUT vs NEMI | B5: CS2 | C5: Thu 03:00 | D5: 3 | E5: FUT Esports (FUT) | F5: Nemiga (NEMI) | G5: 0.72052402 | H5: 0.42735406 | I5: 0.13566796 | J5: 0.43697798 | K5: Ancient 23% | L5: Dust2 19% | M5: Mirage 16% | N5: HLTV veto: played, minus first-bans (no Map Picks) | O5: 21.312553 | P5: 21.114537 | Q5: 21.222284 | R5: 0.14634146 | S5: 2.9314276 | U5: 10.5 | V5: 510 | W5: Ancient | X5: Dust2 | Y5: Mirage | Z5: 21.31 | AA5: 21.11 | AB5: 21.22 | AC5: 0.437 | AD5: FUT | AE5: NEMI | AF5: 0.6281 | AG5: 0.7014 | AH5: 0.6553 | AI5: =IFERROR(INDEX(HLTV_Teams!$N$2:$N$35,MATCH($A5&"|A",HLTV_Teams!$A$2:$A$35,0)),"") -> 0.54476338 | AJ5: =IFERROR(INDEX(HLTV_Teams!$N$2:$N$35,MATCH($A5&"|B",HLTV_Teams!$A$2:$A$35,0)),"") -> 0.53468828 | AK5: =IF($W5="","",IFERROR((SUMIFS(HLTV_Long!$B$2:$B$443,HLTV_Long!$A$2:$A$443,$A5&"|A|"&$W5&"|lw")+SUMIFS(HLTV_Long!$B$2:$B$443,HLTV_Long!$A$2:$A$443,$A5&"|B|"&$W5&"|wl"))/(COUNTIFS(HLTV_Long!$A$2:$A$443,$A5&"|A|"&$W5&"|lw")+COUNTIFS(HLTV_Long!$A$2:$A$443,$A5&"|B|"&$W5&"|wl")),IFERROR((SUMIFS(HLTV_Long!$B$2:$B$443,HLTV_Long!$A$2:$A$443,$A5&"|A|"&"ALL"&"|lw")+SUMIFS(HLTV_Long!$B$2:$B$443,HLTV_Long!$A$2:$A$443,$A5&"|B|"&"ALL"&"|wl"))/(COUNTIFS(HLTV_Long!$A$2:$A$443,$A5&"|A|"&"ALL"&"|lw")+COUNTIFS(HLTV_Long!$A$2:$A$443,$A5&"|B|"&"ALL"&"|wl")),""))) -> 8.335 | AL5: =IF($W5="","",IFERROR((SUMIFS(HLTV_Long!$B$2:$B$443,HLTV_Long!$A$2:$A$443,$A5&"|B|"&$W5&"|lw")+SUMIFS(HLTV_Long!$B$2:$B$443,HLTV_Long!$A$2:$A$443,$A5&"|A|"&$W5&"|wl"))/(COUNTIFS(HLTV_Long!$A$2:$A$443,$A5&"|B|"&$W5&"|lw")+COUNTIFS(HLTV_Long!$A$2:$A$443,$A5&"|A|"&$W5&"|wl")),IFERROR((SUMIFS(HLTV_Long!$B$2:$B$443,HLTV_Long!$A$2:$A$443,$A5&"|B|"&"ALL"&"|lw")+SUMIFS(HLTV_Long!$B$2:$B$443,HLTV_Long!$A$2:$A$443,$A5&"|A|"&"ALL"&"|wl"))/(COUNTIFS(HLTV_Long!$A$2:$A$443,$A5&"|B|"&"ALL"&"|lw")+COUNTIFS(HLTV_Long!$A$2:$A$443,$A5&"|A|"&"ALL"&"|wl")),""))) -> 9.145 | AM5: =IF($W5="","",COUNTIFS(HLTV_Long!$A$2:$A$443,$A5&"|A|"&$W5&"|lw")+COUNTIFS(HLTV_Long!$A$2:$A$443,$A5&"|B|"&$W5&"|wl")+COUNTIFS(HLTV_Long!$A$2:$A$443,$A5&"|B|"&$W5&"|lw")+COUNTIFS(HLTV_Long!$A$2:$A$443,$A5&"|A|"&$W5&"|wl")) -> 4 | AN5: =IF(OR($AK5="",$AL5="",$AF5=""),"",13+$AF5*$AK5+(1-$AF5)*$AL5) -> 21.636239 | AO5: =IF($AN5="","",$AF5*(13-$AK5)-(1-$AF5)*(13-$AL5)) -> 1.496412 | AP5: =IF($AN5="","",($AF5*13+(1-$AF5)*$AL5)/$AN5) -> 0.53458115 | AQ5: =IF($X5="","",IFERROR((SUMIFS(HLTV_Long!$B$2:$B$443,HLTV_Long!$A$2:$A$443,$A5&"|A|"&$X5&"|lw")+SUMIFS(HLTV_Long!$B$2:$B$443,HLTV_Long!$A$2:$A$443,$A5&"|B|"&$X5&"|wl"))/(COUNTIFS(HLTV_Long!$A$2:$A$443,$A5&"|A|"&$X5&"|lw")+COUNTIFS(HLTV_Long!$A$2:$A$443,$A5&"|B|"&$X5&"|wl")),IFERROR((SUMIFS(HLTV_Long!$B$2:$B$443,HLTV_Long!$A$2:$A$443,$A5&"|A|"&"ALL"&"|lw")+SUMIFS(HLTV_Long!$B$2:$B$443,HLTV_Long!$A$2:$A$443,$A5&"|B|"&"ALL"&"|wl"))/(COUNTIFS(HLTV_Long!$A$2:$A$443,$A5&"|A|"&"ALL"&"|lw")+COUNTIFS(HLTV_Long!$A$2:$A$443,$A5&"|B|"&"ALL"&"|wl")),""))) -> 9.25 | AR5: =IF($X5="","",IFERROR((SUMIFS(HLTV_Long!$B$2:$B$443,HLTV_Long!$A$2:$A$443,$A5&"|B|"&$X5&"|lw")+SUMIFS(HLTV_Long!$B$2:$B$443,HLTV_Long!$A$2:$A$443,$A5&"|A|"&$X5&"|wl"))/(COUNTIFS(HLTV_Long!$A$2:$A$443,$A5&"|B|"&$X5&"|lw")+COUNTIFS(HLTV_Long!$A$2:$A$443,$A5&"|A|"&$X5&"|wl")),IFERROR((SUMIFS(HLTV_Long!$B$2:$B$443,HLTV_Long!$A$2:$A$443,$A5&"|B|"&"ALL"&"|lw")+SUMIFS(HLTV_Long!$B$2:$B$443,HLTV_Long!$A$2:$A$443,$A5&"|A|"&"ALL"&"|wl"))/(COUNTIFS(HLTV_Long!$A$2:$A$443,$A5&"|B|"&"ALL"&"|lw")+COUNTIFS(HLTV_Long!$A$2:$A$443,$A5&"|A|"&"ALL"&"|wl")),""))) -> 8.75 | AS5: =IF($X5="","",COUNTIFS(HLTV_Long!$A$2:$A$443,$A5&"|A|"&$X5&"|lw")+COUNTIFS(HLTV_Long!$A$2:$A$443,$A5&"|B|"&$X5&"|wl")+COUNTIFS(HLTV_Long!$A$2:$A$443,$A5&"|B|"&$X5&"|lw")+COUNTIFS(HLTV_Long!$A$2:$A$443,$A5&"|A|"&$X5&"|wl")) -> 4 | AT5: =IF(OR($AQ5="",$AR5="",$AG5=""),"",13+$AG5*$AQ5+(1-$AG5)*$AR5) -> 22.1007 | AU5: =IF($AT5="","",$AG5*(13-$AQ5)-(1-$AG5)*(13-$AR5)) -> 1.3612 | AV5: =IF($AT5="","",($AG5*13+(1-$AG5)*$AR5)/$AT5) -> 0.5307954 | AW5: =IF($Y5="","",IFERROR((SUMIFS(HLTV_Long!$B$2:$B$443,HLTV_Long!$A$2:$A$443,$A5&"|A|"&$Y5&"|lw")+SUMIFS(HLTV_Long!$B$2:$B$443,HLTV_Long!$A$2:$A$443,$A5&"|B|"&$Y5&"|wl"))/(COUNTIFS(HLTV_Long!$A$2:$A$443,$A5&"|A|"&$Y5&"|lw")+COUNTIFS(HLTV_Long!$A$2:$A$443,$A5&"|B|"&$Y5&"|wl")),IFERROR((SUMIFS(HLTV_Long!$B$2:$B$443,HLTV_Long!$A$2:$A$443,$A5&"|A|"&"ALL"&"|lw")+SUMIFS(HLTV_Long!$B$2:$B$443,HLTV_Long!$A$2:$A$443,$A5&"|B|"&"ALL"&"|wl"))/(COUNTIFS(HLTV_Long!$A$2:$A$443,$A5&"|A|"&"ALL"&"|lw")+COUNTIFS(HLTV_Long!$A$2:$A$443,$A5&"|B|"&"ALL"&"|wl")),""))) -> 10.265 | AX5: =IF($Y5="","",IFERROR((SUMIFS(HLTV_Long!$B$2:$B$443,HLTV_Long!$A$2:$A$443,$A5&"|B|"&$Y5&"|lw")+SUMIFS(HLTV_Long!$B$2:$B$443,HLTV_Long!$A$2:$A$443,$A5&"|A|"&$Y5&"|wl"))/(COUNTIFS(HLTV_Long!$A$2:$A$443,$A5&"|B|"&$Y5&"|lw")+COUNTIFS(HLTV_Long!$A$2:$A$443,$A5&"|A|"&$Y5&"|wl")),IFERROR((SUMIFS(HLTV_Long!$B$2:$B$443,HLTV_Long!$A$2:$A$443,$A5&"|B|"&"ALL"&"|lw")+SUMIFS(HLTV_Long!$B$2:$B$443,HLTV_Long!$A$2:$A$443,$A5&"|A|"&"ALL"&"|wl"))/(COUNTIFS(HLTV_Long!$A$2:$A$443,$A5&"|B|"&"ALL"&"|lw")+COUNTIFS(HLTV_Long!$A$2:$A$443,$A5&"|A|"&"ALL"&"|wl")),""))) -> 10.09 | AY5: =IF($Y5="","",COUNTIFS(HLTV_Long!$A$2:$A$443,$A5&"|A|"&$Y5&"|lw")+COUNTIFS(HLTV_Long!$A$2:$A$443,$A5&"|B|"&$Y5&"|wl")+COUNTIFS(HLTV_Long!$A$2:$A$443,$A5&"|B|"&$Y5&"|lw")+COUNTIFS(HLTV_Long!$A$2:$A$443,$A5&"|A|"&$Y5&"|wl")) -> 4 | AZ5: =IF(OR($AW5="",$AX5="",$AH5=""),"",13+$AH5*$AW5+(1-$AH5)*$AX5) -> 23.204677 | BA5: =IF($AZ5="","",$AH5*(13-$AW5)-(1-$AH5)*(13-$AX5)) -> 0.7891685 | BB5: =IF($AZ5="","",($AH5*13+(1-$AH5)*$AX5)/$AZ5) -> 0.51700451
A6: CS2 · B8 vs HOTU | B6: CS2 | C6: Thu 04:00 | D6: 3 | E6: B8 (B8) | F6: HOTU (HOTU) | G6: 0.56 | H6: 0.29132726 | I6: 0.2223287 | J6: 0.48634403 | K6: Dust2 26% | L6: Cache 21% | M6: Mirage 21% | N6: HLTV veto: played, minus first-bans (no Map Picks) | O6: 21.5 | P6: 21.5 | Q6: 21.5 | R6: 0.15942029 | S6: 0.996875 | V6: 230 | W6: Dust2 | X6: Cache | Y6: Mirage | Z6: 21.5 | AA6: 21.5 | AB6: 21.5 | AC6: 0.4863 | AD6: B8 | AE6: HOTU | AF6: 0.5376 | AG6: 0.5376 | AH6: 0.5376 | AI6: =IFERROR(INDEX(HLTV_Teams!$N$2:$N$35,MATCH($A6&"|A",HLTV_Teams!$A$2:$A$35,0)),"") -> 0.53085098 | AJ6: =IFERROR(INDEX(HLTV_Teams!$N$2:$N$35,MATCH($A6&"|B",HLTV_Teams!$A$2:$A$35,0)),"") -> 0.54811927 | AK6: =IF($W6="","",IFERROR((SUMIFS(HLTV_Long!$B$2:$B$443,HLTV_Long!$A$2:$A$443,$A6&"|A|"&$W6&"|lw")+SUMIFS(HLTV_Long!$B$2:$B$443,HLTV_Long!$A$2:$A$443,$A6&"|B|"&$W6&"|wl"))/(COUNTIFS(HLTV_Long!$A$2:$A$443,$A6&"|A|"&$W6&"|lw")+COUNTIFS(HLTV_Long!$A$2:$A$443,$A6&"|B|"&$W6&"|wl")),IFERROR((SUMIFS(HLTV_Long!$B$2:$B$443,HLTV_Long!$A$2:$A$443,$A6&"|A|"&"ALL"&"|lw")+SUMIFS(HLTV_Long!$B$2:$B$443,HLTV_Long!$A$2:$A$443,$A6&"|B|"&"ALL"&"|wl"))/(COUNTIFS(HLTV_Long!$A$2:$A$443,$A6&"|A|"&"ALL"&"|lw")+COUNTIFS(HLTV_Long!$A$2:$A$443,$A6&"|B|"&"ALL"&"|wl")),""))) -> 8.42 | AL6: =IF($W6="","",IFERROR((SUMIFS(HLTV_Long!$B$2:$B$443,HLTV_Long!$A$2:$A$443,$A6&"|B|"&$W6&"|lw")+SUMIFS(HLTV_Long!$B$2:$B$443,HLTV_Long!$A$2:$A$443,$A6&"|A|"&$W6&"|wl"))/(COUNTIFS(HLTV_Long!$A$2:$A$443,$A6&"|B|"&$W6&"|lw")+COUNTIFS(HLTV_Long!$A$2:$A$443,$A6&"|A|"&$W6&"|wl")),IFERROR((SUMIFS(HLTV_Long!$B$2:$B$443,HLTV_Long!$A$2:$A$443,$A6&"|B|"&"ALL"&"|lw")+SUMIFS(HLTV_Long!$B$2:$B$443,HLTV_Long!$A$2:$A$443,$A6&"|A|"&"ALL"&"|wl"))/(COUNTIFS(HLTV_Long!$A$2:$A$443,$A6&"|B|"&"ALL"&"|lw")+COUNTIFS(HLTV_Long!$A$2:$A$443,$A6&"|A|"&"ALL"&"|wl")),""))) -> 5.935 | AM6: =IF($W6="","",COUNTIFS(HLTV_Long!$A$2:$A$443,$A6&"|A|"&$W6&"|lw")+COUNTIFS(HLTV_Long!$A$2:$A$443,$A6&"|B|"&$W6&"|wl")+COUNTIFS(HLTV_Long!$A$2:$A$443,$A6&"|B|"&$W6&"|lw")+COUNTIFS(HLTV_Long!$A$2:$A$443,$A6&"|A|"&$W6&"|wl")) -> 4 | AN6: =IF(OR($AK6="",$AL6="",$AF6=""),"",13+$AF6*$AK6+(1-$AF6)*$AL6) -> 20.270936 | AO6: =IF($AN6="","",$AF6*(13-$AK6)-(1-$AF6)*(13-$AL6)) -> -0.804648 | AP6: =IF($AN6="","",($AF6*13+(1-$AF6)*$AL6)/$AN6) -> 0.48015267 | AQ6: =IF($X6="","",IFERROR((SUMIFS(HLTV_Long!$B$2:$B$443,HLTV_Long!$A$2:$A$443,$A6&"|A|"&$X6&"|lw")+SUMIFS(HLTV_Long!$B$2:$B$443,HLTV_Long!$A$2:$A$443,$A6&"|B|"&$X6&"|wl"))/(COUNTIFS(HLTV_Long!$A$2:$A$443,$A6&"|A|"&$X6&"|lw")+COUNTIFS(HLTV_Long!$A$2:$A$443,$A6&"|B|"&$X6&"|wl")),IFERROR((SUMIFS(HLTV_Long!$B$2:$B$443,HLTV_Long!$A$2:$A$443,$A6&"|A|"&"ALL"&"|lw")+SUMIFS(HLTV_Long!$B$2:$B$443,HLTV_Long!$A$2:$A$443,$A6&"|B|"&"ALL"&"|wl"))/(COUNTIFS(HLTV_Long!$A$2:$A$443,$A6&"|A|"&"ALL"&"|lw")+COUNTIFS(HLTV_Long!$A$2:$A$443,$A6&"|B|"&"ALL"&"|wl")),""))) -> 6.645 | AR6: =IF($X6="","",IFERROR((SUMIFS(HLTV_Long!$B$2:$B$443,HLTV_Long!$A$2:$A$443,$A6&"|B|"&$X6&"|lw")+SUMIFS(HLTV_Long!$B$2:$B$443,HLTV_Long!$A$2:$A$443,$A6&"|A|"&$X6&"|wl"))/(COUNTIFS(HLTV_Long!$A$2:$A$443,$A6&"|B|"&$X6&"|lw")+COUNTIFS(HLTV_Long!$A$2:$A$443,$A6&"|A|"&$X6&"|wl")),IFERROR((SUMIFS(HLTV_Long!$B$2:$B$443,HLTV_Long!$A$2:$A$443,$A6&"|B|"&"ALL"&"|lw")+SUMIFS(HLTV_Long!$B$2:$B$443,HLTV_Long!$A$2:$A$443,$A6&"|A|"&"ALL"&"|wl"))/(COUNTIFS(HLTV_Long!$A$2:$A$443,$A6&"|B|"&"ALL"&"|lw")+COUNTIFS(HLTV_Long!$A$2:$A$443,$A6&"|A|"&"ALL"&"|wl")),""))) -> 8.32 | AS6: =IF($X6="","",COUNTIFS(HLTV_Long!$A$2:$A$443,$A6&"|A|"&$X6&"|lw")+COUNTIFS(HLTV_Long!$A$2:$A$443,$A6&"|B|"&$X6&"|wl")+COUNTIFS(HLTV_Long!$A$2:$A$443,$A6&"|B|"&$X6&"|lw")+COUNTIFS(HLTV_Long!$A$2:$A$443,$A6&"|A|"&$X6&"|wl")) -> 4 | AT6: =IF(OR($AQ6="",$AR6="",$AG6=""),"",13+$AG6*$AQ6+(1-$AG6)*$AR6) -> 20.41952 | AU6: =IF($AT6="","",$AG6*(13-$AQ6)-(1-$AG6)*(13-$AR6)) -> 1.252416 | AV6: =IF($AT6="","",($AG6*13+(1-$AG6)*$AR6)/$AT6) -> 0.53066713 | AW6: =IF($Y6="","",IFERROR((SUMIFS(HLTV_Long!$B$2:$B$443,HLTV_Long!$A$2:$A$443,$A6&"|A|"&$Y6&"|lw")+SUMIFS(HLTV_Long!$B$2:$B$443,HLTV_Long!$A$2:$A$443,$A6&"|B|"&$Y6&"|wl"))/(COUNTIFS(HLTV_Long!$A$2:$A$443,$A6&"|A|"&$Y6&"|lw")+COUNTIFS(HLTV_Long!$A$2:$A$443,$A6&"|B|"&$Y6&"|wl")),IFERROR((SUMIFS(HLTV_Long!$B$2:$B$443,HLTV_Long!$A$2:$A$443,$A6&"|A|"&"ALL"&"|lw")+SUMIFS(HLTV_Long!$B$2:$B$443,HLTV_Long!$A$2:$A$443,$A6&"|B|"&"ALL"&"|wl"))/(COUNTIFS(HLTV_Long!$A$2:$A$443,$A6&"|A|"&"ALL"&"|lw")+COUNTIFS(HLTV_Long!$A$2:$A$443,$A6&"|B|"&"ALL"&"|wl")),""))) -> 7.715 | AX6: =IF($Y6="","",IFERROR((SUMIFS(HLTV_Long!$B$2:$B$443,HLTV_Long!$A$2:$A$443,$A6&"|B|"&$Y6&"|lw")+SUMIFS(HLTV_Long!$B$2:$B$443,HLTV_Long!$A$2:$A$443,$A6&"|A|"&$Y6&"|wl"))/(COUNTIFS(HLTV_Long!$A$2:$A$443,$A6&"|B|"&$Y6&"|lw")+COUNTIFS(HLTV_Long!$A$2:$A$443,$A6&"|A|"&$Y6&"|wl")),IFERROR((SUMIFS(HLTV_Long!$B$2:$B$443,HLTV_Long!$A$2:$A$443,$A6&"|B|"&"ALL"&"|lw")+SUMIFS(HLTV_Long!$B$2:$B$443,HLTV_Long!$A$2:$A$443,$A6&"|A|"&"ALL"&"|wl"))/(COUNTIFS(HLTV_Long!$A$2:$A$443,$A6&"|B|"&"ALL"&"|lw")+COUNTIFS(HLTV_Long!$A$2:$A$443,$A6&"|A|"&"ALL"&"|wl")),""))) -> 8.855 | AY6: =IF($Y6="","",COUNTIFS(HLTV_Long!$A$2:$A$443,$A6&"|A|"&$Y6&"|lw")+COUNTIFS(HLTV_Long!$A$2:$A$443,$A6&"|B|"&$Y6&"|wl")+COUNTIFS(HLTV_Long!$A$2:$A$443,$A6&"|B|"&$Y6&"|lw")+COUNTIFS(HLTV_Long!$A$2:$A$443,$A6&"|A|"&$Y6&"|wl")) -> 4 | AZ6: =IF(OR($AW6="",$AX6="",$AH6=""),"",13+$AH6*$AW6+(1-$AH6)*$AX6) -> 21.242136 | BA6: =IF($AZ6="","",$AH6*(13-$AW6)-(1-$AH6)*(13-$AX6)) -> 0.924568 | BB6: =IF($AZ6="","",($AH6*13+(1-$AH6)*$AX6)/$AZ6) -> 0.52176259
A7: CS2 · EF vs BIG | B7: CS2 | C7: Thu 06:00 | D7: 3 | E7: Eternal Fire (EF) | F7: BIG (BIG) | G7: 0.44 | H7: 0.21176281 | I7: 0.29208663 | J7: 0.49615056 | K7: Cache 24% | L7: Ancient 20% | M7: Mirage 19% | N7: HLTV veto: played, minus first-bans (no Map Picks) | O7: 21.5 | P7: 21.423154 | Q7: 21.5 | R7: 0.15942029 | S7: -0.40417009 | V7: 228 | W7: Cache | X7: Ancient | Y7: Mirage | Z7: 21.5 | AA7: 21.42 | AB7: 21.5 | AC7: 0.4962 | AD7: EF | AE7: BIG | AF7: 0.5 | AG7: 0.418 | AH7: 0.4624 | AI7: =IFERROR(INDEX(HLTV_Teams!$N$2:$N$35,MATCH($A7&"|A",HLTV_Teams!$A$2:$A$35,0)),"") -> 0.51682331 | AJ7: =IFERROR(INDEX(HLTV_Teams!$N$2:$N$35,MATCH($A7&"|B",HLTV_Teams!$A$2:$A$35,0)),"") -> 0.50839175 | AK7: =IF($W7="","",IFERROR((SUMIFS(HLTV_Long!$B$2:$B$443,HLTV_Long!$A$2:$A$443,$A7&"|A|"&$W7&"|lw")+SUMIFS(HLTV_Long!$B$2:$B$443,HLTV_Long!$A$2:$A$443,$A7&"|B|"&$W7&"|wl"))/(COUNTIFS(HLTV_Long!$A$2:$A$443,$A7&"|A|"&$W7&"|lw")+COUNTIFS(HLTV_Long!$A$2:$A$443,$A7&"|B|"&$W7&"|wl")),IFERROR((SUMIFS(HLTV_Long!$B$2:$B$443,HLTV_Long!$A$2:$A$443,$A7&"|A|"&"ALL"&"|lw")+SUMIFS(HLTV_Long!$B$2:$B$443,HLTV_Long!$A$2:$A$443,$A7&"|B|"&"ALL"&"|wl"))/(COUNTIFS(HLTV_Long!$A$2:$A$443,$A7&"|A|"&"ALL"&"|lw")+COUNTIFS(HLTV_Long!$A$2:$A$443,$A7&"|B|"&"ALL"&"|wl")),""))) -> 8.81 | AL7: =IF($W7="","",IFERROR((SUMIFS(HLTV_Long!$B$2:$B$443,HLTV_Long!$A$2:$A$443,$A7&"|B|"&$W7&"|lw")+SUMIFS(HLTV_Long!$B$2:$B$443,HLTV_Long!$A$2:$A$443,$A7&"|A|"&$W7&"|wl"))/(COUNTIFS(HLTV_Long!$A$2:$A$443,$A7&"|B|"&$W7&"|lw")+COUNTIFS(HLTV_Long!$A$2:$A$443,$A7&"|A|"&$W7&"|wl")),IFERROR((SUMIFS(HLTV_Long!$B$2:$B$443,HLTV_Long!$A$2:$A$443,$A7&"|B|"&"ALL"&"|lw")+SUMIFS(HLTV_Long!$B$2:$B$443,HLTV_Long!$A$2:$A$443,$A7&"|A|"&"ALL"&"|wl"))/(COUNTIFS(HLTV_Long!$A$2:$A$443,$A7&"|B|"&"ALL"&"|lw")+COUNTIFS(HLTV_Long!$A$2:$A$443,$A7&"|A|"&"ALL"&"|wl")),""))) -> 8.555 | AM7: =IF($W7="","",COUNTIFS(HLTV_Long!$A$2:$A$443,$A7&"|A|"&$W7&"|lw")+COUNTIFS(HLTV_Long!$A$2:$A$443,$A7&"|B|"&$W7&"|wl")+COUNTIFS(HLTV_Long!$A$2:$A$443,$A7&"|B|"&$W7&"|lw")+COUNTIFS(HLTV_Long!$A$2:$A$443,$A7&"|A|"&$W7&"|wl")) -> 4 | AN7: =IF(OR($AK7="",$AL7="",$AF7=""),"",13+$AF7*$AK7+(1-$AF7)*$AL7) -> 21.6825 | AO7: =IF($AN7="","",$AF7*(13-$AK7)-(1-$AF7)*(13-$AL7)) -> -0.1275 | AP7: =IF($AN7="","",($AF7*13+(1-$AF7)*$AL7)/$AN7) -> 0.49705984 | AQ7: =IF($X7="","",IFERROR((SUMIFS(HLTV_Long!$B$2:$B$443,HLTV_Long!$A$2:$A$443,$A7&"|A|"&$X7&"|lw")+SUMIFS(HLTV_Long!$B$2:$B$443,HLTV_Long!$A$2:$A$443,$A7&"|B|"&$X7&"|wl"))/(COUNTIFS(HLTV_Long!$A$2:$A$443,$A7&"|A|"&$X7&"|lw")+COUNTIFS(HLTV_Long!$A$2:$A$443,$A7&"|B|"&$X7&"|wl")),IFERROR((SUMIFS(HLTV_Long!$B$2:$B$443,HLTV_Long!$A$2:$A$443,$A7&"|A|"&"ALL"&"|lw")+SUMIFS(HLTV_Long!$B$2:$B$443,HLTV_Long!$A$2:$A$443,$A7&"|B|"&"ALL"&"|wl"))/(COUNTIFS(HLTV_Long!$A$2:$A$443,$A7&"|A|"&"ALL"&"|lw")+COUNTIFS(HLTV_Long!$A$2:$A$443,$A7&"|B|"&"ALL"&"|wl")),""))) -> 9.335 | AR7: =IF($X7="","",IFERROR((SUMIFS(HLTV_Long!$B$2:$B$443,HLTV_Long!$A$2:$A$443,$A7&"|B|"&$X7&"|lw")+SUMIFS(HLTV_Long!$B$2:$B$443,HLTV_Long!$A$2:$A$443,$A7&"|A|"&$X7&"|wl"))/(COUNTIFS(HLTV_Long!$A$2:$A$443,$A7&"|B|"&$X7&"|lw")+COUNTIFS(HLTV_Long!$A$2:$A$443,$A7&"|A|"&$X7&"|wl")),IFERROR((SUMIFS(HLTV_Long!$B$2:$B$443,HLTV_Long!$A$2:$A$443,$A7&"|B|"&"ALL"&"|lw")+SUMIFS(HLTV_Long!$B$2:$B$443,HLTV_Long!$A$2:$A$443,$A7&"|A|"&"ALL"&"|wl"))/(COUNTIFS(HLTV_Long!$A$2:$A$443,$A7&"|B|"&"ALL"&"|lw")+COUNTIFS(HLTV_Long!$A$2:$A$443,$A7&"|A|"&"ALL"&"|wl")),""))) -> 8.665 | AS7: =IF($X7="","",COUNTIFS(HLTV_Long!$A$2:$A$443,$A7&"|A|"&$X7&"|lw")+COUNTIFS(HLTV_Long!$A$2:$A$443,$A7&"|B|"&$X7&"|wl")+COUNTIFS(HLTV_Long!$A$2:$A$443,$A7&"|B|"&$X7&"|lw")+COUNTIFS(HLTV_Long!$A$2:$A$443,$A7&"|A|"&$X7&"|wl")) -> 4 | AT7: =IF(OR($AQ7="",$AR7="",$AG7=""),"",13+$AG7*$AQ7+(1-$AG7)*$AR7) -> 21.94506 | AU7: =IF($AT7="","",$AG7*(13-$AQ7)-(1-$AG7)*(13-$AR7)) -> -0.991 | AV7: =IF($AT7="","",($AG7*13+(1-$AG7)*$AR7)/$AT7) -> 0.47742089 | AW7: =IF($Y7="","",IFERROR((SUMIFS(HLTV_Long!$B$2:$B$443,HLTV_Long!$A$2:$A$443,$A7&"|A|"&$Y7&"|lw")+SUMIFS(HLTV_Long!$B$2:$B$443,HLTV_Long!$A$2:$A$443,$A7&"|B|"&$Y7&"|wl"))/(COUNTIFS(HLTV_Long!$A$2:$A$443,$A7&"|A|"&$Y7&"|lw")+COUNTIFS(HLTV_Long!$A$2:$A$443,$A7&"|B|"&$Y7&"|wl")),IFERROR((SUMIFS(HLTV_Long!$B$2:$B$443,HLTV_Long!$A$2:$A$443,$A7&"|A|"&"ALL"&"|lw")+SUMIFS(HLTV_Long!$B$2:$B$443,HLTV_Long!$A$2:$A$443,$A7&"|B|"&"ALL"&"|wl"))/(COUNTIFS(HLTV_Long!$A$2:$A$443,$A7&"|A|"&"ALL"&"|lw")+COUNTIFS(HLTV_Long!$A$2:$A$443,$A7&"|B|"&"ALL"&"|wl")),""))) -> 8.55 | AX7: =IF($Y7="","",IFERROR((SUMIFS(HLTV_Long!$B$2:$B$443,HLTV_Long!$A$2:$A$443,$A7&"|B|"&$Y7&"|lw")+SUMIFS(HLTV_Long!$B$2:$B$443,HLTV_Long!$A$2:$A$443,$A7&"|A|"&$Y7&"|wl"))/(COUNTIFS(HLTV_Long!$A$2:$A$443,$A7&"|B|"&$Y7&"|lw")+COUNTIFS(HLTV_Long!$A$2:$A$443,$A7&"|A|"&$Y7&"|wl")),IFERROR((SUMIFS(HLTV_Long!$B$2:$B$443,HLTV_Long!$A$2:$A$443,$A7&"|B|"&"ALL"&"|lw")+SUMIFS(HLTV_Long!$B$2:$B$443,HLTV_Long!$A$2:$A$443,$A7&"|A|"&"ALL"&"|wl"))/(COUNTIFS(HLTV_Long!$A$2:$A$443,$A7&"|B|"&"ALL"&"|lw")+COUNTIFS(HLTV_Long!$A$2:$A$443,$A7&"|A|"&"ALL"&"|wl")),""))) -> 8.745 | AY7: =IF($Y7="","",COUNTIFS(HLTV_Long!$A$2:$A$443,$A7&"|A|"&$Y7&"|lw")+COUNTIFS(HLTV_Long!$A$2:$A$443,$A7&"|B|"&$Y7&"|wl")+COUNTIFS(HLTV_Long!$A$2:$A$443,$A7&"|B|"&$Y7&"|lw")+COUNTIFS(HLTV_Long!$A$2:$A$443,$A7&"|A|"&$Y7&"|wl")) -> 4 | AZ7: =IF(OR($AW7="",$AX7="",$AH7=""),"",13+$AH7*$AW7+(1-$AH7)*$AX7) -> 21.654832 | BA7: =IF($AZ7="","",$AH7*(13-$AW7)-(1-$AH7)*(13-$AX7)) -> -0.229808 | BB7: =IF($AZ7="","",($AH7*13+(1-$AH7)*$AX7)/$AZ7) -> 0.49469384
A8: CS2 · VIT vs NAVI | B8: CS2 | C8: Thu 06:00 | D8: 3 | E8: Vitality (VIT) | F8: Natus Vincere (NAVI) | G8: 0.71111111 | H8: 0.40363738 | I8: 0.13454579 | J8: 0.46181683 | K8: Dust2 21% | L8: Mirage 20% | M8: Inferno 18% | N8: HLTV veto: played, minus first-bans (no Map Picks) | O8: 21.358533 | P8: 21.114537 | Q8: 21.222284 | R8: 0.14634146 | S8: 2.739726 | U8: 10.714122 | V8: 515 | W8: Dust2 | X8: Mirage | Y8: Inferno | Z8: 21.36 | AA8: 21.11 | AB8: 21.22 | AC8: 0.4618 | AD8: VIT | AE8: NAVI | AF8: 0.6154 | AG8: 0.6699 | AH8: 0.6553 | AI8: =IFERROR(INDEX(HLTV_Teams!$N$2:$N$35,MATCH($A8&"|A",HLTV_Teams!$A$2:$A$35,0)),"") -> 0.56538566 | AJ8: =IFERROR(INDEX(HLTV_Teams!$N$2:$N$35,MATCH($A8&"|B",HLTV_Teams!$A$2:$A$35,0)),"") -> 0.48701814 | AK8: =IF($W8="","",IFERROR((SUMIFS(HLTV_Long!$B$2:$B$443,HLTV_Long!$A$2:$A$443,$A8&"|A|"&$W8&"|lw")+SUMIFS(HLTV_Long!$B$2:$B$443,HLTV_Long!$A$2:$A$443,$A8&"|B|"&$W8&"|wl"))/(COUNTIFS(HLTV_Long!$A$2:$A$443,$A8&"|A|"&$W8&"|lw")+COUNTIFS(HLTV_Long!$A$2:$A$443,$A8&"|B|"&$W8&"|wl")),IFERROR((SUMIFS(HLTV_Long!$B$2:$B$443,HLTV_Long!$A$2:$A$443,$A8&"|A|"&"ALL"&"|lw")+SUMIFS(HLTV_Long!$B$2:$B$443,HLTV_Long!$A$2:$A$443,$A8&"|B|"&"ALL"&"|wl"))/(COUNTIFS(HLTV_Long!$A$2:$A$443,$A8&"|A|"&"ALL"&"|lw")+COUNTIFS(HLTV_Long!$A$2:$A$443,$A8&"|B|"&"ALL"&"|wl")),""))) -> 7.875 | AL8: =IF($W8="","",IFERROR((SUMIFS(HLTV_Long!$B$2:$B$443,HLTV_Long!$A$2:$A$443,$A8&"|B|"&$W8&"|lw")+SUMIFS(HLTV_Long!$B$2:$B$443,HLTV_Long!$A$2:$A$443,$A8&"|A|"&$W8&"|wl"))/(COUNTIFS(HLTV_Long!$A$2:$A$443,$A8&"|B|"&$W8&"|lw")+COUNTIFS(HLTV_Long!$A$2:$A$443,$A8&"|A|"&$W8&"|wl")),IFERROR((SUMIFS(HLTV_Long!$B$2:$B$443,HLTV_Long!$A$2:$A$443,$A8&"|B|"&"ALL"&"|lw")+SUMIFS(HLTV_Long!$B$2:$B$443,HLTV_Long!$A$2:$A$443,$A8&"|A|"&"ALL"&"|wl"))/(COUNTIFS(HLTV_Long!$A$2:$A$443,$A8&"|B|"&"ALL"&"|lw")+COUNTIFS(HLTV_Long!$A$2:$A$443,$A8&"|A|"&"ALL"&"|wl")),""))) -> 10 | AM8: =IF($W8="","",COUNTIFS(HLTV_Long!$A$2:$A$443,$A8&"|A|"&$W8&"|lw")+COUNTIFS(HLTV_Long!$A$2:$A$443,$A8&"|B|"&$W8&"|wl")+COUNTIFS(HLTV_Long!$A$2:$A$443,$A8&"|B|"&$W8&"|lw")+COUNTIFS(HLTV_Long!$A$2:$A$443,$A8&"|A|"&$W8&"|wl")) -> 4 | AN8: =IF(OR($AK8="",$AL8="",$AF8=""),"",13+$AF8*$AK8+(1-$AF8)*$AL8) -> 21.692275 | AO8: =IF($AN8="","",$AF8*(13-$AK8)-(1-$AF8)*(13-$AL8)) -> 2.000125 | AP8: =IF($AN8="","",($AF8*13+(1-$AF8)*$AL8)/$AN8) -> 0.54610224 | AQ8: =IF($X8="","",IFERROR((SUMIFS(HLTV_Long!$B$2:$B$443,HLTV_Long!$A$2:$A$443,$A8&"|A|"&$X8&"|lw")+SUMIFS(HLTV_Long!$B$2:$B$443,HLTV_Long!$A$2:$A$443,$A8&"|B|"&$X8&"|wl"))/(COUNTIFS(HLTV_Long!$A$2:$A$443,$A8&"|A|"&$X8&"|lw")+COUNTIFS(HLTV_Long!$A$2:$A$443,$A8&"|B|"&$X8&"|wl")),IFERROR((SUMIFS(HLTV_Long!$B$2:$B$443,HLTV_Long!$A$2:$A$443,$A8&"|A|"&"ALL"&"|lw")+SUMIFS(HLTV_Long!$B$2:$B$443,HLTV_Long!$A$2:$A$443,$A8&"|B|"&"ALL"&"|wl"))/(COUNTIFS(HLTV_Long!$A$2:$A$443,$A8&"|A|"&"ALL"&"|lw")+COUNTIFS(HLTV_Long!$A$2:$A$443,$A8&"|B|"&"ALL"&"|wl")),""))) -> 7.725 | AR8: =IF($X8="","",IFERROR((SUMIFS(HLTV_Long!$B$2:$B$443,HLTV_Long!$A$2:$A$443,$A8&"|B|"&$X8&"|lw")+SUMIFS(HLTV_Long!$B$2:$B$443,HLTV_Long!$A$2:$A$443,$A8&"|A|"&$X8&"|wl"))/(COUNTIFS(HLTV_Long!$A$2:$A$443,$A8&"|B|"&$X8&"|lw")+COUNTIFS(HLTV_Long!$A$2:$A$443,$A8&"|A|"&$X8&"|wl")),IFERROR((SUMIFS(HLTV_Long!$B$2:$B$443,HLTV_Long!$A$2:$A$443,$A8&"|B|"&"ALL"&"|lw")+SUMIFS(HLTV_Long!$B$2:$B$443,HLTV_Long!$A$2:$A$443,$A8&"|A|"&"ALL"&"|wl"))/(COUNTIFS(HLTV_Long!$A$2:$A$443,$A8&"|B|"&"ALL"&"|lw")+COUNTIFS(HLTV_Long!$A$2:$A$443,$A8&"|A|"&"ALL"&"|wl")),""))) -> 7.915 | AS8: =IF($X8="","",COUNTIFS(HLTV_Long!$A$2:$A$443,$A8&"|A|"&$X8&"|lw")+COUNTIFS(HLTV_Long!$A$2:$A$443,$A8&"|B|"&$X8&"|wl")+COUNTIFS(HLTV_Long!$A$2:$A$443,$A8&"|B|"&$X8&"|lw")+COUNTIFS(HLTV_Long!$A$2:$A$443,$A8&"|A|"&$X8&"|wl")) -> 4 | AT8: =IF(OR($AQ8="",$AR8="",$AG8=""),"",13+$AG8*$AQ8+(1-$AG8)*$AR8) -> 20.787719 | AU8: =IF($AT8="","",$AG8*(13-$AQ8)-(1-$AG8)*(13-$AR8)) -> 1.855164 | AV8: =IF($AT8="","",($AG8*13+(1-$AG8)*$AR8)/$AT8) -> 0.54462163 | AW8: =IF($Y8="","",IFERROR((SUMIFS(HLTV_Long!$B$2:$B$443,HLTV_Long!$A$2:$A$443,$A8&"|A|"&$Y8&"|lw")+SUMIFS(HLTV_Long!$B$2:$B$443,HLTV_Long!$A$2:$A$443,$A8&"|B|"&$Y8&"|wl"))/(COUNTIFS(HLTV_Long!$A$2:$A$443,$A8&"|A|"&$Y8&"|lw")+COUNTIFS(HLTV_Long!$A$2:$A$443,$A8&"|B|"&$Y8&"|wl")),IFERROR((SUMIFS(HLTV_Long!$B$2:$B$443,HLTV_Long!$A$2:$A$443,$A8&"|A|"&"ALL"&"|lw")+SUMIFS(HLTV_Long!$B$2:$B$443,HLTV_Long!$A$2:$A$443,$A8&"|B|"&"ALL"&"|wl"))/(COUNTIFS(HLTV_Long!$A$2:$A$443,$A8&"|A|"&"ALL"&"|lw")+COUNTIFS(HLTV_Long!$A$2:$A$443,$A8&"|B|"&"ALL"&"|wl")),""))) -> 6.185 | AX8: =IF($Y8="","",IFERROR((SUMIFS(HLTV_Long!$B$2:$B$443,HLTV_Long!$A$2:$A$443,$A8&"|B|"&$Y8&"|lw")+SUMIFS(HLTV_Long!$B$2:$B$443,HLTV_Long!$A$2:$A$443,$A8&"|A|"&$Y8&"|wl"))/(COUNTIFS(HLTV_Long!$A$2:$A$443,$A8&"|B|"&$Y8&"|lw")+COUNTIFS(HLTV_Long!$A$2:$A$443,$A8&"|A|"&$Y8&"|wl")),IFERROR((SUMIFS(HLTV_Long!$B$2:$B$443,HLTV_Long!$A$2:$A$443,$A8&"|B|"&"ALL"&"|lw")+SUMIFS(HLTV_Long!$B$2:$B$443,HLTV_Long!$A$2:$A$443,$A8&"|A|"&"ALL"&"|wl"))/(COUNTIFS(HLTV_Long!$A$2:$A$443,$A8&"|B|"&"ALL"&"|lw")+COUNTIFS(HLTV_Long!$A$2:$A$443,$A8&"|A|"&"ALL"&"|wl")),""))) -> 8.335 | AY8: =IF($Y8="","",COUNTIFS(HLTV_Long!$A$2:$A$443,$A8&"|A|"&$Y8&"|lw")+COUNTIFS(HLTV_Long!$A$2:$A$443,$A8&"|B|"&$Y8&"|wl")+COUNTIFS(HLTV_Long!$A$2:$A$443,$A8&"|B|"&$Y8&"|lw")+COUNTIFS(HLTV_Long!$A$2:$A$443,$A8&"|A|"&$Y8&"|wl")) -> 4 | AZ8: =IF(OR($AW8="",$AX8="",$AH8=""),"",13+$AH8*$AW8+(1-$AH8)*$AX8) -> 19.926105 | BA8: =IF($AZ8="","",$AH8*(13-$AW8)-(1-$AH8)*(13-$AX8)) -> 2.857844 | BB8: =IF($AZ8="","",($AH8*13+(1-$AH8)*$AX8)/$AZ8) -> 0.57171105
A9: CS2 · FaZe vs GL | B9: CS2 | C9: Thu 07:00 | D9: 3 | E9: FaZe (FaZe) | F9: GamerLegion (GL) | G9: 0.61538462 | H9: 0.32170191 | I9: 0.18095732 | J9: 0.49734077 | K9: Ancient 22% | L9: Nuke 21% | M9: Dust2 18% | N9: HLTV veto: played, minus first-bans (no Map Picks) | O9: 21.423154 | P9: 21.423154 | Q9: 21.423154 | R9: 0.15942029 | S9: 2.0998446 | U9: 11.359493 | V9: 228 | W9: Ancient | X9: Nuke | Y9: Dust2 | Z9: 21.42 | AA9: 21.42 | AB9: 21.42 | AC9: 0.4973 | AD9: FaZe | AE9: GL | AF9: 0.5703 | AG9: 0.5703 | AH9: 0.5703 | AI9: =IFERROR(INDEX(HLTV_Teams!$N$2:$N$35,MATCH($A9&"|A",HLTV_Teams!$A$2:$A$35,0)),"") -> 0.52679641 | AJ9: =IFERROR(INDEX(HLTV_Teams!$N$2:$N$35,MATCH($A9&"|B",HLTV_Teams!$A$2:$A$35,0)),"") -> 0.50680603 | AK9: =IF($W9="","",IFERROR((SUMIFS(HLTV_Long!$B$2:$B$443,HLTV_Long!$A$2:$A$443,$A9&"|A|"&$W9&"|lw")+SUMIFS(HLTV_Long!$B$2:$B$443,HLTV_Long!$A$2:$A$443,$A9&"|B|"&$W9&"|wl"))/(COUNTIFS(HLTV_Long!$A$2:$A$443,$A9&"|A|"&$W9&"|lw")+COUNTIFS(HLTV_Long!$A$2:$A$443,$A9&"|B|"&$W9&"|wl")),IFERROR((SUMIFS(HLTV_Long!$B$2:$B$443,HLTV_Long!$A$2:$A$443,$A9&"|A|"&"ALL"&"|lw")+SUMIFS(HLTV_Long!$B$2:$B$443,HLTV_Long!$A$2:$A$443,$A9&"|B|"&"ALL"&"|wl"))/(COUNTIFS(HLTV_Long!$A$2:$A$443,$A9&"|A|"&"ALL"&"|lw")+COUNTIFS(HLTV_Long!$A$2:$A$443,$A9&"|B|"&"ALL"&"|wl")),""))) -> 8.625 | AL9: =IF($W9="","",IFERROR((SUMIFS(HLTV_Long!$B$2:$B$443,HLTV_Long!$A$2:$A$443,$A9&"|B|"&$W9&"|lw")+SUMIFS(HLTV_Long!$B$2:$B$443,HLTV_Long!$A$2:$A$443,$A9&"|A|"&$W9&"|wl"))/(COUNTIFS(HLTV_Long!$A$2:$A$443,$A9&"|B|"&$W9&"|lw")+COUNTIFS(HLTV_Long!$A$2:$A$443,$A9&"|A|"&$W9&"|wl")),IFERROR((SUMIFS(HLTV_Long!$B$2:$B$443,HLTV_Long!$A$2:$A$443,$A9&"|B|"&"ALL"&"|lw")+SUMIFS(HLTV_Long!$B$2:$B$443,HLTV_Long!$A$2:$A$443,$A9&"|A|"&"ALL"&"|wl"))/(COUNTIFS(HLTV_Long!$A$2:$A$443,$A9&"|B|"&"ALL"&"|lw")+COUNTIFS(HLTV_Long!$A$2:$A$443,$A9&"|A|"&"ALL"&"|wl")),""))) -> 9.5 | AM9: =IF($W9="","",COUNTIFS(HLTV_Long!$A$2:$A$443,$A9&"|A|"&$W9&"|lw")+COUNTIFS(HLTV_Long!$A$2:$A$443,$A9&"|B|"&$W9&"|wl")+COUNTIFS(HLTV_Long!$A$2:$A$443,$A9&"|B|"&$W9&"|lw")+COUNTIFS(HLTV_Long!$A$2:$A$443,$A9&"|A|"&$W9&"|wl")) -> 4 | AN9: =IF(OR($AK9="",$AL9="",$AF9=""),"",13+$AF9*$AK9+(1-$AF9)*$AL9) -> 22.000988 | AO9: =IF($AN9="","",$AF9*(13-$AK9)-(1-$AF9)*(13-$AL9)) -> 0.9911125 | AP9: =IF($AN9="","",($AF9*13+(1-$AF9)*$AL9)/$AN9) -> 0.52252427 | AQ9: =IF($X9="","",IFERROR((SUMIFS(HLTV_Long!$B$2:$B$443,HLTV_Long!$A$2:$A$443,$A9&"|A|"&$X9&"|lw")+SUMIFS(HLTV_Long!$B$2:$B$443,HLTV_Long!$A$2:$A$443,$A9&"|B|"&$X9&"|wl"))/(COUNTIFS(HLTV_Long!$A$2:$A$443,$A9&"|A|"&$X9&"|lw")+COUNTIFS(HLTV_Long!$A$2:$A$443,$A9&"|B|"&$X9&"|wl")),IFERROR((SUMIFS(HLTV_Long!$B$2:$B$443,HLTV_Long!$A$2:$A$443,$A9&"|A|"&"ALL"&"|lw")+SUMIFS(HLTV_Long!$B$2:$B$443,HLTV_Long!$A$2:$A$443,$A9&"|B|"&"ALL"&"|wl"))/(COUNTIFS(HLTV_Long!$A$2:$A$443,$A9&"|A|"&"ALL"&"|lw")+COUNTIFS(HLTV_Long!$A$2:$A$443,$A9&"|B|"&"ALL"&"|wl")),""))) -> 8.07 | AR9: =IF($X9="","",IFERROR((SUMIFS(HLTV_Long!$B$2:$B$443,HLTV_Long!$A$2:$A$443,$A9&"|B|"&$X9&"|lw")+SUMIFS(HLTV_Long!$B$2:$B$443,HLTV_Long!$A$2:$A$443,$A9&"|A|"&$X9&"|wl"))/(COUNTIFS(HLTV_Long!$A$2:$A$443,$A9&"|B|"&$X9&"|lw")+COUNTIFS(HLTV_Long!$A$2:$A$443,$A9&"|A|"&$X9&"|wl")),IFERROR((SUMIFS(HLTV_Long!$B$2:$B$443,HLTV_Long!$A$2:$A$443,$A9&"|B|"&"ALL"&"|lw")+SUMIFS(HLTV_Long!$B$2:$B$443,HLTV_Long!$A$2:$A$443,$A9&"|A|"&"ALL"&"|wl"))/(COUNTIFS(HLTV_Long!$A$2:$A$443,$A9&"|B|"&"ALL"&"|lw")+COUNTIFS(HLTV_Long!$A$2:$A$443,$A9&"|A|"&"ALL"&"|wl")),""))) -> 10.75 | AS9: =IF($X9="","",COUNTIFS(HLTV_Long!$A$2:$A$443,$A9&"|A|"&$X9&"|lw")+COUNTIFS(HLTV_Long!$A$2:$A$443,$A9&"|B|"&$X9&"|wl")+COUNTIFS(HLTV_Long!$A$2:$A$443,$A9&"|B|"&$X9&"|lw")+COUNTIFS(HLTV_Long!$A$2:$A$443,$A9&"|A|"&$X9&"|wl")) -> 4 | AT9: =IF(OR($AQ9="",$AR9="",$AG9=""),"",13+$AG9*$AQ9+(1-$AG9)*$AR9) -> 22.221596 | AU9: =IF($AT9="","",$AG9*(13-$AQ9)-(1-$AG9)*(13-$AR9)) -> 1.844754 | AV9: =IF($AT9="","",($AG9*13+(1-$AG9)*$AR9)/$AT9) -> 0.54150813 | AW9: =IF($Y9="","",IFERROR((SUMIFS(HLTV_Long!$B$2:$B$443,HLTV_Long!$A$2:$A$443,$A9&"|A|"&$Y9&"|lw")+SUMIFS(HLTV_Long!$B$2:$B$443,HLTV_Long!$A$2:$A$443,$A9&"|B|"&$Y9&"|wl"))/(COUNTIFS(HLTV_Long!$A$2:$A$443,$A9&"|A|"&$Y9&"|lw")+COUNTIFS(HLTV_Long!$A$2:$A$443,$A9&"|B|"&$Y9&"|wl")),IFERROR((SUMIFS(HLTV_Long!$B$2:$B$443,HLTV_Long!$A$2:$A$443,$A9&"|A|"&"ALL"&"|lw")+SUMIFS(HLTV_Long!$B$2:$B$443,HLTV_Long!$A$2:$A$443,$A9&"|B|"&"ALL"&"|wl"))/(COUNTIFS(HLTV_Long!$A$2:$A$443,$A9&"|A|"&"ALL"&"|lw")+COUNTIFS(HLTV_Long!$A$2:$A$443,$A9&"|B|"&"ALL"&"|wl")),""))) -> 10.035 | AX9: =IF($Y9="","",IFERROR((SUMIFS(HLTV_Long!$B$2:$B$443,HLTV_Long!$A$2:$A$443,$A9&"|B|"&$Y9&"|lw")+SUMIFS(HLTV_Long!$B$2:$B$443,HLTV_Long!$A$2:$A$443,$A9&"|A|"&$Y9&"|wl"))/(COUNTIFS(HLTV_Long!$A$2:$A$443,$A9&"|B|"&$Y9&"|lw")+COUNTIFS(HLTV_Long!$A$2:$A$443,$A9&"|A|"&$Y9&"|wl")),IFERROR((SUMIFS(HLTV_Long!$B$2:$B$443,HLTV_Long!$A$2:$A$443,$A9&"|B|"&"ALL"&"|lw")+SUMIFS(HLTV_Long!$B$2:$B$443,HLTV_Long!$A$2:$A$443,$A9&"|A|"&"ALL"&"|wl"))/(COUNTIFS(HLTV_Long!$A$2:$A$443,$A9&"|B|"&"ALL"&"|lw")+COUNTIFS(HLTV_Long!$A$2:$A$443,$A9&"|A|"&"ALL"&"|wl")),""))) -> 6.585 | AY9: =IF($Y9="","",COUNTIFS(HLTV_Long!$A$2:$A$443,$A9&"|A|"&$Y9&"|lw")+COUNTIFS(HLTV_Long!$A$2:$A$443,$A9&"|B|"&$Y9&"|wl")+COUNTIFS(HLTV_Long!$A$2:$A$443,$A9&"|B|"&$Y9&"|lw")+COUNTIFS(HLTV_Long!$A$2:$A$443,$A9&"|A|"&$Y9&"|wl")) -> 4 | AZ9: =IF(OR($AW9="",$AX9="",$AH9=""),"",13+$AH9*$AW9+(1-$AH9)*$AX9) -> 21.552535 | BA9: =IF($AZ9="","",$AH9*(13-$AW9)-(1-$AH9)*(13-$AX9)) -> -1.065586 | BB9: =IF($AZ9="","",($AH9*13+(1-$AH9)*$AX9)/$AZ9) -> 0.47527933
A10: CS2 · BAR vs BHE | B10: CS2 | C10: Thu 08:00 | D10: 3 | E10: BARCA (BAR) | F10: Bounty Hunters Esports (BHE) | G10: 0.61538462 | H10: 0.32170191 | I10: 0.18095732 | J10: 0.49734077 | K10: Mirage 22% | L10: Ancient 22% | M10: Cache 20% | N10: HLTV veto: played, minus first-bans (no Map Picks) | O10: 21.5 | P10: 21.358533 | Q10: 21.423154 | R10: 0.15942029 | S10: 0.996875 | U10: 12.5 | V10: 230 | W10: Mirage | X10: Ancient | Y10: Cache | Z10: 21.5 | AA10: 21.36 | AB10: 21.42 | AC10: 0.4973 | AD10: BAR | AE10: BHE | AF10: 0.5376 | AG10: 0.6154 | AH10: 0.5703 | AI10: =IFERROR(INDEX(HLTV_Teams!$N$2:$N$35,MATCH($A10&"|A",HLTV_Teams!$A$2:$A$35,0)),"") -> 0.49524086 | AJ10: =IFERROR(INDEX(HLTV_Teams!$N$2:$N$35,MATCH($A10&"|B",HLTV_Teams!$A$2:$A$35,0)),"") -> 0.50301565 | AK10: =IF($W10="","",IFERROR((SUMIFS(HLTV_Long!$B$2:$B$443,HLTV_Long!$A$2:$A$443,$A10&"|A|"&$W10&"|lw")+SUMIFS(HLTV_Long!$B$2:$B$443,HLTV_Long!$A$2:$A$443,$A10&"|B|"&$W10&"|wl"))/(COUNTIFS(HLTV_Long!$A$2:$A$443,$A10&"|A|"&$W10&"|lw")+COUNTIFS(HLTV_Long!$A$2:$A$443,$A10&"|B|"&$W10&"|wl")),IFERROR((SUMIFS(HLTV_Long!$B$2:$B$443,HLTV_Long!$A$2:$A$443,$A10&"|A|"&"ALL"&"|lw")+SUMIFS(HLTV_Long!$B$2:$B$443,HLTV_Long!$A$2:$A$443,$A10&"|B|"&"ALL"&"|wl"))/(COUNTIFS(HLTV_Long!$A$2:$A$443,$A10&"|A|"&"ALL"&"|lw")+COUNTIFS(HLTV_Long!$A$2:$A$443,$A10&"|B|"&"ALL"&"|wl")),""))) -> 8.38 | AL10: =IF($W10="","",IFERROR((SUMIFS(HLTV_Long!$B$2:$B$443,HLTV_Long!$A$2:$A$443,$A10&"|B|"&$W10&"|lw")+SUMIFS(HLTV_Long!$B$2:$B$443,HLTV_Long!$A$2:$A$443,$A10&"|A|"&$W10&"|wl"))/(COUNTIFS(HLTV_Long!$A$2:$A$443,$A10&"|B|"&$W10&"|lw")+COUNTIFS(HLTV_Long!$A$2:$A$443,$A10&"|A|"&$W10&"|wl")),IFERROR((SUMIFS(HLTV_Long!$B$2:$B$443,HLTV_Long!$A$2:$A$443,$A10&"|B|"&"ALL"&"|lw")+SUMIFS(HLTV_Long!$B$2:$B$443,HLTV_Long!$A$2:$A$443,$A10&"|A|"&"ALL"&"|wl"))/(COUNTIFS(HLTV_Long!$A$2:$A$443,$A10&"|B|"&"ALL"&"|lw")+COUNTIFS(HLTV_Long!$A$2:$A$443,$A10&"|A|"&"ALL"&"|wl")),""))) -> 8.36 | AM10: =IF($W10="","",COUNTIFS(HLTV_Long!$A$2:$A$443,$A10&"|A|"&$W10&"|lw")+COUNTIFS(HLTV_Long!$A$2:$A$443,$A10&"|B|"&$W10&"|wl")+COUNTIFS(HLTV_Long!$A$2:$A$443,$A10&"|B|"&$W10&"|lw")+COUNTIFS(HLTV_Long!$A$2:$A$443,$A10&"|A|"&$W10&"|wl")) -> 4 | AN10: =IF(OR($AK10="",$AL10="",$AF10=""),"",13+$AF10*$AK10+(1-$AF10)*$AL10) -> 21.370752 | AO10: =IF($AN10="","",$AF10*(13-$AK10)-(1-$AF10)*(13-$AL10)) -> 0.338176 | AP10: =IF($AN10="","",($AF10*13+(1-$AF10)*$AL10)/$AN10) -> 0.50791212 | AQ10: =IF($X10="","",IFERROR((SUMIFS(HLTV_Long!$B$2:$B$443,HLTV_Long!$A$2:$A$443,$A10&"|A|"&$X10&"|lw")+SUMIFS(HLTV_Long!$B$2:$B$443,HLTV_Long!$A$2:$A$443,$A10&"|B|"&$X10&"|wl"))/(COUNTIFS(HLTV_Long!$A$2:$A$443,$A10&"|A|"&$X10&"|lw")+COUNTIFS(HLTV_Long!$A$2:$A$443,$A10&"|B|"&$X10&"|wl")),IFERROR((SUMIFS(HLTV_Long!$B$2:$B$443,HLTV_Long!$A$2:$A$443,$A10&"|A|"&"ALL"&"|lw")+SUMIFS(HLTV_Long!$B$2:$B$443,HLTV_Long!$A$2:$A$443,$A10&"|B|"&"ALL"&"|wl"))/(COUNTIFS(HLTV_Long!$A$2:$A$443,$A10&"|A|"&"ALL"&"|lw")+COUNTIFS(HLTV_Long!$A$2:$A$443,$A10&"|B|"&"ALL"&"|wl")),""))) -> 10.925 | AR10: =IF($X10="","",IFERROR((SUMIFS(HLTV_Long!$B$2:$B$443,HLTV_Long!$A$2:$A$443,$A10&"|B|"&$X10&"|lw")+SUMIFS(HLTV_Long!$B$2:$B$443,HLTV_Long!$A$2:$A$443,$A10&"|A|"&$X10&"|wl"))/(COUNTIFS(HLTV_Long!$A$2:$A$443,$A10&"|B|"&$X10&"|lw")+COUNTIFS(HLTV_Long!$A$2:$A$443,$A10&"|A|"&$X10&"|wl")),IFERROR((SUMIFS(HLTV_Long!$B$2:$B$443,HLTV_Long!$A$2:$A$443,$A10&"|B|"&"ALL"&"|lw")+SUMIFS(HLTV_Long!$B$2:$B$443,HLTV_Long!$A$2:$A$443,$A10&"|A|"&"ALL"&"|wl"))/(COUNTIFS(HLTV_Long!$A$2:$A$443,$A10&"|B|"&"ALL"&"|lw")+COUNTIFS(HLTV_Long!$A$2:$A$443,$A10&"|A|"&"ALL"&"|wl")),""))) -> 6.535 | AS10: =IF($X10="","",COUNTIFS(HLTV_Long!$A$2:$A$443,$A10&"|A|"&$X10&"|lw")+COUNTIFS(HLTV_Long!$A$2:$A$443,$A10&"|B|"&$X10&"|wl")+COUNTIFS(HLTV_Long!$A$2:$A$443,$A10&"|B|"&$X10&"|lw")+COUNTIFS(HLTV_Long!$A$2:$A$443,$A10&"|A|"&$X10&"|wl")) -> 4 | AT10: =IF(OR($AQ10="",$AR10="",$AG10=""),"",13+$AG10*$AQ10+(1-$AG10)*$AR10) -> 22.236606 | AU10: =IF($AT10="","",$AG10*(13-$AQ10)-(1-$AG10)*(13-$AR10)) -> -1.209484 | AV10: =IF($AT10="","",($AG10*13+(1-$AG10)*$AR10)/$AT10) -> 0.47280421 | AW10: =IF($Y10="","",IFERROR((SUMIFS(HLTV_Long!$B$2:$B$443,HLTV_Long!$A$2:$A$443,$A10&"|A|"&$Y10&"|lw")+SUMIFS(HLTV_Long!$B$2:$B$443,HLTV_Long!$A$2:$A$443,$A10&"|B|"&$Y10&"|wl"))/(COUNTIFS(HLTV_Long!$A$2:$A$443,$A10&"|A|"&$Y10&"|lw")+COUNTIFS(HLTV_Long!$A$2:$A$443,$A10&"|B|"&$Y10&"|wl")),IFERROR((SUMIFS(HLTV_Long!$B$2:$B$443,HLTV_Long!$A$2:$A$443,$A10&"|A|"&"ALL"&"|lw")+SUMIFS(HLTV_Long!$B$2:$B$443,HLTV_Long!$A$2:$A$443,$A10&"|B|"&"ALL"&"|wl"))/(COUNTIFS(HLTV_Long!$A$2:$A$443,$A10&"|A|"&"ALL"&"|lw")+COUNTIFS(HLTV_Long!$A$2:$A$443,$A10&"|B|"&"ALL"&"|wl")),""))) -> 8.54 | AX10: =IF($Y10="","",IFERROR((SUMIFS(HLTV_Long!$B$2:$B$443,HLTV_Long!$A$2:$A$443,$A10&"|B|"&$Y10&"|lw")+SUMIFS(HLTV_Long!$B$2:$B$443,HLTV_Long!$A$2:$A$443,$A10&"|A|"&$Y10&"|wl"))/(COUNTIFS(HLTV_Long!$A$2:$A$443,$A10&"|B|"&$Y10&"|lw")+COUNTIFS(HLTV_Long!$A$2:$A$443,$A10&"|A|"&$Y10&"|wl")),IFERROR((SUMIFS(HLTV_Long!$B$2:$B$443,HLTV_Long!$A$2:$A$443,$A10&"|B|"&"ALL"&"|lw")+SUMIFS(HLTV_Long!$B$2:$B$443,HLTV_Long!$A$2:$A$443,$A10&"|A|"&"ALL"&"|wl"))/(COUNTIFS(HLTV_Long!$A$2:$A$443,$A10&"|B|"&"ALL"&"|lw")+COUNTIFS(HLTV_Long!$A$2:$A$443,$A10&"|A|"&"ALL"&"|wl")),""))) -> 8.25 | AY10: =IF($Y10="","",COUNTIFS(HLTV_Long!$A$2:$A$443,$A10&"|A|"&$Y10&"|lw")+COUNTIFS(HLTV_Long!$A$2:$A$443,$A10&"|B|"&$Y10&"|wl")+COUNTIFS(HLTV_Long!$A$2:$A$443,$A10&"|B|"&$Y10&"|lw")+COUNTIFS(HLTV_Long!$A$2:$A$443,$A10&"|A|"&$Y10&"|wl")) -> 4 | AZ10: =IF(OR($AW10="",$AX10="",$AH10=""),"",13+$AH10*$AW10+(1-$AH10)*$AX10) -> 21.415387 | BA10: =IF($AZ10="","",$AH10*(13-$AW10)-(1-$AH10)*(13-$AX10)) -> 0.502463 | BB10: =IF($AZ10="","",($AH10*13+(1-$AH10)*$AX10)/$AZ10) -> 0.51173135
A11: CS2 · IMP vs QUIN | B11: CS2 | C11: Thu 08:00 | D11: 3 | E11: Imperial (IMP) | F11: QUINTESSENCIA (QUIN) | G11: 0.93882495 | H11: 0.78199626 | I11: 0.035033432 | J11: 0.18297031 | K11: Mirage 26% | L11: Dust2 22% | M11: Inferno 21% | N11: HLTV veto: played, minus first-bans (no Map Picks) | O11: 18.558212 | P11: 18.57237 | S11: 7.330333 | V11: 171 | W11: Mirage | X11: Dust2 | Y11: Inferno | Z11: 18.56 | AA11: 18.57 | AB11: =Config!$B$7 -> 21.5 | AC11: 0.183 | AD11: IMP | AE11: QUIN | AF11: 0.884 | AG11: 0.8827 | AH11: 0.9388 | AI11: =IFERROR(INDEX(HLTV_Teams!$N$2:$N$35,MATCH($A11&"|A",HLTV_Teams!$A$2:$A$35,0)),"") -> 0.56312194 | AJ11: =IFERROR(INDEX(HLTV_Teams!$N$2:$N$35,MATCH($A11&"|B",HLTV_Teams!$A$2:$A$35,0)),"") -> 0.51172882 | AK11: =IF($W11="","",IFERROR((SUMIFS(HLTV_Long!$B$2:$B$443,HLTV_Long!$A$2:$A$443,$A11&"|A|"&$W11&"|lw")+SUMIFS(HLTV_Long!$B$2:$B$443,HLTV_Long!$A$2:$A$443,$A11&"|B|"&$W11&"|wl"))/(COUNTIFS(HLTV_Long!$A$2:$A$443,$A11&"|A|"&$W11&"|lw")+COUNTIFS(HLTV_Long!$A$2:$A$443,$A11&"|B|"&$W11&"|wl")),IFERROR((SUMIFS(HLTV_Long!$B$2:$B$443,HLTV_Long!$A$2:$A$443,$A11&"|A|"&"ALL"&"|lw")+SUMIFS(HLTV_Long!$B$2:$B$443,HLTV_Long!$A$2:$A$443,$A11&"|B|"&"ALL"&"|wl"))/(COUNTIFS(HLTV_Long!$A$2:$A$443,$A11&"|A|"&"ALL"&"|lw")+COUNTIFS(HLTV_Long!$A$2:$A$443,$A11&"|B|"&"ALL"&"|wl")),""))) -> 7.375 | AL11: =IF($W11="","",IFERROR((SUMIFS(HLTV_Long!$B$2:$B$443,HLTV_Long!$A$2:$A$443,$A11&"|B|"&$W11&"|lw")+SUMIFS(HLTV_Long!$B$2:$B$443,HLTV_Long!$A$2:$A$443,$A11&"|A|"&$W11&"|wl"))/(COUNTIFS(HLTV_Long!$A$2:$A$443,$A11&"|B|"&$W11&"|lw")+COUNTIFS(HLTV_Long!$A$2:$A$443,$A11&"|A|"&$W11&"|wl")),IFERROR((SUMIFS(HLTV_Long!$B$2:$B$443,HLTV_Long!$A$2:$A$443,$A11&"|B|"&"ALL"&"|lw")+SUMIFS(HLTV_Long!$B$2:$B$443,HLTV_Long!$A$2:$A$443,$A11&"|A|"&"ALL"&"|wl"))/(COUNTIFS(HLTV_Long!$A$2:$A$443,$A11&"|B|"&"ALL"&"|lw")+COUNTIFS(HLTV_Long!$A$2:$A$443,$A11&"|A|"&"ALL"&"|wl")),""))) -> 7.165 | AM11: =IF($W11="","",COUNTIFS(HLTV_Long!$A$2:$A$443,$A11&"|A|"&$W11&"|lw")+COUNTIFS(HLTV_Long!$A$2:$A$443,$A11&"|B|"&$W11&"|wl")+COUNTIFS(HLTV_Long!$A$2:$A$443,$A11&"|B|"&$W11&"|lw")+COUNTIFS(HLTV_Long!$A$2:$A$443,$A11&"|A|"&$W11&"|wl")) -> 4 | AN11: =IF(OR($AK11="",$AL11="",$AF11=""),"",13+$AF11*$AK11+(1-$AF11)*$AL11) -> 20.35064 | AO11: =IF($AN11="","",$AF11*(13-$AK11)-(1-$AF11)*(13-$AL11)) -> 4.29564 | AP11: =IF($AN11="","",($AF11*13+(1-$AF11)*$AL11)/$AN11) -> 0.60554066 | AQ11: =IF($X11="","",IFERROR((SUMIFS(HLTV_Long!$B$2:$B$443,HLTV_Long!$A$2:$A$443,$A11&"|A|"&$X11&"|lw")+SUMIFS(HLTV_Long!$B$2:$B$443,HLTV_Long!$A$2:$A$443,$A11&"|B|"&$X11&"|wl"))/(COUNTIFS(HLTV_Long!$A$2:$A$443,$A11&"|A|"&$X11&"|lw")+COUNTIFS(HLTV_Long!$A$2:$A$443,$A11&"|B|"&$X11&"|wl")),IFERROR((SUMIFS(HLTV_Long!$B$2:$B$443,HLTV_Long!$A$2:$A$443,$A11&"|A|"&"ALL"&"|lw")+SUMIFS(HLTV_Long!$B$2:$B$443,HLTV_Long!$A$2:$A$443,$A11&"|B|"&"ALL"&"|wl"))/(COUNTIFS(HLTV_Long!$A$2:$A$443,$A11&"|A|"&"ALL"&"|lw")+COUNTIFS(HLTV_Long!$A$2:$A$443,$A11&"|B|"&"ALL"&"|wl")),""))) -> 8.055 | AR11: =IF($X11="","",IFERROR((SUMIFS(HLTV_Long!$B$2:$B$443,HLTV_Long!$A$2:$A$443,$A11&"|B|"&$X11&"|lw")+SUMIFS(HLTV_Long!$B$2:$B$443,HLTV_Long!$A$2:$A$443,$A11&"|A|"&$X11&"|wl"))/(COUNTIFS(HLTV_Long!$A$2:$A$443,$A11&"|B|"&$X11&"|lw")+COUNTIFS(HLTV_Long!$A$2:$A$443,$A11&"|A|"&$X11&"|wl")),IFERROR((SUMIFS(HLTV_Long!$B$2:$B$443,HLTV_Long!$A$2:$A$443,$A11&"|B|"&"ALL"&"|lw")+SUMIFS(HLTV_Long!$B$2:$B$443,HLTV_Long!$A$2:$A$443,$A11&"|A|"&"ALL"&"|wl"))/(COUNTIFS(HLTV_Long!$A$2:$A$443,$A11&"|B|"&"ALL"&"|lw")+COUNTIFS(HLTV_Long!$A$2:$A$443,$A11&"|A|"&"ALL"&"|wl")),""))) -> 8.125 | AS11: =IF($X11="","",COUNTIFS(HLTV_Long!$A$2:$A$443,$A11&"|A|"&$X11&"|lw")+COUNTIFS(HLTV_Long!$A$2:$A$443,$A11&"|B|"&$X11&"|wl")+COUNTIFS(HLTV_Long!$A$2:$A$443,$A11&"|B|"&$X11&"|lw")+COUNTIFS(HLTV_Long!$A$2:$A$443,$A11&"|A|"&$X11&"|wl")) -> 4 | AT11: =IF(OR($AQ11="",$AR11="",$AG11=""),"",13+$AG11*$AQ11+(1-$AG11)*$AR11) -> 21.063211 | AU11: =IF($AT11="","",$AG11*(13-$AQ11)-(1-$AG11)*(13-$AR11)) -> 3.793114 | AV11: =IF($AT11="","",($AG11*13+(1-$AG11)*$AR11)/$AT11) -> 0.59004121 | AW11: =IF($Y11="","",IFERROR((SUMIFS(HLTV_Long!$B$2:$B$443,HLTV_Long!$A$2:$A$443,$A11&"|A|"&$Y11&"|lw")+SUMIFS(HLTV_Long!$B$2:$B$443,HLTV_Long!$A$2:$A$443,$A11&"|B|"&$Y11&"|wl"))/(COUNTIFS(HLTV_Long!$A$2:$A$443,$A11&"|A|"&$Y11&"|lw")+COUNTIFS(HLTV_Long!$A$2:$A$443,$A11&"|B|"&$Y11&"|wl")),IFERROR((SUMIFS(HLTV_Long!$B$2:$B$443,HLTV_Long!$A$2:$A$443,$A11&"|A|"&"ALL"&"|lw")+SUMIFS(HLTV_Long!$B$2:$B$443,HLTV_Long!$A$2:$A$443,$A11&"|B|"&"ALL"&"|wl"))/(COUNTIFS(HLTV_Long!$A$2:$A$443,$A11&"|A|"&"ALL"&"|lw")+COUNTIFS(HLTV_Long!$A$2:$A$443,$A11&"|B|"&"ALL"&"|wl")),""))) -> 7.04 | AX11: =IF($Y11="","",IFERROR((SUMIFS(HLTV_Long!$B$2:$B$443,HLTV_Long!$A$2:$A$443,$A11&"|B|"&$Y11&"|lw")+SUMIFS(HLTV_Long!$B$2:$B$443,HLTV_Long!$A$2:$A$443,$A11&"|A|"&$Y11&"|wl"))/(COUNTIFS(HLTV_Long!$A$2:$A$443,$A11&"|B|"&$Y11&"|lw")+COUNTIFS(HLTV_Long!$A$2:$A$443,$A11&"|A|"&$Y11&"|wl")),IFERROR((SUMIFS(HLTV_Long!$B$2:$B$443,HLTV_Long!$A$2:$A$443,$A11&"|B|"&"ALL"&"|lw")+SUMIFS(HLTV_Long!$B$2:$B$443,HLTV_Long!$A$2:$A$443,$A11&"|A|"&"ALL"&"|wl"))/(COUNTIFS(HLTV_Long!$A$2:$A$443,$A11&"|B|"&"ALL"&"|lw")+COUNTIFS(HLTV_Long!$A$2:$A$443,$A11&"|A|"&"ALL"&"|wl")),""))) -> 9.47 | AY11: =IF($Y11="","",COUNTIFS(HLTV_Long!$A$2:$A$443,$A11&"|A|"&$Y11&"|lw")+COUNTIFS(HLTV_Long!$A$2:$A$443,$A11&"|B|"&$Y11&"|wl")+COUNTIFS(HLTV_Long!$A$2:$A$443,$A11&"|B|"&$Y11&"|lw")+COUNTIFS(HLTV_Long!$A$2:$A$443,$A11&"|A|"&$Y11&"|wl")) -> 4 | AZ11: =IF(OR($AW11="",$AX11="",$AH11=""),"",13+$AH11*$AW11+(1-$AH11)*$AX11) -> 20.188716 | BA11: =IF($AZ11="","",$AH11*(13-$AW11)-(1-$AH11)*(13-$AX11)) -> 5.379212 | BB11: =IF($AZ11="","",($AH11*13+(1-$AH11)*$AX11)/$AZ11) -> 0.63322323
A12: CS2 [NO MARKET] · 100T vs Arena Pro | B12: CS2 | C12: Thu 08:00 | D12: 3 | E12: 100T (100T) | F12: Arena Pro (Arena Pro) | K12: Dust2 23% | L12: Ancient 18% | M12: Nuke 16% | N12: HLTV veto: played, minus first-bans (no Map Picks) | V12: 0 | W12: Dust2 | X12: Ancient | Y12: Nuke | Z12: =Config!$B$7 -> 21.5 | AA12: =Config!$B$7 -> 21.5 | AB12: =Config!$B$7 -> 21.5 | AC12: 0 | AD12: 100T | AE12: Arena Pro | AI12: =IFERROR(INDEX(HLTV_Teams!$N$2:$N$35,MATCH($A12&"|A",HLTV_Teams!$A$2:$A$35,0)),"") -> 0.54253266 | AJ12: =IFERROR(INDEX(HLTV_Teams!$N$2:$N$35,MATCH($A12&"|B",HLTV_Teams!$A$2:$A$35,0)),"") | AK12: =IF($W12="","",IFERROR((SUMIFS(HLTV_Long!$B$2:$B$443,HLTV_Long!$A$2:$A$443,$A12&"|A|"&$W12&"|lw")+SUMIFS(HLTV_Long!$B$2:$B$443,HLTV_Long!$A$2:$A$443,$A12&"|B|"&$W12&"|wl"))/(COUNTIFS(HLTV_Long!$A$2:$A$443,$A12&"|A|"&$W12&"|lw")+COUNTIFS(HLTV_Long!$A$2:$A$443,$A12&"|B|"&$W12&"|wl")),IFERROR((SUMIFS(HLTV_Long!$B$2:$B$443,HLTV_Long!$A$2:$A$443,$A12&"|A|"&"ALL"&"|lw")+SUMIFS(HLTV_Long!$B$2:$B$443,HLTV_Long!$A$2:$A$443,$A12&"|B|"&"ALL"&"|wl"))/(COUNTIFS(HLTV_Long!$A$2:$A$443,$A12&"|A|"&"ALL"&"|lw")+COUNTIFS(HLTV_Long!$A$2:$A$443,$A12&"|B|"&"ALL"&"|wl")),""))) -> 6.08 | AL12: =IF($W12="","",IFERROR((SUMIFS(HLTV_Long!$B$2:$B$443,HLTV_Long!$A$2:$A$443,$A12&"|B|"&$W12&"|lw")+SUMIFS(HLTV_Long!$B$2:$B$443,HLTV_Long!$A$2:$A$443,$A12&"|A|"&$W12&"|wl"))/(COUNTIFS(HLTV_Long!$A$2:$A$443,$A12&"|B|"&$W12&"|lw")+COUNTIFS(HLTV_Long!$A$2:$A$443,$A12&"|A|"&$W12&"|wl")),IFERROR((SUMIFS(HLTV_Long!$B$2:$B$443,HLTV_Long!$A$2:$A$443,$A12&"|B|"&"ALL"&"|lw")+SUMIFS(HLTV_Long!$B$2:$B$443,HLTV_Long!$A$2:$A$443,$A12&"|A|"&"ALL"&"|wl"))/(COUNTIFS(HLTV_Long!$A$2:$A$443,$A12&"|B|"&"ALL"&"|lw")+COUNTIFS(HLTV_Long!$A$2:$A$443,$A12&"|A|"&"ALL"&"|wl")),""))) -> 5 | AM12: =IF($W12="","",COUNTIFS(HLTV_Long!$A$2:$A$443,$A12&"|A|"&$W12&"|lw")+COUNTIFS(HLTV_Long!$A$2:$A$443,$A12&"|B|"&$W12&"|wl")+COUNTIFS(HLTV_Long!$A$2:$A$443,$A12&"|B|"&$W12&"|lw")+COUNTIFS(HLTV_Long!$A$2:$A$443,$A12&"|A|"&$W12&"|wl")) -> 2 | AN12: =IF(OR($AK12="",$AL12="",$AF12=""),"",13+$AF12*$AK12+(1-$AF12)*$AL12) | AO12: =IF($AN12="","",$AF12*(13-$AK12)-(1-$AF12)*(13-$AL12)) | AP12: =IF($AN12="","",($AF12*13+(1-$AF12)*$AL12)/$AN12) | AQ12: =IF($X12="","",IFERROR((SUMIFS(HLTV_Long!$B$2:$B$443,HLTV_Long!$A$2:$A$443,$A12&"|A|"&$X12&"|lw")+SUMIFS(HLTV_Long!$B$2:$B$443,HLTV_Long!$A$2:$A$443,$A12&"|B|"&$X12&"|wl"))/(COUNTIFS(HLTV_Long!$A$2:$A$443,$A12&"|A|"&$X12&"|lw")+COUNTIFS(HLTV_Long!$A$2:$A$443,$A12&"|B|"&$X12&"|wl")),IFERROR((SUMIFS(HLTV_Long!$B$2:$B$443,HLTV_Long!$A$2:$A$443,$A12&"|A|"&"ALL"&"|lw")+SUMIFS(HLTV_Long!$B$2:$B$443,HLTV_Long!$A$2:$A$443,$A12&"|B|"&"ALL"&"|wl"))/(COUNTIFS(HLTV_Long!$A$2:$A$443,$A12&"|A|"&"ALL"&"|lw")+COUNTIFS(HLTV_Long!$A$2:$A$443,$A12&"|B|"&"ALL"&"|wl")),""))) -> 7.75 | AR12: =IF($X12="","",IFERROR((SUMIFS(HLTV_Long!$B$2:$B$443,HLTV_Long!$A$2:$A$443,$A12&"|B|"&$X12&"|lw")+SUMIFS(HLTV_Long!$B$2:$B$443,HLTV_Long!$A$2:$A$443,$A12&"|A|"&$X12&"|wl"))/(COUNTIFS(HLTV_Long!$A$2:$A$443,$A12&"|B|"&$X12&"|lw")+COUNTIFS(HLTV_Long!$A$2:$A$443,$A12&"|A|"&$X12&"|wl")),IFERROR((SUMIFS(HLTV_Long!$B$2:$B$443,HLTV_Long!$A$2:$A$443,$A12&"|B|"&"ALL"&"|lw")+SUMIFS(HLTV_Long!$B$2:$B$443,HLTV_Long!$A$2:$A$443,$A12&"|A|"&"ALL"&"|wl"))/(COUNTIFS(HLTV_Long!$A$2:$A$443,$A12&"|B|"&"ALL"&"|lw")+COUNTIFS(HLTV_Long!$A$2:$A$443,$A12&"|A|"&"ALL"&"|wl")),""))) -> 8.2 | AS12: =IF($X12="","",COUNTIFS(HLTV_Long!$A$2:$A$443,$A12&"|A|"&$X12&"|lw")+COUNTIFS(HLTV_Long!$A$2:$A$443,$A12&"|B|"&$X12&"|wl")+COUNTIFS(HLTV_Long!$A$2:$A$443,$A12&"|B|"&$X12&"|lw")+COUNTIFS(HLTV_Long!$A$2:$A$443,$A12&"|A|"&$X12&"|wl")) -> 2 | AT12: =IF(OR($AQ12="",$AR12="",$AG12=""),"",13+$AG12*$AQ12+(1-$AG12)*$AR12) | AU12: =IF($AT12="","",$AG12*(13-$AQ12)-(1-$AG12)*(13-$AR12)) | AV12: =IF($AT12="","",($AG12*13+(1-$AG12)*$AR12)/$AT12) | AW12: =IF($Y12="","",IFERROR((SUMIFS(HLTV_Long!$B$2:$B$443,HLTV_Long!$A$2:$A$443,$A12&"|A|"&$Y12&"|lw")+SUMIFS(HLTV_Long!$B$2:$B$443,HLTV_Long!$A$2:$A$443,$A12&"|B|"&$Y12&"|wl"))/(COUNTIFS(HLTV_Long!$A$2:$A$443,$A12&"|A|"&$Y12&"|lw")+COUNTIFS(HLTV_Long!$A$2:$A$443,$A12&"|B|"&$Y12&"|wl")),IFERROR((SUMIFS(HLTV_Long!$B$2:$B$443,HLTV_Long!$A$2:$A$443,$A12&"|A|"&"ALL"&"|lw")+SUMIFS(HLTV_Long!$B$2:$B$443,HLTV_Long!$A$2:$A$443,$A12&"|B|"&"ALL"&"|wl"))/(COUNTIFS(HLTV_Long!$A$2:$A$443,$A12&"|A|"&"ALL"&"|lw")+COUNTIFS(HLTV_Long!$A$2:$A$443,$A12&"|B|"&"ALL"&"|wl")),""))) -> 7 | AX12: =IF($Y12="","",IFERROR((SUMIFS(HLTV_Long!$B$2:$B$443,HLTV_Long!$A$2:$A$443,$A12&"|B|"&$Y12&"|lw")+SUMIFS(HLTV_Long!$B$2:$B$443,HLTV_Long!$A$2:$A$443,$A12&"|A|"&$Y12&"|wl"))/(COUNTIFS(HLTV_Long!$A$2:$A$443,$A12&"|B|"&$Y12&"|lw")+COUNTIFS(HLTV_Long!$A$2:$A$443,$A12&"|A|"&$Y12&"|wl")),IFERROR((SUMIFS(HLTV_Long!$B$2:$B$443,HLTV_Long!$A$2:$A$443,$A12&"|B|"&"ALL"&"|lw")+SUMIFS(HLTV_Long!$B$2:$B$443,HLTV_Long!$A$2:$A$443,$A12&"|A|"&"ALL"&"|wl"))/(COUNTIFS(HLTV_Long!$A$2:$A$443,$A12&"|B|"&"ALL"&"|lw")+COUNTIFS(HLTV_Long!$A$2:$A$443,$A12&"|A|"&"ALL"&"|wl")),""))) -> 7.33 | AY12: =IF($Y12="","",COUNTIFS(HLTV_Long!$A$2:$A$443,$A12&"|A|"&$Y12&"|lw")+COUNTIFS(HLTV_Long!$A$2:$A$443,$A12&"|B|"&$Y12&"|wl")+COUNTIFS(HLTV_Long!$A$2:$A$443,$A12&"|B|"&$Y12&"|lw")+COUNTIFS(HLTV_Long!$A$2:$A$443,$A12&"|A|"&$Y12&"|wl")) -> 2 | AZ12: =IF(OR($AW12="",$AX12="",$AH12=""),"",13+$AH12*$AW12+(1-$AH12)*$AX12) | BA12: =IF($AZ12="","",$AH12*(13-$AW12)-(1-$AH12)*(13-$AX12)) | BB12: =IF($AZ12="","",($AH12*13+(1-$AH12)*$AX12)/$AZ12)
A13: CS2 · AST vs ICE | B13: CS2 | C13: Thu 08:30 | D13: 3 | E13: Astralis (AST) | F13: Inner Circle (ICE) | G13: 0.51891892 | H13: 0.26645502 | I13: 0.22438317 | J13: 0.50916181 | K13: Ancient 27% | L13: Cache 22% | M13: Nuke 19% | N13: HLTV veto: played, minus first-bans (no Map Picks) | O13: 21.5 | P13: 21.5 | Q13: 21.5 | R13: 0.15942029 | S13: 1.3648957 | U13: 12.5 | V13: 228 | W13: Ancient | X13: Cache | Y13: Nuke | Z13: 21.5 | AA13: 21.5 | AB13: 21.5 | AC13: 0.5092 | AD13: AST | AE13: ICE | AF13: 0.5496 | AG13: 0.4811 | AH13: 0.5081 | AI13: =IFERROR(INDEX(HLTV_Teams!$N$2:$N$35,MATCH($A13&"|A",HLTV_Teams!$A$2:$A$35,0)),"") -> 0.53787684 | AJ13: =IFERROR(INDEX(HLTV_Teams!$N$2:$N$35,MATCH($A13&"|B",HLTV_Teams!$A$2:$A$35,0)),"") -> 0.50680131 | AK13: =IF($W13="","",IFERROR((SUMIFS(HLTV_Long!$B$2:$B$443,HLTV_Long!$A$2:$A$443,$A13&"|A|"&$W13&"|lw")+SUMIFS(HLTV_Long!$B$2:$B$443,HLTV_Long!$A$2:$A$443,$A13&"|B|"&$W13&"|wl"))/(COUNTIFS(HLTV_Long!$A$2:$A$443,$A13&"|A|"&$W13&"|lw")+COUNTIFS(HLTV_Long!$A$2:$A$443,$A13&"|B|"&$W13&"|wl")),IFERROR((SUMIFS(HLTV_Long!$B$2:$B$443,HLTV_Long!$A$2:$A$443,$A13&"|A|"&"ALL"&"|lw")+SUMIFS(HLTV_Long!$B$2:$B$443,HLTV_Long!$A$2:$A$443,$A13&"|B|"&"ALL"&"|wl"))/(COUNTIFS(HLTV_Long!$A$2:$A$443,$A13&"|A|"&"ALL"&"|lw")+COUNTIFS(HLTV_Long!$A$2:$A$443,$A13&"|B|"&"ALL"&"|wl")),""))) -> 6.96 | AL13: =IF($W13="","",IFERROR((SUMIFS(HLTV_Long!$B$2:$B$443,HLTV_Long!$A$2:$A$443,$A13&"|B|"&$W13&"|lw")+SUMIFS(HLTV_Long!$B$2:$B$443,HLTV_Long!$A$2:$A$443,$A13&"|A|"&$W13&"|wl"))/(COUNTIFS(HLTV_Long!$A$2:$A$443,$A13&"|B|"&$W13&"|lw")+COUNTIFS(HLTV_Long!$A$2:$A$443,$A13&"|A|"&$W13&"|wl")),IFERROR((SUMIFS(HLTV_Long!$B$2:$B$443,HLTV_Long!$A$2:$A$443,$A13&"|B|"&"ALL"&"|lw")+SUMIFS(HLTV_Long!$B$2:$B$443,HLTV_Long!$A$2:$A$443,$A13&"|A|"&"ALL"&"|wl"))/(COUNTIFS(HLTV_Long!$A$2:$A$443,$A13&"|B|"&"ALL"&"|lw")+COUNTIFS(HLTV_Long!$A$2:$A$443,$A13&"|A|"&"ALL"&"|wl")),""))) -> 7.625 | AM13: =IF($W13="","",COUNTIFS(HLTV_Long!$A$2:$A$443,$A13&"|A|"&$W13&"|lw")+COUNTIFS(HLTV_Long!$A$2:$A$443,$A13&"|B|"&$W13&"|wl")+COUNTIFS(HLTV_Long!$A$2:$A$443,$A13&"|B|"&$W13&"|lw")+COUNTIFS(HLTV_Long!$A$2:$A$443,$A13&"|A|"&$W13&"|wl")) -> 4 | AN13: =IF(OR($AK13="",$AL13="",$AF13=""),"",13+$AF13*$AK13+(1-$AF13)*$AL13) -> 20.259516 | AO13: =IF($AN13="","",$AF13*(13-$AK13)-(1-$AF13)*(13-$AL13)) -> 0.898684 | AP13: =IF($AN13="","",($AF13*13+(1-$AF13)*$AL13)/$AN13) -> 0.52217931 | AQ13: =IF($X13="","",IFERROR((SUMIFS(HLTV_Long!$B$2:$B$443,HLTV_Long!$A$2:$A$443,$A13&"|A|"&$X13&"|lw")+SUMIFS(HLTV_Long!$B$2:$B$443,HLTV_Long!$A$2:$A$443,$A13&"|B|"&$X13&"|wl"))/(COUNTIFS(HLTV_Long!$A$2:$A$443,$A13&"|A|"&$X13&"|lw")+COUNTIFS(HLTV_Long!$A$2:$A$443,$A13&"|B|"&$X13&"|wl")),IFERROR((SUMIFS(HLTV_Long!$B$2:$B$443,HLTV_Long!$A$2:$A$443,$A13&"|A|"&"ALL"&"|lw")+SUMIFS(HLTV_Long!$B$2:$B$443,HLTV_Long!$A$2:$A$443,$A13&"|B|"&"ALL"&"|wl"))/(COUNTIFS(HLTV_Long!$A$2:$A$443,$A13&"|A|"&"ALL"&"|lw")+COUNTIFS(HLTV_Long!$A$2:$A$443,$A13&"|B|"&"ALL"&"|wl")),""))) -> 6.69 | AR13: =IF($X13="","",IFERROR((SUMIFS(HLTV_Long!$B$2:$B$443,HLTV_Long!$A$2:$A$443,$A13&"|B|"&$X13&"|lw")+SUMIFS(HLTV_Long!$B$2:$B$443,HLTV_Long!$A$2:$A$443,$A13&"|A|"&$X13&"|wl"))/(COUNTIFS(HLTV_Long!$A$2:$A$443,$A13&"|B|"&$X13&"|lw")+COUNTIFS(HLTV_Long!$A$2:$A$443,$A13&"|A|"&$X13&"|wl")),IFERROR((SUMIFS(HLTV_Long!$B$2:$B$443,HLTV_Long!$A$2:$A$443,$A13&"|B|"&"ALL"&"|lw")+SUMIFS(HLTV_Long!$B$2:$B$443,HLTV_Long!$A$2:$A$443,$A13&"|A|"&"ALL"&"|wl"))/(COUNTIFS(HLTV_Long!$A$2:$A$443,$A13&"|B|"&"ALL"&"|lw")+COUNTIFS(HLTV_Long!$A$2:$A$443,$A13&"|A|"&"ALL"&"|wl")),""))) -> 10.25 | AS13: =IF($X13="","",COUNTIFS(HLTV_Long!$A$2:$A$443,$A13&"|A|"&$X13&"|lw")+COUNTIFS(HLTV_Long!$A$2:$A$443,$A13&"|B|"&$X13&"|wl")+COUNTIFS(HLTV_Long!$A$2:$A$443,$A13&"|B|"&$X13&"|lw")+COUNTIFS(HLTV_Long!$A$2:$A$443,$A13&"|A|"&$X13&"|wl")) -> 4 | AT13: =IF(OR($AQ13="",$AR13="",$AG13=""),"",13+$AG13*$AQ13+(1-$AG13)*$AR13) -> 21.537284 | AU13: =IF($AT13="","",$AG13*(13-$AQ13)-(1-$AG13)*(13-$AR13)) -> 1.608766 | AV13: =IF($AT13="","",($AG13*13+(1-$AG13)*$AR13)/$AT13) -> 0.5373484 | AW13: =IF($Y13="","",IFERROR((SUMIFS(HLTV_Long!$B$2:$B$443,HLTV_Long!$A$2:$A$443,$A13&"|A|"&$Y13&"|lw")+SUMIFS(HLTV_Long!$B$2:$B$443,HLTV_Long!$A$2:$A$443,$A13&"|B|"&$Y13&"|wl"))/(COUNTIFS(HLTV_Long!$A$2:$A$443,$A13&"|A|"&$Y13&"|lw")+COUNTIFS(HLTV_Long!$A$2:$A$443,$A13&"|B|"&$Y13&"|wl")),IFERROR((SUMIFS(HLTV_Long!$B$2:$B$443,HLTV_Long!$A$2:$A$443,$A13&"|A|"&"ALL"&"|lw")+SUMIFS(HLTV_Long!$B$2:$B$443,HLTV_Long!$A$2:$A$443,$A13&"|B|"&"ALL"&"|wl"))/(COUNTIFS(HLTV_Long!$A$2:$A$443,$A13&"|A|"&"ALL"&"|lw")+COUNTIFS(HLTV_Long!$A$2:$A$443,$A13&"|B|"&"ALL"&"|wl")),""))) -> 7.25 | AX13: =IF($Y13="","",IFERROR((SUMIFS(HLTV_Long!$B$2:$B$443,HLTV_Long!$A$2:$A$443,$A13&"|B|"&$Y13&"|lw")+SUMIFS(HLTV_Long!$B$2:$B$443,HLTV_Long!$A$2:$A$443,$A13&"|A|"&$Y13&"|wl"))/(COUNTIFS(HLTV_Long!$A$2:$A$443,$A13&"|B|"&$Y13&"|lw")+COUNTIFS(HLTV_Long!$A$2:$A$443,$A13&"|A|"&$Y13&"|wl")),IFERROR((SUMIFS(HLTV_Long!$B$2:$B$443,HLTV_Long!$A$2:$A$443,$A13&"|B|"&"ALL"&"|lw")+SUMIFS(HLTV_Long!$B$2:$B$443,HLTV_Long!$A$2:$A$443,$A13&"|A|"&"ALL"&"|wl"))/(COUNTIFS(HLTV_Long!$A$2:$A$443,$A13&"|B|"&"ALL"&"|lw")+COUNTIFS(HLTV_Long!$A$2:$A$443,$A13&"|A|"&"ALL"&"|wl")),""))) -> 8.2 | AY13: =IF($Y13="","",COUNTIFS(HLTV_Long!$A$2:$A$443,$A13&"|A|"&$Y13&"|lw")+COUNTIFS(HLTV_Long!$A$2:$A$443,$A13&"|B|"&$Y13&"|wl")+COUNTIFS(HLTV_Long!$A$2:$A$443,$A13&"|B|"&$Y13&"|lw")+COUNTIFS(HLTV_Long!$A$2:$A$443,$A13&"|A|"&$Y13&"|wl")) -> 4 | AZ13: =IF(OR($AW13="",$AX13="",$AH13=""),"",13+$AH13*$AW13+(1-$AH13)*$AX13) -> 20.717305 | BA13: =IF($AZ13="","",$AH13*(13-$AW13)-(1-$AH13)*(13-$AX13)) -> 0.560455 | BB13: =IF($AZ13="","",($AH13*13+(1-$AH13)*$AX13)/$AZ13) -> 0.51352625
A14: CS2 · MOUZ vs AUR | B14: CS2 | C14: Thu 09:00 | D14: 3 | E14: mouz (MOUZ) | F14: Aurora (AUR) | G14: 0.61538462 | H14: 0.32170191 | I14: 0.18095732 | J14: 0.49734077 | K14: Mirage 27% | L14: Dust2 22% | M14: Nuke 19% | N14: HLTV veto: played, minus first-bans (no Map Picks) | O14: 21.358533 | P14: 21.5 | Q14: 21.423154 | R14: 0.14634146 | S14: 2.739726 | U14: 10.714122 | V14: 511 | W14: Mirage | X14: Dust2 | Y14: Nuke | Z14: 21.36 | AA14: 21.5 | AB14: 21.42 | AC14: 0.4973 | AD14: MOUZ | AE14: AUR | AF14: 0.6154 | AG14: 0.5376 | AH14: 0.5703 | AI14: =IFERROR(INDEX(HLTV_Teams!$N$2:$N$35,MATCH($A14&"|A",HLTV_Teams!$A$2:$A$35,0)),"") -> 0.54706341 | AJ14: =IFERROR(INDEX(HLTV_Teams!$N$2:$N$35,MATCH($A14&"|B",HLTV_Teams!$A$2:$A$35,0)),"") -> 0.52674328 | AK14: =IF($W14="","",IFERROR((SUMIFS(HLTV_Long!$B$2:$B$443,HLTV_Long!$A$2:$A$443,$A14&"|A|"&$W14&"|lw")+SUMIFS(HLTV_Long!$B$2:$B$443,HLTV_Long!$A$2:$A$443,$A14&"|B|"&$W14&"|wl"))/(COUNTIFS(HLTV_Long!$A$2:$A$443,$A14&"|A|"&$W14&"|lw")+COUNTIFS(HLTV_Long!$A$2:$A$443,$A14&"|B|"&$W14&"|wl")),IFERROR((SUMIFS(HLTV_Long!$B$2:$B$443,HLTV_Long!$A$2:$A$443,$A14&"|A|"&"ALL"&"|lw")+SUMIFS(HLTV_Long!$B$2:$B$443,HLTV_Long!$A$2:$A$443,$A14&"|B|"&"ALL"&"|wl"))/(COUNTIFS(HLTV_Long!$A$2:$A$443,$A14&"|A|"&"ALL"&"|lw")+COUNTIFS(HLTV_Long!$A$2:$A$443,$A14&"|B|"&"ALL"&"|wl")),""))) -> 7.43 | AL14: =IF($W14="","",IFERROR((SUMIFS(HLTV_Long!$B$2:$B$443,HLTV_Long!$A$2:$A$443,$A14&"|B|"&$W14&"|lw")+SUMIFS(HLTV_Long!$B$2:$B$443,HLTV_Long!$A$2:$A$443,$A14&"|A|"&$W14&"|wl"))/(COUNTIFS(HLTV_Long!$A$2:$A$443,$A14&"|B|"&$W14&"|lw")+COUNTIFS(HLTV_Long!$A$2:$A$443,$A14&"|A|"&$W14&"|wl")),IFERROR((SUMIFS(HLTV_Long!$B$2:$B$443,HLTV_Long!$A$2:$A$443,$A14&"|B|"&"ALL"&"|lw")+SUMIFS(HLTV_Long!$B$2:$B$443,HLTV_Long!$A$2:$A$443,$A14&"|A|"&"ALL"&"|wl"))/(COUNTIFS(HLTV_Long!$A$2:$A$443,$A14&"|B|"&"ALL"&"|lw")+COUNTIFS(HLTV_Long!$A$2:$A$443,$A14&"|A|"&"ALL"&"|wl")),""))) -> 9.445 | AM14: =IF($W14="","",COUNTIFS(HLTV_Long!$A$2:$A$443,$A14&"|A|"&$W14&"|lw")+COUNTIFS(HLTV_Long!$A$2:$A$443,$A14&"|B|"&$W14&"|wl")+COUNTIFS(HLTV_Long!$A$2:$A$443,$A14&"|B|"&$W14&"|lw")+COUNTIFS(HLTV_Long!$A$2:$A$443,$A14&"|A|"&$W14&"|wl")) -> 4 | AN14: =IF(OR($AK14="",$AL14="",$AF14=""),"",13+$AF14*$AK14+(1-$AF14)*$AL14) -> 21.204969 | AO14: =IF($AN14="","",$AF14*(13-$AK14)-(1-$AF14)*(13-$AL14)) -> 2.060525 | AP14: =IF($AN14="","",($AF14*13+(1-$AF14)*$AL14)/$AN14) -> 0.5485859 | AQ14: =IF($X14="","",IFERROR((SUMIFS(HLTV_Long!$B$2:$B$443,HLTV_Long!$A$2:$A$443,$A14&"|A|"&$X14&"|lw")+SUMIFS(HLTV_Long!$B$2:$B$443,HLTV_Long!$A$2:$A$443,$A14&"|B|"&$X14&"|wl"))/(COUNTIFS(HLTV_Long!$A$2:$A$443,$A14&"|A|"&$X14&"|lw")+COUNTIFS(HLTV_Long!$A$2:$A$443,$A14&"|B|"&$X14&"|wl")),IFERROR((SUMIFS(HLTV_Long!$B$2:$B$443,HLTV_Long!$A$2:$A$443,$A14&"|A|"&"ALL"&"|lw")+SUMIFS(HLTV_Long!$B$2:$B$443,HLTV_Long!$A$2:$A$443,$A14&"|B|"&"ALL"&"|wl"))/(COUNTIFS(HLTV_Long!$A$2:$A$443,$A14&"|A|"&"ALL"&"|lw")+COUNTIFS(HLTV_Long!$A$2:$A$443,$A14&"|B|"&"ALL"&"|wl")),""))) -> 7.875 | AR14: =IF($X14="","",IFERROR((SUMIFS(HLTV_Long!$B$2:$B$443,HLTV_Long!$A$2:$A$443,$A14&"|B|"&$X14&"|lw")+SUMIFS(HLTV_Long!$B$2:$B$443,HLTV_Long!$A$2:$A$443,$A14&"|A|"&$X14&"|wl"))/(COUNTIFS(HLTV_Long!$A$2:$A$443,$A14&"|B|"&$X14&"|lw")+COUNTIFS(HLTV_Long!$A$2:$A$443,$A14&"|A|"&$X14&"|wl")),IFERROR((SUMIFS(HLTV_Long!$B$2:$B$443,HLTV_Long!$A$2:$A$443,$A14&"|B|"&"ALL"&"|lw")+SUMIFS(HLTV_Long!$B$2:$B$443,HLTV_Long!$A$2:$A$443,$A14&"|A|"&"ALL"&"|wl"))/(COUNTIFS(HLTV_Long!$A$2:$A$443,$A14&"|B|"&"ALL"&"|lw")+COUNTIFS(HLTV_Long!$A$2:$A$443,$A14&"|A|"&"ALL"&"|wl")),""))) -> 9.5 | AS14: =IF($X14="","",COUNTIFS(HLTV_Long!$A$2:$A$443,$A14&"|A|"&$X14&"|lw")+COUNTIFS(HLTV_Long!$A$2:$A$443,$A14&"|B|"&$X14&"|wl")+COUNTIFS(HLTV_Long!$A$2:$A$443,$A14&"|B|"&$X14&"|lw")+COUNTIFS(HLTV_Long!$A$2:$A$443,$A14&"|A|"&$X14&"|wl")) -> 4 | AT14: =IF(OR($AQ14="",$AR14="",$AG14=""),"",13+$AG14*$AQ14+(1-$AG14)*$AR14) -> 21.6264 | AU14: =IF($AT14="","",$AG14*(13-$AQ14)-(1-$AG14)*(13-$AR14)) -> 1.1368 | AV14: =IF($AT14="","",($AG14*13+(1-$AG14)*$AR14)/$AT14) -> 0.52628269 | AW14: =IF($Y14="","",IFERROR((SUMIFS(HLTV_Long!$B$2:$B$443,HLTV_Long!$A$2:$A$443,$A14&"|A|"&$Y14&"|lw")+SUMIFS(HLTV_Long!$B$2:$B$443,HLTV_Long!$A$2:$A$443,$A14&"|B|"&$Y14&"|wl"))/(COUNTIFS(HLTV_Long!$A$2:$A$443,$A14&"|A|"&$Y14&"|lw")+COUNTIFS(HLTV_Long!$A$2:$A$443,$A14&"|B|"&$Y14&"|wl")),IFERROR((SUMIFS(HLTV_Long!$B$2:$B$443,HLTV_Long!$A$2:$A$443,$A14&"|A|"&"ALL"&"|lw")+SUMIFS(HLTV_Long!$B$2:$B$443,HLTV_Long!$A$2:$A$443,$A14&"|B|"&"ALL"&"|wl"))/(COUNTIFS(HLTV_Long!$A$2:$A$443,$A14&"|A|"&"ALL"&"|lw")+COUNTIFS(HLTV_Long!$A$2:$A$443,$A14&"|B|"&"ALL"&"|wl")),""))) -> 6.915 | AX14: =IF($Y14="","",IFERROR((SUMIFS(HLTV_Long!$B$2:$B$443,HLTV_Long!$A$2:$A$443,$A14&"|B|"&$Y14&"|lw")+SUMIFS(HLTV_Long!$B$2:$B$443,HLTV_Long!$A$2:$A$443,$A14&"|A|"&$Y14&"|wl"))/(COUNTIFS(HLTV_Long!$A$2:$A$443,$A14&"|B|"&$Y14&"|lw")+COUNTIFS(HLTV_Long!$A$2:$A$443,$A14&"|A|"&$Y14&"|wl")),IFERROR((SUMIFS(HLTV_Long!$B$2:$B$443,HLTV_Long!$A$2:$A$443,$A14&"|B|"&"ALL"&"|lw")+SUMIFS(HLTV_Long!$B$2:$B$443,HLTV_Long!$A$2:$A$443,$A14&"|A|"&"ALL"&"|wl"))/(COUNTIFS(HLTV_Long!$A$2:$A$443,$A14&"|B|"&"ALL"&"|lw")+COUNTIFS(HLTV_Long!$A$2:$A$443,$A14&"|A|"&"ALL"&"|wl")),""))) -> 7.135 | AY14: =IF($Y14="","",COUNTIFS(HLTV_Long!$A$2:$A$443,$A14&"|A|"&$Y14&"|lw")+COUNTIFS(HLTV_Long!$A$2:$A$443,$A14&"|B|"&$Y14&"|wl")+COUNTIFS(HLTV_Long!$A$2:$A$443,$A14&"|B|"&$Y14&"|lw")+COUNTIFS(HLTV_Long!$A$2:$A$443,$A14&"|A|"&$Y14&"|wl")) -> 4 | AZ14: =IF(OR($AW14="",$AX14="",$AH14=""),"",13+$AH14*$AW14+(1-$AH14)*$AX14) -> 20.009534 | BA14: =IF($AZ14="","",$AH14*(13-$AW14)-(1-$AH14)*(13-$AX14)) -> 0.950085 | BB14: =IF($AZ14="","",($AH14*13+(1-$AH14)*$AX14)/$AZ14) -> 0.52374081
A15: CS2 [NO MARKET] · IS vs ZOTIX | B15: CS2 | C15: Thu 09:00 | D15: 1 | E15: IS (IS) | F15: ZOTIX (ZOTIX) | J15: 0 | K15: Ancient 31% | L15: Inferno 24% | M15: Mirage 23% | N15: HLTV veto: played, minus first-bans (no Map Picks) | V15: 0 | W15: Ancient | X15: Inferno | Z15: =Config!$B$7 -> 21.5 | AA15: =Config!$B$7 -> 21.5 | AC15: 0 | AD15: IS | AE15: ZOTIX | AI15: =IFERROR(INDEX(HLTV_Teams!$N$2:$N$35,MATCH($A15&"|A",HLTV_Teams!$A$2:$A$35,0)),"") -> 0.51101517 | AJ15: =IFERROR(INDEX(HLTV_Teams!$N$2:$N$35,MATCH($A15&"|B",HLTV_Teams!$A$2:$A$35,0)),"") -> 0.51178689 | AK15: =IF($W15="","",IFERROR((SUMIFS(HLTV_Long!$B$2:$B$443,HLTV_Long!$A$2:$A$443,$A15&"|A|"&$W15&"|lw")+SUMIFS(HLTV_Long!$B$2:$B$443,HLTV_Long!$A$2:$A$443,$A15&"|B|"&$W15&"|wl"))/(COUNTIFS(HLTV_Long!$A$2:$A$443,$A15&"|A|"&$W15&"|lw")+COUNTIFS(HLTV_Long!$A$2:$A$443,$A15&"|B|"&$W15&"|wl")),IFERROR((SUMIFS(HLTV_Long!$B$2:$B$443,HLTV_Long!$A$2:$A$443,$A15&"|A|"&"ALL"&"|lw")+SUMIFS(HLTV_Long!$B$2:$B$443,HLTV_Long!$A$2:$A$443,$A15&"|B|"&"ALL"&"|wl"))/(COUNTIFS(HLTV_Long!$A$2:$A$443,$A15&"|A|"&"ALL"&"|lw")+COUNTIFS(HLTV_Long!$A$2:$A$443,$A15&"|B|"&"ALL"&"|wl")),""))) -> 8.355 | AL15: =IF($W15="","",IFERROR((SUMIFS(HLTV_Long!$B$2:$B$443,HLTV_Long!$A$2:$A$443,$A15&"|B|"&$W15&"|lw")+SUMIFS(HLTV_Long!$B$2:$B$443,HLTV_Long!$A$2:$A$443,$A15&"|A|"&$W15&"|wl"))/(COUNTIFS(HLTV_Long!$A$2:$A$443,$A15&"|B|"&$W15&"|lw")+COUNTIFS(HLTV_Long!$A$2:$A$443,$A15&"|A|"&$W15&"|wl")),IFERROR((SUMIFS(HLTV_Long!$B$2:$B$443,HLTV_Long!$A$2:$A$443,$A15&"|B|"&"ALL"&"|lw")+SUMIFS(HLTV_Long!$B$2:$B$443,HLTV_Long!$A$2:$A$443,$A15&"|A|"&"ALL"&"|wl"))/(COUNTIFS(HLTV_Long!$A$2:$A$443,$A15&"|B|"&"ALL"&"|lw")+COUNTIFS(HLTV_Long!$A$2:$A$443,$A15&"|A|"&"ALL"&"|wl")),""))) -> 8.5 | AM15: =IF($W15="","",COUNTIFS(HLTV_Long!$A$2:$A$443,$A15&"|A|"&$W15&"|lw")+COUNTIFS(HLTV_Long!$A$2:$A$443,$A15&"|B|"&$W15&"|wl")+COUNTIFS(HLTV_Long!$A$2:$A$443,$A15&"|B|"&$W15&"|lw")+COUNTIFS(HLTV_Long!$A$2:$A$443,$A15&"|A|"&$W15&"|wl")) -> 4 | AN15: =IF(OR($AK15="",$AL15="",$AF15=""),"",13+$AF15*$AK15+(1-$AF15)*$AL15) | AO15: =IF($AN15="","",$AF15*(13-$AK15)-(1-$AF15)*(13-$AL15)) | AP15: =IF($AN15="","",($AF15*13+(1-$AF15)*$AL15)/$AN15) | AQ15: =IF($X15="","",IFERROR((SUMIFS(HLTV_Long!$B$2:$B$443,HLTV_Long!$A$2:$A$443,$A15&"|A|"&$X15&"|lw")+SUMIFS(HLTV_Long!$B$2:$B$443,HLTV_Long!$A$2:$A$443,$A15&"|B|"&$X15&"|wl"))/(COUNTIFS(HLTV_Long!$A$2:$A$443,$A15&"|A|"&$X15&"|lw")+COUNTIFS(HLTV_Long!$A$2:$A$443,$A15&"|B|"&$X15&"|wl")),IFERROR((SUMIFS(HLTV_Long!$B$2:$B$443,HLTV_Long!$A$2:$A$443,$A15&"|A|"&"ALL"&"|lw")+SUMIFS(HLTV_Long!$B$2:$B$443,HLTV_Long!$A$2:$A$443,$A15&"|B|"&"ALL"&"|wl"))/(COUNTIFS(HLTV_Long!$A$2:$A$443,$A15&"|A|"&"ALL"&"|lw")+COUNTIFS(HLTV_Long!$A$2:$A$443,$A15&"|B|"&"ALL"&"|wl")),""))) -> 9.215 | AR15: =IF($X15="","",IFERROR((SUMIFS(HLTV_Long!$B$2:$B$443,HLTV_Long!$A$2:$A$443,$A15&"|B|"&$X15&"|lw")+SUMIFS(HLTV_Long!$B$2:$B$443,HLTV_Long!$A$2:$A$443,$A15&"|A|"&$X15&"|wl"))/(COUNTIFS(HLTV_Long!$A$2:$A$443,$A15&"|B|"&$X15&"|lw")+COUNTIFS(HLTV_Long!$A$2:$A$443,$A15&"|A|"&$X15&"|wl")),IFERROR((SUMIFS(HLTV_Long!$B$2:$B$443,HLTV_Long!$A$2:$A$443,$A15&"|B|"&"ALL"&"|lw")+SUMIFS(HLTV_Long!$B$2:$B$443,HLTV_Long!$A$2:$A$443,$A15&"|A|"&"ALL"&"|wl"))/(COUNTIFS(HLTV_Long!$A$2:$A$443,$A15&"|B|"&"ALL"&"|lw")+COUNTIFS(HLTV_Long!$A$2:$A$443,$A15&"|A|"&"ALL"&"|wl")),""))) -> 7.625 | AS15: =IF($X15="","",COUNTIFS(HLTV_Long!$A$2:$A$443,$A15&"|A|"&$X15&"|lw")+COUNTIFS(HLTV_Long!$A$2:$A$443,$A15&"|B|"&$X15&"|wl")+COUNTIFS(HLTV_Long!$A$2:$A$443,$A15&"|B|"&$X15&"|lw")+COUNTIFS(HLTV_Long!$A$2:$A$443,$A15&"|A|"&$X15&"|wl")) -> 4 | AT15: =IF(OR($AQ15="",$AR15="",$AG15=""),"",13+$AG15*$AQ15+(1-$AG15)*$AR15) | AU15: =IF($AT15="","",$AG15*(13-$AQ15)-(1-$AG15)*(13-$AR15)) | AV15: =IF($AT15="","",($AG15*13+(1-$AG15)*$AR15)/$AT15) | AW15: =IF($Y15="","",IFERROR((SUMIFS(HLTV_Long!$B$2:$B$443,HLTV_Long!$A$2:$A$443,$A15&"|A|"&$Y15&"|lw")+SUMIFS(HLTV_Long!$B$2:$B$443,HLTV_Long!$A$2:$A$443,$A15&"|B|"&$Y15&"|wl"))/(COUNTIFS(HLTV_Long!$A$2:$A$443,$A15&"|A|"&$Y15&"|lw")+COUNTIFS(HLTV_Long!$A$2:$A$443,$A15&"|B|"&$Y15&"|wl")),IFERROR((SUMIFS(HLTV_Long!$B$2:$B$443,HLTV_Long!$A$2:$A$443,$A15&"|A|"&"ALL"&"|lw")+SUMIFS(HLTV_Long!$B$2:$B$443,HLTV_Long!$A$2:$A$443,$A15&"|B|"&"ALL"&"|wl"))/(COUNTIFS(HLTV_Long!$A$2:$A$443,$A15&"|A|"&"ALL"&"|lw")+COUNTIFS(HLTV_Long!$A$2:$A$443,$A15&"|B|"&"ALL"&"|wl")),""))) | AX15: =IF($Y15="","",IFERROR((SUMIFS(HLTV_Long!$B$2:$B$443,HLTV_Long!$A$2:$A$443,$A15&"|B|"&$Y15&"|lw")+SUMIFS(HLTV_Long!$B$2:$B$443,HLTV_Long!$A$2:$A$443,$A15&"|A|"&$Y15&"|wl"))/(COUNTIFS(HLTV_Long!$A$2:$A$443,$A15&"|B|"&$Y15&"|lw")+COUNTIFS(HLTV_Long!$A$2:$A$443,$A15&"|A|"&$Y15&"|wl")),IFERROR((SUMIFS(HLTV_Long!$B$2:$B$443,HLTV_Long!$A$2:$A$443,$A15&"|B|"&"ALL"&"|lw")+SUMIFS(HLTV_Long!$B$2:$B$443,HLTV_Long!$A$2:$A$443,$A15&"|A|"&"ALL"&"|wl"))/(COUNTIFS(HLTV_Long!$A$2:$A$443,$A15&"|B|"&"ALL"&"|lw")+COUNTIFS(HLTV_Long!$A$2:$A$443,$A15&"|A|"&"ALL"&"|wl")),""))) | AY15: =IF($Y15="","",COUNTIFS(HLTV_Long!$A$2:$A$443,$A15&"|A|"&$Y15&"|lw")+COUNTIFS(HLTV_Long!$A$2:$A$443,$A15&"|B|"&$Y15&"|wl")+COUNTIFS(HLTV_Long!$A$2:$A$443,$A15&"|B|"&$Y15&"|lw")+COUNTIFS(HLTV_Long!$A$2:$A$443,$A15&"|A|"&$Y15&"|wl")) | AZ15: =IF(OR($AW15="",$AX15="",$AH15=""),"",13+$AH15*$AW15+(1-$AH15)*$AX15) | BA15: =IF($AZ15="","",$AH15*(13-$AW15)-(1-$AH15)*(13-$AX15)) | BB15: =IF($AZ15="","",($AH15*13+(1-$AH15)*$AX15)/$AZ15)
A16: CS2 · paiN vs NCP | B16: CS2 | C16: Thu 11:30 | D16: 3 | E16: paiN Gaming (paiN) | F16: Não Copulas (NCP) | G16: 0.93825666 | H16: 0.78196984 | I16: 0.035345037 | J16: 0.18268512 | K16: Mirage 23% | L16: Dust2 22% | M16: Cache 19% | N16: HLTV veto: played, minus first-bans (no Map Picks) | O16: 18.529135 | P16: 18.542963 | S16: 7.4692844 | V16: 63 | W16: Mirage | X16: Dust2 | Y16: Cache | Z16: 18.53 | AA16: 18.54 | AB16: =Config!$B$7 -> 21.5 | AC16: 0.1827 | AD16: paiN | AE16: NCP | AF16: 0.8852 | AG16: 0.884 | AH16: 0.9383 | AI16: =IFERROR(INDEX(HLTV_Teams!$N$2:$N$35,MATCH($A16&"|A",HLTV_Teams!$A$2:$A$35,0)),"") -> 0.48551978 | AJ16: =IFERROR(INDEX(HLTV_Teams!$N$2:$N$35,MATCH($A16&"|B",HLTV_Teams!$A$2:$A$35,0)),"") -> 0.56711601 | AK16: =IF($W16="","",IFERROR((SUMIFS(HLTV_Long!$B$2:$B$443,HLTV_Long!$A$2:$A$443,$A16&"|A|"&$W16&"|lw")+SUMIFS(HLTV_Long!$B$2:$B$443,HLTV_Long!$A$2:$A$443,$A16&"|B|"&$W16&"|wl"))/(COUNTIFS(HLTV_Long!$A$2:$A$443,$A16&"|A|"&$W16&"|lw")+COUNTIFS(HLTV_Long!$A$2:$A$443,$A16&"|B|"&$W16&"|wl")),IFERROR((SUMIFS(HLTV_Long!$B$2:$B$443,HLTV_Long!$A$2:$A$443,$A16&"|A|"&"ALL"&"|lw")+SUMIFS(HLTV_Long!$B$2:$B$443,HLTV_Long!$A$2:$A$443,$A16&"|B|"&"ALL"&"|wl"))/(COUNTIFS(HLTV_Long!$A$2:$A$443,$A16&"|A|"&"ALL"&"|lw")+COUNTIFS(HLTV_Long!$A$2:$A$443,$A16&"|B|"&"ALL"&"|wl")),""))) -> 9.6 | AL16: =IF($W16="","",IFERROR((SUMIFS(HLTV_Long!$B$2:$B$443,HLTV_Long!$A$2:$A$443,$A16&"|B|"&$W16&"|lw")+SUMIFS(HLTV_Long!$B$2:$B$443,HLTV_Long!$A$2:$A$443,$A16&"|A|"&$W16&"|wl"))/(COUNTIFS(HLTV_Long!$A$2:$A$443,$A16&"|B|"&$W16&"|lw")+COUNTIFS(HLTV_Long!$A$2:$A$443,$A16&"|A|"&$W16&"|wl")),IFERROR((SUMIFS(HLTV_Long!$B$2:$B$443,HLTV_Long!$A$2:$A$443,$A16&"|B|"&"ALL"&"|lw")+SUMIFS(HLTV_Long!$B$2:$B$443,HLTV_Long!$A$2:$A$443,$A16&"|A|"&"ALL"&"|wl"))/(COUNTIFS(HLTV_Long!$A$2:$A$443,$A16&"|B|"&"ALL"&"|lw")+COUNTIFS(HLTV_Long!$A$2:$A$443,$A16&"|A|"&"ALL"&"|wl")),""))) -> 7.8 | AM16: =IF($W16="","",COUNTIFS(HLTV_Long!$A$2:$A$443,$A16&"|A|"&$W16&"|lw")+COUNTIFS(HLTV_Long!$A$2:$A$443,$A16&"|B|"&$W16&"|wl")+COUNTIFS(HLTV_Long!$A$2:$A$443,$A16&"|B|"&$W16&"|lw")+COUNTIFS(HLTV_Long!$A$2:$A$443,$A16&"|A|"&$W16&"|wl")) -> 4 | AN16: =IF(OR($AK16="",$AL16="",$AF16=""),"",13+$AF16*$AK16+(1-$AF16)*$AL16) -> 22.39336 | AO16: =IF($AN16="","",$AF16*(13-$AK16)-(1-$AF16)*(13-$AL16)) -> 2.41272 | AP16: =IF($AN16="","",($AF16*13+(1-$AF16)*$AL16)/$AN16) -> 0.55387133 | AQ16: =IF($X16="","",IFERROR((SUMIFS(HLTV_Long!$B$2:$B$443,HLTV_Long!$A$2:$A$443,$A16&"|A|"&$X16&"|lw")+SUMIFS(HLTV_Long!$B$2:$B$443,HLTV_Long!$A$2:$A$443,$A16&"|B|"&$X16&"|wl"))/(COUNTIFS(HLTV_Long!$A$2:$A$443,$A16&"|A|"&$X16&"|lw")+COUNTIFS(HLTV_Long!$A$2:$A$443,$A16&"|B|"&$X16&"|wl")),IFERROR((SUMIFS(HLTV_Long!$B$2:$B$443,HLTV_Long!$A$2:$A$443,$A16&"|A|"&"ALL"&"|lw")+SUMIFS(HLTV_Long!$B$2:$B$443,HLTV_Long!$A$2:$A$443,$A16&"|B|"&"ALL"&"|wl"))/(COUNTIFS(HLTV_Long!$A$2:$A$443,$A16&"|A|"&"ALL"&"|lw")+COUNTIFS(HLTV_Long!$A$2:$A$443,$A16&"|B|"&"ALL"&"|wl")),""))) -> 7.75 | AR16: =IF($X16="","",IFERROR((SUMIFS(HLTV_Long!$B$2:$B$443,HLTV_Long!$A$2:$A$443,$A16&"|B|"&$X16&"|lw")+SUMIFS(HLTV_Long!$B$2:$B$443,HLTV_Long!$A$2:$A$443,$A16&"|A|"&$X16&"|wl"))/(COUNTIFS(HLTV_Long!$A$2:$A$443,$A16&"|B|"&$X16&"|lw")+COUNTIFS(HLTV_Long!$A$2:$A$443,$A16&"|A|"&$X16&"|wl")),IFERROR((SUMIFS(HLTV_Long!$B$2:$B$443,HLTV_Long!$A$2:$A$443,$A16&"|B|"&"ALL"&"|lw")+SUMIFS(HLTV_Long!$B$2:$B$443,HLTV_Long!$A$2:$A$443,$A16&"|A|"&"ALL"&"|wl"))/(COUNTIFS(HLTV_Long!$A$2:$A$443,$A16&"|B|"&"ALL"&"|lw")+COUNTIFS(HLTV_Long!$A$2:$A$443,$A16&"|A|"&"ALL"&"|wl")),""))) -> 5 | AS16: =IF($X16="","",COUNTIFS(HLTV_Long!$A$2:$A$443,$A16&"|A|"&$X16&"|lw")+COUNTIFS(HLTV_Long!$A$2:$A$443,$A16&"|B|"&$X16&"|wl")+COUNTIFS(HLTV_Long!$A$2:$A$443,$A16&"|B|"&$X16&"|lw")+COUNTIFS(HLTV_Long!$A$2:$A$443,$A16&"|A|"&$X16&"|wl")) -> 4 | AT16: =IF(OR($AQ16="",$AR16="",$AG16=""),"",13+$AG16*$AQ16+(1-$AG16)*$AR16) -> 20.431 | AU16: =IF($AT16="","",$AG16*(13-$AQ16)-(1-$AG16)*(13-$AR16)) -> 3.713 | AV16: =IF($AT16="","",($AG16*13+(1-$AG16)*$AR16)/$AT16) -> 0.59086682 | AW16: =IF($Y16="","",IFERROR((SUMIFS(HLTV_Long!$B$2:$B$443,HLTV_Long!$A$2:$A$443,$A16&"|A|"&$Y16&"|lw")+SUMIFS(HLTV_Long!$B$2:$B$443,HLTV_Long!$A$2:$A$443,$A16&"|B|"&$Y16&"|wl"))/(COUNTIFS(HLTV_Long!$A$2:$A$443,$A16&"|A|"&$Y16&"|lw")+COUNTIFS(HLTV_Long!$A$2:$A$443,$A16&"|B|"&$Y16&"|wl")),IFERROR((SUMIFS(HLTV_Long!$B$2:$B$443,HLTV_Long!$A$2:$A$443,$A16&"|A|"&"ALL"&"|lw")+SUMIFS(HLTV_Long!$B$2:$B$443,HLTV_Long!$A$2:$A$443,$A16&"|B|"&"ALL"&"|wl"))/(COUNTIFS(HLTV_Long!$A$2:$A$443,$A16&"|A|"&"ALL"&"|lw")+COUNTIFS(HLTV_Long!$A$2:$A$443,$A16&"|B|"&"ALL"&"|wl")),""))) -> 5.5 | AX16: =IF($Y16="","",IFERROR((SUMIFS(HLTV_Long!$B$2:$B$443,HLTV_Long!$A$2:$A$443,$A16&"|B|"&$Y16&"|lw")+SUMIFS(HLTV_Long!$B$2:$B$443,HLTV_Long!$A$2:$A$443,$A16&"|A|"&$Y16&"|wl"))/(COUNTIFS(HLTV_Long!$A$2:$A$443,$A16&"|B|"&$Y16&"|lw")+COUNTIFS(HLTV_Long!$A$2:$A$443,$A16&"|A|"&$Y16&"|wl")),IFERROR((SUMIFS(HLTV_Long!$B$2:$B$443,HLTV_Long!$A$2:$A$443,$A16&"|B|"&"ALL"&"|lw")+SUMIFS(HLTV_Long!$B$2:$B$443,HLTV_Long!$A$2:$A$443,$A16&"|A|"&"ALL"&"|wl"))/(COUNTIFS(HLTV_Long!$A$2:$A$443,$A16&"|B|"&"ALL"&"|lw")+COUNTIFS(HLTV_Long!$A$2:$A$443,$A16&"|A|"&"ALL"&"|wl")),""))) -> 6.6 | AY16: =IF($Y16="","",COUNTIFS(HLTV_Long!$A$2:$A$443,$A16&"|A|"&$Y16&"|lw")+COUNTIFS(HLTV_Long!$A$2:$A$443,$A16&"|B|"&$Y16&"|wl")+COUNTIFS(HLTV_Long!$A$2:$A$443,$A16&"|B|"&$Y16&"|lw")+COUNTIFS(HLTV_Long!$A$2:$A$443,$A16&"|A|"&$Y16&"|wl")) -> 4 | AZ16: =IF(OR($AW16="",$AX16="",$AH16=""),"",13+$AH16*$AW16+(1-$AH16)*$AX16) -> 18.56787 | BA16: =IF($AZ16="","",$AH16*(13-$AW16)-(1-$AH16)*(13-$AX16)) -> 6.64237 | BB16: =IF($AZ16="","",($AH16*13+(1-$AH16)*$AX16)/$AZ16) -> 0.67886731
A17: CS2 · BB vs FURIA | B17: CS2 | C17: Thu 12:00 | D17: 3 | E17: BB Team (BB) | F17: Furia (FURIA) | G17: 0.44 | H17: 0.21176281 | I17: 0.29208663 | J17: 0.49615056 | K17: Mirage 25% | L17: Nuke 18% | M17: Ancient 17% | N17: HLTV veto: played, minus first-bans (no Map Picks) | O17: 21.423154 | P17: 21.5 | Q17: 21.5 | R17: 0.15942029 | S17: -2.1072797 | T17: 11.285878 | V17: 485 | W17: Mirage | X17: Nuke | Y17: Ancient | Z17: 21.42 | AA17: 21.5 | AB17: 21.5 | AC17: 0.4962 | AD17: BB | AE17: FURIA | AF17: 0.4297 | AG17: 0.5 | AH17: 0.4624 | AI17: =IFERROR(INDEX(HLTV_Teams!$N$2:$N$35,MATCH($A17&"|A",HLTV_Teams!$A$2:$A$35,0)),"") -> 0.50473758 | AJ17: =IFERROR(INDEX(HLTV_Teams!$N$2:$N$35,MATCH($A17&"|B",HLTV_Teams!$A$2:$A$35,0)),"") -> 0.53210557 | AK17: =IF($W17="","",IFERROR((SUMIFS(HLTV_Long!$B$2:$B$443,HLTV_Long!$A$2:$A$443,$A17&"|A|"&$W17&"|lw")+SUMIFS(HLTV_Long!$B$2:$B$443,HLTV_Long!$A$2:$A$443,$A17&"|B|"&$W17&"|wl"))/(COUNTIFS(HLTV_Long!$A$2:$A$443,$A17&"|A|"&$W17&"|lw")+COUNTIFS(HLTV_Long!$A$2:$A$443,$A17&"|B|"&$W17&"|wl")),IFERROR((SUMIFS(HLTV_Long!$B$2:$B$443,HLTV_Long!$A$2:$A$443,$A17&"|A|"&"ALL"&"|lw")+SUMIFS(HLTV_Long!$B$2:$B$443,HLTV_Long!$A$2:$A$443,$A17&"|B|"&"ALL"&"|wl"))/(COUNTIFS(HLTV_Long!$A$2:$A$443,$A17&"|A|"&"ALL"&"|lw")+COUNTIFS(HLTV_Long!$A$2:$A$443,$A17&"|B|"&"ALL"&"|wl")),""))) -> 9.785 | AL17: =IF($W17="","",IFERROR((SUMIFS(HLTV_Long!$B$2:$B$443,HLTV_Long!$A$2:$A$443,$A17&"|B|"&$W17&"|lw")+SUMIFS(HLTV_Long!$B$2:$B$443,HLTV_Long!$A$2:$A$443,$A17&"|A|"&$W17&"|wl"))/(COUNTIFS(HLTV_Long!$A$2:$A$443,$A17&"|B|"&$W17&"|lw")+COUNTIFS(HLTV_Long!$A$2:$A$443,$A17&"|A|"&$W17&"|wl")),IFERROR((SUMIFS(HLTV_Long!$B$2:$B$443,HLTV_Long!$A$2:$A$443,$A17&"|B|"&"ALL"&"|lw")+SUMIFS(HLTV_Long!$B$2:$B$443,HLTV_Long!$A$2:$A$443,$A17&"|A|"&"ALL"&"|wl"))/(COUNTIFS(HLTV_Long!$A$2:$A$443,$A17&"|B|"&"ALL"&"|lw")+COUNTIFS(HLTV_Long!$A$2:$A$443,$A17&"|A|"&"ALL"&"|wl")),""))) -> 6.595 | AM17: =IF($W17="","",COUNTIFS(HLTV_Long!$A$2:$A$443,$A17&"|A|"&$W17&"|lw")+COUNTIFS(HLTV_Long!$A$2:$A$443,$A17&"|B|"&$W17&"|wl")+COUNTIFS(HLTV_Long!$A$2:$A$443,$A17&"|B|"&$W17&"|lw")+COUNTIFS(HLTV_Long!$A$2:$A$443,$A17&"|A|"&$W17&"|wl")) -> 4 | AN17: =IF(OR($AK17="",$AL17="",$AF17=""),"",13+$AF17*$AK17+(1-$AF17)*$AL17) -> 20.965743 | AO17: =IF($AN17="","",$AF17*(13-$AK17)-(1-$AF17)*(13-$AL17)) -> -2.271286 | AP17: =IF($AN17="","",($AF17*13+(1-$AF17)*$AL17)/$AN17) -> 0.4458334 | AQ17: =IF($X17="","",IFERROR((SUMIFS(HLTV_Long!$B$2:$B$443,HLTV_Long!$A$2:$A$443,$A17&"|A|"&$X17&"|lw")+SUMIFS(HLTV_Long!$B$2:$B$443,HLTV_Long!$A$2:$A$443,$A17&"|B|"&$X17&"|wl"))/(COUNTIFS(HLTV_Long!$A$2:$A$443,$A17&"|A|"&$X17&"|lw")+COUNTIFS(HLTV_Long!$A$2:$A$443,$A17&"|B|"&$X17&"|wl")),IFERROR((SUMIFS(HLTV_Long!$B$2:$B$443,HLTV_Long!$A$2:$A$443,$A17&"|A|"&"ALL"&"|lw")+SUMIFS(HLTV_Long!$B$2:$B$443,HLTV_Long!$A$2:$A$443,$A17&"|B|"&"ALL"&"|wl"))/(COUNTIFS(HLTV_Long!$A$2:$A$443,$A17&"|A|"&"ALL"&"|lw")+COUNTIFS(HLTV_Long!$A$2:$A$443,$A17&"|B|"&"ALL"&"|wl")),""))) -> 9.75 | AR17: =IF($X17="","",IFERROR((SUMIFS(HLTV_Long!$B$2:$B$443,HLTV_Long!$A$2:$A$443,$A17&"|B|"&$X17&"|lw")+SUMIFS(HLTV_Long!$B$2:$B$443,HLTV_Long!$A$2:$A$443,$A17&"|A|"&$X17&"|wl"))/(COUNTIFS(HLTV_Long!$A$2:$A$443,$A17&"|B|"&$X17&"|lw")+COUNTIFS(HLTV_Long!$A$2:$A$443,$A17&"|A|"&$X17&"|wl")),IFERROR((SUMIFS(HLTV_Long!$B$2:$B$443,HLTV_Long!$A$2:$A$443,$A17&"|B|"&"ALL"&"|lw")+SUMIFS(HLTV_Long!$B$2:$B$443,HLTV_Long!$A$2:$A$443,$A17&"|A|"&"ALL"&"|wl"))/(COUNTIFS(HLTV_Long!$A$2:$A$443,$A17&"|B|"&"ALL"&"|lw")+COUNTIFS(HLTV_Long!$A$2:$A$443,$A17&"|A|"&"ALL"&"|wl")),""))) -> 5.19 | AS17: =IF($X17="","",COUNTIFS(HLTV_Long!$A$2:$A$443,$A17&"|A|"&$X17&"|lw")+COUNTIFS(HLTV_Long!$A$2:$A$443,$A17&"|B|"&$X17&"|wl")+COUNTIFS(HLTV_Long!$A$2:$A$443,$A17&"|B|"&$X17&"|lw")+COUNTIFS(HLTV_Long!$A$2:$A$443,$A17&"|A|"&$X17&"|wl")) -> 4 | AT17: =IF(OR($AQ17="",$AR17="",$AG17=""),"",13+$AG17*$AQ17+(1-$AG17)*$AR17) -> 20.47 | AU17: =IF($AT17="","",$AG17*(13-$AQ17)-(1-$AG17)*(13-$AR17)) -> -2.28 | AV17: =IF($AT17="","",($AG17*13+(1-$AG17)*$AR17)/$AT17) -> 0.44430874 | AW17: =IF($Y17="","",IFERROR((SUMIFS(HLTV_Long!$B$2:$B$443,HLTV_Long!$A$2:$A$443,$A17&"|A|"&$Y17&"|lw")+SUMIFS(HLTV_Long!$B$2:$B$443,HLTV_Long!$A$2:$A$443,$A17&"|B|"&$Y17&"|wl"))/(COUNTIFS(HLTV_Long!$A$2:$A$443,$A17&"|A|"&$Y17&"|lw")+COUNTIFS(HLTV_Long!$A$2:$A$443,$A17&"|B|"&$Y17&"|wl")),IFERROR((SUMIFS(HLTV_Long!$B$2:$B$443,HLTV_Long!$A$2:$A$443,$A17&"|A|"&"ALL"&"|lw")+SUMIFS(HLTV_Long!$B$2:$B$443,HLTV_Long!$A$2:$A$443,$A17&"|B|"&"ALL"&"|wl"))/(COUNTIFS(HLTV_Long!$A$2:$A$443,$A17&"|A|"&"ALL"&"|lw")+COUNTIFS(HLTV_Long!$A$2:$A$443,$A17&"|B|"&"ALL"&"|wl")),""))) -> 9.335 | AX17: =IF($Y17="","",IFERROR((SUMIFS(HLTV_Long!$B$2:$B$443,HLTV_Long!$A$2:$A$443,$A17&"|B|"&$Y17&"|lw")+SUMIFS(HLTV_Long!$B$2:$B$443,HLTV_Long!$A$2:$A$443,$A17&"|A|"&$Y17&"|wl"))/(COUNTIFS(HLTV_Long!$A$2:$A$443,$A17&"|B|"&$Y17&"|lw")+COUNTIFS(HLTV_Long!$A$2:$A$443,$A17&"|A|"&$Y17&"|wl")),IFERROR((SUMIFS(HLTV_Long!$B$2:$B$443,HLTV_Long!$A$2:$A$443,$A17&"|B|"&"ALL"&"|lw")+SUMIFS(HLTV_Long!$B$2:$B$443,HLTV_Long!$A$2:$A$443,$A17&"|A|"&"ALL"&"|wl"))/(COUNTIFS(HLTV_Long!$A$2:$A$443,$A17&"|B|"&"ALL"&"|lw")+COUNTIFS(HLTV_Long!$A$2:$A$443,$A17&"|A|"&"ALL"&"|wl")),""))) -> 8.145 | AY17: =IF($Y17="","",COUNTIFS(HLTV_Long!$A$2:$A$443,$A17&"|A|"&$Y17&"|lw")+COUNTIFS(HLTV_Long!$A$2:$A$443,$A17&"|B|"&$Y17&"|wl")+COUNTIFS(HLTV_Long!$A$2:$A$443,$A17&"|B|"&$Y17&"|lw")+COUNTIFS(HLTV_Long!$A$2:$A$443,$A17&"|A|"&$Y17&"|wl")) -> 4 | AZ17: =IF(OR($AW17="",$AX17="",$AH17=""),"",13+$AH17*$AW17+(1-$AH17)*$AX17) -> 21.695256 | BA17: =IF($AZ17="","",$AH17*(13-$AW17)-(1-$AH17)*(13-$AX17)) -> -0.915352 | BB17: =IF($AZ17="","",($AH17*13+(1-$AH17)*$AX17)/$AZ17) -> 0.47890433
A18: CS2 · GLS vs PCY | B18: CS2 | C18: Thu 14:30 | D18: 3 | E18: Galorys (GLS) | F18: Proycon (PCY) | G18: 0.75697211 | K18: Ancient 30% | L18: Dust2 24% | M18: Inferno 20% | N18: HLTV veto: played, minus first-bans (no Map Picks) | V18: 7 | W18: Ancient | X18: Dust2 | Y18: Inferno | Z18: =Config!$B$7 -> 21.5 | AA18: =Config!$B$7 -> 21.5 | AB18: =Config!$B$7 -> 21.5 | AC18: 0 | AD18: GLS | AE18: PCY | AF18: 0.6699 | AG18: 0.7014 | AH18: 0.6699 | AI18: =IFERROR(INDEX(HLTV_Teams!$N$2:$N$35,MATCH($A18&"|A",HLTV_Teams!$A$2:$A$35,0)),"") -> 0.54213832 | AJ18: =IFERROR(INDEX(HLTV_Teams!$N$2:$N$35,MATCH($A18&"|B",HLTV_Teams!$A$2:$A$35,0)),"") -> 0.53560095 | AK18: =IF($W18="","",IFERROR((SUMIFS(HLTV_Long!$B$2:$B$443,HLTV_Long!$A$2:$A$443,$A18&"|A|"&$W18&"|lw")+SUMIFS(HLTV_Long!$B$2:$B$443,HLTV_Long!$A$2:$A$443,$A18&"|B|"&$W18&"|wl"))/(COUNTIFS(HLTV_Long!$A$2:$A$443,$A18&"|A|"&$W18&"|lw")+COUNTIFS(HLTV_Long!$A$2:$A$443,$A18&"|B|"&$W18&"|wl")),IFERROR((SUMIFS(HLTV_Long!$B$2:$B$443,HLTV_Long!$A$2:$A$443,$A18&"|A|"&"ALL"&"|lw")+SUMIFS(HLTV_Long!$B$2:$B$443,HLTV_Long!$A$2:$A$443,$A18&"|B|"&"ALL"&"|wl"))/(COUNTIFS(HLTV_Long!$A$2:$A$443,$A18&"|A|"&"ALL"&"|lw")+COUNTIFS(HLTV_Long!$A$2:$A$443,$A18&"|B|"&"ALL"&"|wl")),""))) -> 7.44 | AL18: =IF($W18="","",IFERROR((SUMIFS(HLTV_Long!$B$2:$B$443,HLTV_Long!$A$2:$A$443,$A18&"|B|"&$W18&"|lw")+SUMIFS(HLTV_Long!$B$2:$B$443,HLTV_Long!$A$2:$A$443,$A18&"|A|"&$W18&"|wl"))/(COUNTIFS(HLTV_Long!$A$2:$A$443,$A18&"|B|"&$W18&"|lw")+COUNTIFS(HLTV_Long!$A$2:$A$443,$A18&"|A|"&$W18&"|wl")),IFERROR((SUMIFS(HLTV_Long!$B$2:$B$443,HLTV_Long!$A$2:$A$443,$A18&"|B|"&"ALL"&"|lw")+SUMIFS(HLTV_Long!$B$2:$B$443,HLTV_Long!$A$2:$A$443,$A18&"|A|"&"ALL"&"|wl"))/(COUNTIFS(HLTV_Long!$A$2:$A$443,$A18&"|B|"&"ALL"&"|lw")+COUNTIFS(HLTV_Long!$A$2:$A$443,$A18&"|A|"&"ALL"&"|wl")),""))) -> 10 | AM18: =IF($W18="","",COUNTIFS(HLTV_Long!$A$2:$A$443,$A18&"|A|"&$W18&"|lw")+COUNTIFS(HLTV_Long!$A$2:$A$443,$A18&"|B|"&$W18&"|wl")+COUNTIFS(HLTV_Long!$A$2:$A$443,$A18&"|B|"&$W18&"|lw")+COUNTIFS(HLTV_Long!$A$2:$A$443,$A18&"|A|"&$W18&"|wl")) -> 4 | AN18: =IF(OR($AK18="",$AL18="",$AF18=""),"",13+$AF18*$AK18+(1-$AF18)*$AL18) -> 21.285056 | AO18: =IF($AN18="","",$AF18*(13-$AK18)-(1-$AF18)*(13-$AL18)) -> 2.734344 | AP18: =IF($AN18="","",($AF18*13+(1-$AF18)*$AL18)/$AN18) -> 0.56423154 | AQ18: =IF($X18="","",IFERROR((SUMIFS(HLTV_Long!$B$2:$B$443,HLTV_Long!$A$2:$A$443,$A18&"|A|"&$X18&"|lw")+SUMIFS(HLTV_Long!$B$2:$B$443,HLTV_Long!$A$2:$A$443,$A18&"|B|"&$X18&"|wl"))/(COUNTIFS(HLTV_Long!$A$2:$A$443,$A18&"|A|"&$X18&"|lw")+COUNTIFS(HLTV_Long!$A$2:$A$443,$A18&"|B|"&$X18&"|wl")),IFERROR((SUMIFS(HLTV_Long!$B$2:$B$443,HLTV_Long!$A$2:$A$443,$A18&"|A|"&"ALL"&"|lw")+SUMIFS(HLTV_Long!$B$2:$B$443,HLTV_Long!$A$2:$A$443,$A18&"|B|"&"ALL"&"|wl"))/(COUNTIFS(HLTV_Long!$A$2:$A$443,$A18&"|A|"&"ALL"&"|lw")+COUNTIFS(HLTV_Long!$A$2:$A$443,$A18&"|B|"&"ALL"&"|wl")),""))) -> 7.475 | AR18: =IF($X18="","",IFERROR((SUMIFS(HLTV_Long!$B$2:$B$443,HLTV_Long!$A$2:$A$443,$A18&"|B|"&$X18&"|lw")+SUMIFS(HLTV_Long!$B$2:$B$443,HLTV_Long!$A$2:$A$443,$A18&"|A|"&$X18&"|wl"))/(COUNTIFS(HLTV_Long!$A$2:$A$443,$A18&"|B|"&$X18&"|lw")+COUNTIFS(HLTV_Long!$A$2:$A$443,$A18&"|A|"&$X18&"|wl")),IFERROR((SUMIFS(HLTV_Long!$B$2:$B$443,HLTV_Long!$A$2:$A$443,$A18&"|B|"&"ALL"&"|lw")+SUMIFS(HLTV_Long!$B$2:$B$443,HLTV_Long!$A$2:$A$443,$A18&"|A|"&"ALL"&"|wl"))/(COUNTIFS(HLTV_Long!$A$2:$A$443,$A18&"|B|"&"ALL"&"|lw")+COUNTIFS(HLTV_Long!$A$2:$A$443,$A18&"|A|"&"ALL"&"|wl")),""))) -> 7.425 | AS18: =IF($X18="","",COUNTIFS(HLTV_Long!$A$2:$A$443,$A18&"|A|"&$X18&"|lw")+COUNTIFS(HLTV_Long!$A$2:$A$443,$A18&"|B|"&$X18&"|wl")+COUNTIFS(HLTV_Long!$A$2:$A$443,$A18&"|B|"&$X18&"|lw")+COUNTIFS(HLTV_Long!$A$2:$A$443,$A18&"|A|"&$X18&"|wl")) -> 4 | AT18: =IF(OR($AQ18="",$AR18="",$AG18=""),"",13+$AG18*$AQ18+(1-$AG18)*$AR18) -> 20.46007 | AU18: =IF($AT18="","",$AG18*(13-$AQ18)-(1-$AG18)*(13-$AR18)) -> 2.21054 | AV18: =IF($AT18="","",($AG18*13+(1-$AG18)*$AR18)/$AT18) -> 0.55402083 | AW18: =IF($Y18="","",IFERROR((SUMIFS(HLTV_Long!$B$2:$B$443,HLTV_Long!$A$2:$A$443,$A18&"|A|"&$Y18&"|lw")+SUMIFS(HLTV_Long!$B$2:$B$443,HLTV_Long!$A$2:$A$443,$A18&"|B|"&$Y18&"|wl"))/(COUNTIFS(HLTV_Long!$A$2:$A$443,$A18&"|A|"&$Y18&"|lw")+COUNTIFS(HLTV_Long!$A$2:$A$443,$A18&"|B|"&$Y18&"|wl")),IFERROR((SUMIFS(HLTV_Long!$B$2:$B$443,HLTV_Long!$A$2:$A$443,$A18&"|A|"&"ALL"&"|lw")+SUMIFS(HLTV_Long!$B$2:$B$443,HLTV_Long!$A$2:$A$443,$A18&"|B|"&"ALL"&"|wl"))/(COUNTIFS(HLTV_Long!$A$2:$A$443,$A18&"|A|"&"ALL"&"|lw")+COUNTIFS(HLTV_Long!$A$2:$A$443,$A18&"|B|"&"ALL"&"|wl")),""))) -> 8.585 | AX18: =IF($Y18="","",IFERROR((SUMIFS(HLTV_Long!$B$2:$B$443,HLTV_Long!$A$2:$A$443,$A18&"|B|"&$Y18&"|lw")+SUMIFS(HLTV_Long!$B$2:$B$443,HLTV_Long!$A$2:$A$443,$A18&"|A|"&$Y18&"|wl"))/(COUNTIFS(HLTV_Long!$A$2:$A$443,$A18&"|B|"&$Y18&"|lw")+COUNTIFS(HLTV_Long!$A$2:$A$443,$A18&"|A|"&$Y18&"|wl")),IFERROR((SUMIFS(HLTV_Long!$B$2:$B$443,HLTV_Long!$A$2:$A$443,$A18&"|B|"&"ALL"&"|lw")+SUMIFS(HLTV_Long!$B$2:$B$443,HLTV_Long!$A$2:$A$443,$A18&"|A|"&"ALL"&"|wl"))/(COUNTIFS(HLTV_Long!$A$2:$A$443,$A18&"|B|"&"ALL"&"|lw")+COUNTIFS(HLTV_Long!$A$2:$A$443,$A18&"|A|"&"ALL"&"|wl")),""))) -> 7.525 | AY18: =IF($Y18="","",COUNTIFS(HLTV_Long!$A$2:$A$443,$A18&"|A|"&$Y18&"|lw")+COUNTIFS(HLTV_Long!$A$2:$A$443,$A18&"|B|"&$Y18&"|wl")+COUNTIFS(HLTV_Long!$A$2:$A$443,$A18&"|B|"&$Y18&"|lw")+COUNTIFS(HLTV_Long!$A$2:$A$443,$A18&"|A|"&$Y18&"|wl")) -> 4 | AZ18: =IF(OR($AW18="",$AX18="",$AH18=""),"",13+$AH18*$AW18+(1-$AH18)*$AX18) -> 21.235094 | BA18: =IF($AZ18="","",$AH18*(13-$AW18)-(1-$AH18)*(13-$AX18)) -> 1.150311 | BB18: =IF($AZ18="","",($AH18*13+(1-$AH18)*$AX18)/$AZ18) -> 0.52708514
A19: CS2 · NRG vs Tactical Chaos | B19: CS2 | C19: Thu 14:30 | D19: 3 | E19: NRG Esports (NRG) | F19: Tactical Chaos (Tactical Chaos) | G19: 0.92286395 | K19: Cache 26% | L19: Mirage 18% | M19: Inferno 16% | N19: HLTV veto: played, minus first-bans (no Map Picks) | V19: 7 | W19: Cache | X19: Mirage | Y19: Inferno | Z19: =Config!$B$7 -> 21.5 | AA19: =Config!$B$7 -> 21.5 | AB19: =Config!$B$7 -> 21.5 | AC19: 0 | AD19: NRG | AE19: Tactical Chaos | AF19: 0.8685 | AG19: 0.885 | AH19: 0.8772 | AI19: =IFERROR(INDEX(HLTV_Teams!$N$2:$N$35,MATCH($A19&"|A",HLTV_Teams!$A$2:$A$35,0)),"") -> 0.53626531 | AJ19: =IFERROR(INDEX(HLTV_Teams!$N$2:$N$35,MATCH($A19&"|B",HLTV_Teams!$A$2:$A$35,0)),"") | AK19: =IF($W19="","",IFERROR((SUMIFS(HLTV_Long!$B$2:$B$443,HLTV_Long!$A$2:$A$443,$A19&"|A|"&$W19&"|lw")+SUMIFS(HLTV_Long!$B$2:$B$443,HLTV_Long!$A$2:$A$443,$A19&"|B|"&$W19&"|wl"))/(COUNTIFS(HLTV_Long!$A$2:$A$443,$A19&"|A|"&$W19&"|lw")+COUNTIFS(HLTV_Long!$A$2:$A$443,$A19&"|B|"&$W19&"|wl")),IFERROR((SUMIFS(HLTV_Long!$B$2:$B$443,HLTV_Long!$A$2:$A$443,$A19&"|A|"&"ALL"&"|lw")+SUMIFS(HLTV_Long!$B$2:$B$443,HLTV_Long!$A$2:$A$443,$A19&"|B|"&"ALL"&"|wl"))/(COUNTIFS(HLTV_Long!$A$2:$A$443,$A19&"|A|"&"ALL"&"|lw")+COUNTIFS(HLTV_Long!$A$2:$A$443,$A19&"|B|"&"ALL"&"|wl")),""))) -> 5 | AL19: =IF($W19="","",IFERROR((SUMIFS(HLTV_Long!$B$2:$B$443,HLTV_Long!$A$2:$A$443,$A19&"|B|"&$W19&"|lw")+SUMIFS(HLTV_Long!$B$2:$B$443,HLTV_Long!$A$2:$A$443,$A19&"|A|"&$W19&"|wl"))/(COUNTIFS(HLTV_Long!$A$2:$A$443,$A19&"|B|"&$W19&"|lw")+COUNTIFS(HLTV_Long!$A$2:$A$443,$A19&"|A|"&$W19&"|wl")),IFERROR((SUMIFS(HLTV_Long!$B$2:$B$443,HLTV_Long!$A$2:$A$443,$A19&"|B|"&"ALL"&"|lw")+SUMIFS(HLTV_Long!$B$2:$B$443,HLTV_Long!$A$2:$A$443,$A19&"|A|"&"ALL"&"|wl"))/(COUNTIFS(HLTV_Long!$A$2:$A$443,$A19&"|B|"&"ALL"&"|lw")+COUNTIFS(HLTV_Long!$A$2:$A$443,$A19&"|A|"&"ALL"&"|wl")),""))) -> 7 | AM19: =IF($W19="","",COUNTIFS(HLTV_Long!$A$2:$A$443,$A19&"|A|"&$W19&"|lw")+COUNTIFS(HLTV_Long!$A$2:$A$443,$A19&"|B|"&$W19&"|wl")+COUNTIFS(HLTV_Long!$A$2:$A$443,$A19&"|B|"&$W19&"|lw")+COUNTIFS(HLTV_Long!$A$2:$A$443,$A19&"|A|"&$W19&"|wl")) -> 2 | AN19: =IF(OR($AK19="",$AL19="",$AF19=""),"",13+$AF19*$AK19+(1-$AF19)*$AL19) -> 18.263 | AO19: =IF($AN19="","",$AF19*(13-$AK19)-(1-$AF19)*(13-$AL19)) -> 6.159 | AP19: =IF($AN19="","",($AF19*13+(1-$AF19)*$AL19)/$AN19) -> 0.66861961 | AQ19: =IF($X19="","",IFERROR((SUMIFS(HLTV_Long!$B$2:$B$443,HLTV_Long!$A$2:$A$443,$A19&"|A|"&$X19&"|lw")+SUMIFS(HLTV_Long!$B$2:$B$443,HLTV_Long!$A$2:$A$443,$A19&"|B|"&$X19&"|wl"))/(COUNTIFS(HLTV_Long!$A$2:$A$443,$A19&"|A|"&$X19&"|lw")+COUNTIFS(HLTV_Long!$A$2:$A$443,$A19&"|B|"&$X19&"|wl")),IFERROR((SUMIFS(HLTV_Long!$B$2:$B$443,HLTV_Long!$A$2:$A$443,$A19&"|A|"&"ALL"&"|lw")+SUMIFS(HLTV_Long!$B$2:$B$443,HLTV_Long!$A$2:$A$443,$A19&"|B|"&"ALL"&"|wl"))/(COUNTIFS(HLTV_Long!$A$2:$A$443,$A19&"|A|"&"ALL"&"|lw")+COUNTIFS(HLTV_Long!$A$2:$A$443,$A19&"|B|"&"ALL"&"|wl")),""))) -> 6.5 | AR19: =IF($X19="","",IFERROR((SUMIFS(HLTV_Long!$B$2:$B$443,HLTV_Long!$A$2:$A$443,$A19&"|B|"&$X19&"|lw")+SUMIFS(HLTV_Long!$B$2:$B$443,HLTV_Long!$A$2:$A$443,$A19&"|A|"&$X19&"|wl"))/(COUNTIFS(HLTV_Long!$A$2:$A$443,$A19&"|B|"&$X19&"|lw")+COUNTIFS(HLTV_Long!$A$2:$A$443,$A19&"|A|"&$X19&"|wl")),IFERROR((SUMIFS(HLTV_Long!$B$2:$B$443,HLTV_Long!$A$2:$A$443,$A19&"|B|"&"ALL"&"|lw")+SUMIFS(HLTV_Long!$B$2:$B$443,HLTV_Long!$A$2:$A$443,$A19&"|A|"&"ALL"&"|wl"))/(COUNTIFS(HLTV_Long!$A$2:$A$443,$A19&"|B|"&"ALL"&"|lw")+COUNTIFS(HLTV_Long!$A$2:$A$443,$A19&"|A|"&"ALL"&"|wl")),""))) -> 12.33 | AS19: =IF($X19="","",COUNTIFS(HLTV_Long!$A$2:$A$443,$A19&"|A|"&$X19&"|lw")+COUNTIFS(HLTV_Long!$A$2:$A$443,$A19&"|B|"&$X19&"|wl")+COUNTIFS(HLTV_Long!$A$2:$A$443,$A19&"|B|"&$X19&"|lw")+COUNTIFS(HLTV_Long!$A$2:$A$443,$A19&"|A|"&$X19&"|wl")) -> 2 | AT19: =IF(OR($AQ19="",$AR19="",$AG19=""),"",13+$AG19*$AQ19+(1-$AG19)*$AR19) -> 20.17045 | AU19: =IF($AT19="","",$AG19*(13-$AQ19)-(1-$AG19)*(13-$AR19)) -> 5.67545 | AV19: =IF($AT19="","",($AG19*13+(1-$AG19)*$AR19)/$AT19) -> 0.64068724 | AW19: =IF($Y19="","",IFERROR((SUMIFS(HLTV_Long!$B$2:$B$443,HLTV_Long!$A$2:$A$443,$A19&"|A|"&$Y19&"|lw")+SUMIFS(HLTV_Long!$B$2:$B$443,HLTV_Long!$A$2:$A$443,$A19&"|B|"&$Y19&"|wl"))/(COUNTIFS(HLTV_Long!$A$2:$A$443,$A19&"|A|"&$Y19&"|lw")+COUNTIFS(HLTV_Long!$A$2:$A$443,$A19&"|B|"&$Y19&"|wl")),IFERROR((SUMIFS(HLTV_Long!$B$2:$B$443,HLTV_Long!$A$2:$A$443,$A19&"|A|"&"ALL"&"|lw")+SUMIFS(HLTV_Long!$B$2:$B$443,HLTV_Long!$A$2:$A$443,$A19&"|B|"&"ALL"&"|wl"))/(COUNTIFS(HLTV_Long!$A$2:$A$443,$A19&"|A|"&"ALL"&"|lw")+COUNTIFS(HLTV_Long!$A$2:$A$443,$A19&"|B|"&"ALL"&"|wl")),""))) -> 6.33 | AX19: =IF($Y19="","",IFERROR((SUMIFS(HLTV_Long!$B$2:$B$443,HLTV_Long!$A$2:$A$443,$A19&"|B|"&$Y19&"|lw")+SUMIFS(HLTV_Long!$B$2:$B$443,HLTV_Long!$A$2:$A$443,$A19&"|A|"&$Y19&"|wl"))/(COUNTIFS(HLTV_Long!$A$2:$A$443,$A19&"|B|"&$Y19&"|lw")+COUNTIFS(HLTV_Long!$A$2:$A$443,$A19&"|A|"&$Y19&"|wl")),IFERROR((SUMIFS(HLTV_Long!$B$2:$B$443,HLTV_Long!$A$2:$A$443,$A19&"|B|"&"ALL"&"|lw")+SUMIFS(HLTV_Long!$B$2:$B$443,HLTV_Long!$A$2:$A$443,$A19&"|A|"&"ALL"&"|wl"))/(COUNTIFS(HLTV_Long!$A$2:$A$443,$A19&"|B|"&"ALL"&"|lw")+COUNTIFS(HLTV_Long!$A$2:$A$443,$A19&"|A|"&"ALL"&"|wl")),""))) -> 6.5 | AY19: =IF($Y19="","",COUNTIFS(HLTV_Long!$A$2:$A$443,$A19&"|A|"&$Y19&"|lw")+COUNTIFS(HLTV_Long!$A$2:$A$443,$A19&"|B|"&$Y19&"|wl")+COUNTIFS(HLTV_Long!$A$2:$A$443,$A19&"|B|"&$Y19&"|lw")+COUNTIFS(HLTV_Long!$A$2:$A$443,$A19&"|A|"&$Y19&"|wl")) -> 2 | AZ19: =IF(OR($AW19="",$AX19="",$AH19=""),"",13+$AH19*$AW19+(1-$AH19)*$AX19) -> 19.350876 | BA19: =IF($AZ19="","",$AH19*(13-$AW19)-(1-$AH19)*(13-$AX19)) -> 5.052724 | BB19: =IF($AZ19="","",($AH19*13+(1-$AH19)*$AX19)/$AZ19) -> 0.63055543
A20: CS2 · DEN vs Low Cortisol | B20: CS2 | C20: Thu 15:00 | D20: 3 | E20: DENDELE CS (DEN) | F20: Low Cortisol BR (Low Cortisol) | G20: 0.89730808 | H20: 0.70522483 | I20: 0.049567231 | J20: 0.24520794 | K20: Cache 21% | L20: Mirage 21% | M20: Ancient 18% | N20: HLTV veto: played, minus first-bans (no Map Picks) | O20: 19.337324 | P20: 19.337324 | S20: 6.4489713 | V20: 202 | W20: Cache | X20: Mirage | Y20: Ancient | Z20: 19.34 | AA20: 19.34 | AB20: =Config!$B$7 -> 21.5 | AC20: 0.2452 | AD20: DEN | AE20: Low Cortisol | AF20: 0.8451 | AG20: 0.8429 | AH20: 0.8973 | AI20: =IFERROR(INDEX(HLTV_Teams!$N$2:$N$35,MATCH($A20&"|A",HLTV_Teams!$A$2:$A$35,0)),"") -> 0.52008897 | AJ20: =IFERROR(INDEX(HLTV_Teams!$N$2:$N$35,MATCH($A20&"|B",HLTV_Teams!$A$2:$A$35,0)),"") | AK20: =IF($W20="","",IFERROR((SUMIFS(HLTV_Long!$B$2:$B$443,HLTV_Long!$A$2:$A$443,$A20&"|A|"&$W20&"|lw")+SUMIFS(HLTV_Long!$B$2:$B$443,HLTV_Long!$A$2:$A$443,$A20&"|B|"&$W20&"|wl"))/(COUNTIFS(HLTV_Long!$A$2:$A$443,$A20&"|A|"&$W20&"|lw")+COUNTIFS(HLTV_Long!$A$2:$A$443,$A20&"|B|"&$W20&"|wl")),IFERROR((SUMIFS(HLTV_Long!$B$2:$B$443,HLTV_Long!$A$2:$A$443,$A20&"|A|"&"ALL"&"|lw")+SUMIFS(HLTV_Long!$B$2:$B$443,HLTV_Long!$A$2:$A$443,$A20&"|B|"&"ALL"&"|wl"))/(COUNTIFS(HLTV_Long!$A$2:$A$443,$A20&"|A|"&"ALL"&"|lw")+COUNTIFS(HLTV_Long!$A$2:$A$443,$A20&"|B|"&"ALL"&"|wl")),""))) -> 6 | AL20: =IF($W20="","",IFERROR((SUMIFS(HLTV_Long!$B$2:$B$443,HLTV_Long!$A$2:$A$443,$A20&"|B|"&$W20&"|lw")+SUMIFS(HLTV_Long!$B$2:$B$443,HLTV_Long!$A$2:$A$443,$A20&"|A|"&$W20&"|wl"))/(COUNTIFS(HLTV_Long!$A$2:$A$443,$A20&"|B|"&$W20&"|lw")+COUNTIFS(HLTV_Long!$A$2:$A$443,$A20&"|A|"&$W20&"|wl")),IFERROR((SUMIFS(HLTV_Long!$B$2:$B$443,HLTV_Long!$A$2:$A$443,$A20&"|B|"&"ALL"&"|lw")+SUMIFS(HLTV_Long!$B$2:$B$443,HLTV_Long!$A$2:$A$443,$A20&"|A|"&"ALL"&"|wl"))/(COUNTIFS(HLTV_Long!$A$2:$A$443,$A20&"|B|"&"ALL"&"|lw")+COUNTIFS(HLTV_Long!$A$2:$A$443,$A20&"|A|"&"ALL"&"|wl")),""))) -> 8.4 | AM20: =IF($W20="","",COUNTIFS(HLTV_Long!$A$2:$A$443,$A20&"|A|"&$W20&"|lw")+COUNTIFS(HLTV_Long!$A$2:$A$443,$A20&"|B|"&$W20&"|wl")+COUNTIFS(HLTV_Long!$A$2:$A$443,$A20&"|B|"&$W20&"|lw")+COUNTIFS(HLTV_Long!$A$2:$A$443,$A20&"|A|"&$W20&"|wl")) -> 2 | AN20: =IF(OR($AK20="",$AL20="",$AF20=""),"",13+$AF20*$AK20+(1-$AF20)*$AL20) -> 19.37176 | AO20: =IF($AN20="","",$AF20*(13-$AK20)-(1-$AF20)*(13-$AL20)) -> 5.20316 | AP20: =IF($AN20="","",($AF20*13+(1-$AF20)*$AL20)/$AN20) -> 0.63429755 | AQ20: =IF($X20="","",IFERROR((SUMIFS(HLTV_Long!$B$2:$B$443,HLTV_Long!$A$2:$A$443,$A20&"|A|"&$X20&"|lw")+SUMIFS(HLTV_Long!$B$2:$B$443,HLTV_Long!$A$2:$A$443,$A20&"|B|"&$X20&"|wl"))/(COUNTIFS(HLTV_Long!$A$2:$A$443,$A20&"|A|"&$X20&"|lw")+COUNTIFS(HLTV_Long!$A$2:$A$443,$A20&"|B|"&$X20&"|wl")),IFERROR((SUMIFS(HLTV_Long!$B$2:$B$443,HLTV_Long!$A$2:$A$443,$A20&"|A|"&"ALL"&"|lw")+SUMIFS(HLTV_Long!$B$2:$B$443,HLTV_Long!$A$2:$A$443,$A20&"|B|"&"ALL"&"|wl"))/(COUNTIFS(HLTV_Long!$A$2:$A$443,$A20&"|A|"&"ALL"&"|lw")+COUNTIFS(HLTV_Long!$A$2:$A$443,$A20&"|B|"&"ALL"&"|wl")),""))) -> 9.5 | AR20: =IF($X20="","",IFERROR((SUMIFS(HLTV_Long!$B$2:$B$443,HLTV_Long!$A$2:$A$443,$A20&"|B|"&$X20&"|lw")+SUMIFS(HLTV_Long!$B$2:$B$443,HLTV_Long!$A$2:$A$443,$A20&"|A|"&$X20&"|wl"))/(COUNTIFS(HLTV_Long!$A$2:$A$443,$A20&"|B|"&$X20&"|lw")+COUNTIFS(HLTV_Long!$A$2:$A$443,$A20&"|A|"&$X20&"|wl")),IFERROR((SUMIFS(HLTV_Long!$B$2:$B$443,HLTV_Long!$A$2:$A$443,$A20&"|B|"&"ALL"&"|lw")+SUMIFS(HLTV_Long!$B$2:$B$443,HLTV_Long!$A$2:$A$443,$A20&"|A|"&"ALL"&"|wl"))/(COUNTIFS(HLTV_Long!$A$2:$A$443,$A20&"|B|"&"ALL"&"|lw")+COUNTIFS(HLTV_Long!$A$2:$A$443,$A20&"|A|"&"ALL"&"|wl")),""))) -> 10.83 | AS20: =IF($X20="","",COUNTIFS(HLTV_Long!$A$2:$A$443,$A20&"|A|"&$X20&"|lw")+COUNTIFS(HLTV_Long!$A$2:$A$443,$A20&"|B|"&$X20&"|wl")+COUNTIFS(HLTV_Long!$A$2:$A$443,$A20&"|B|"&$X20&"|lw")+COUNTIFS(HLTV_Long!$A$2:$A$443,$A20&"|A|"&$X20&"|wl")) -> 2 | AT20: =IF(OR($AQ20="",$AR20="",$AG20=""),"",13+$AG20*$AQ20+(1-$AG20)*$AR20) -> 22.708943 | AU20: =IF($AT20="","",$AG20*(13-$AQ20)-(1-$AG20)*(13-$AR20)) -> 2.609243 | AV20: =IF($AT20="","",($AG20*13+(1-$AG20)*$AR20)/$AT20) -> 0.55744968 | AW20: =IF($Y20="","",IFERROR((SUMIFS(HLTV_Long!$B$2:$B$443,HLTV_Long!$A$2:$A$443,$A20&"|A|"&$Y20&"|lw")+SUMIFS(HLTV_Long!$B$2:$B$443,HLTV_Long!$A$2:$A$443,$A20&"|B|"&$Y20&"|wl"))/(COUNTIFS(HLTV_Long!$A$2:$A$443,$A20&"|A|"&$Y20&"|lw")+COUNTIFS(HLTV_Long!$A$2:$A$443,$A20&"|B|"&$Y20&"|wl")),IFERROR((SUMIFS(HLTV_Long!$B$2:$B$443,HLTV_Long!$A$2:$A$443,$A20&"|A|"&"ALL"&"|lw")+SUMIFS(HLTV_Long!$B$2:$B$443,HLTV_Long!$A$2:$A$443,$A20&"|B|"&"ALL"&"|wl"))/(COUNTIFS(HLTV_Long!$A$2:$A$443,$A20&"|A|"&"ALL"&"|lw")+COUNTIFS(HLTV_Long!$A$2:$A$443,$A20&"|B|"&"ALL"&"|wl")),""))) -> 10.67 | AX20: =IF($Y20="","",IFERROR((SUMIFS(HLTV_Long!$B$2:$B$443,HLTV_Long!$A$2:$A$443,$A20&"|B|"&$Y20&"|lw")+SUMIFS(HLTV_Long!$B$2:$B$443,HLTV_Long!$A$2:$A$443,$A20&"|A|"&$Y20&"|wl"))/(COUNTIFS(HLTV_Long!$A$2:$A$443,$A20&"|B|"&$Y20&"|lw")+COUNTIFS(HLTV_Long!$A$2:$A$443,$A20&"|A|"&$Y20&"|wl")),IFERROR((SUMIFS(HLTV_Long!$B$2:$B$443,HLTV_Long!$A$2:$A$443,$A20&"|B|"&"ALL"&"|lw")+SUMIFS(HLTV_Long!$B$2:$B$443,HLTV_Long!$A$2:$A$443,$A20&"|A|"&"ALL"&"|wl"))/(COUNTIFS(HLTV_Long!$A$2:$A$443,$A20&"|B|"&"ALL"&"|lw")+COUNTIFS(HLTV_Long!$A$2:$A$443,$A20&"|A|"&"ALL"&"|wl")),""))) -> 9 | AY20: =IF($Y20="","",COUNTIFS(HLTV_Long!$A$2:$A$443,$A20&"|A|"&$Y20&"|lw")+COUNTIFS(HLTV_Long!$A$2:$A$443,$A20&"|B|"&$Y20&"|wl")+COUNTIFS(HLTV_Long!$A$2:$A$443,$A20&"|B|"&$Y20&"|lw")+COUNTIFS(HLTV_Long!$A$2:$A$443,$A20&"|A|"&$Y20&"|wl")) -> 2 | AZ20: =IF(OR($AW20="",$AX20="",$AH20=""),"",13+$AH20*$AW20+(1-$AH20)*$AX20) -> 23.498491 | BA20: =IF($AZ20="","",$AH20*(13-$AW20)-(1-$AH20)*(13-$AX20)) -> 1.679909 | BB20: =IF($AZ20="","",($AH20*13+(1-$AH20)*$AX20)/$AZ20) -> 0.53574504
A21: CS2 · TdP vs ALKA | B21: CS2 | C21: Thu 18:30 | D21: 3 | E21: Turma do Pagode (TdP) | F21: ALKA (ALKA) | G21: 0.72354212 | H21: 0.4420378 | I21: 0.14709189 | J21: 0.41087031 | K21: Ancient 36% | L21: Dust2 34% | M21: Nuke 12% | N21: HLTV veto: played, minus first-bans (no Map Picks) | O21: 20.804204 | P21: 20.804204 | S21: 3.6267748 | V21: 208 | W21: Ancient | X21: Dust2 | Y21: Nuke | Z21: 20.8 | AA21: 20.8 | AB21: =Config!$B$7 -> 21.5 | AC21: 0.4109 | AD21: TdP | AE21: ALKA | AF21: 0.6746 | AG21: 0.6691 | AH21: 0.7235 | AI21: =IFERROR(INDEX(HLTV_Teams!$N$2:$N$35,MATCH($A21&"|A",HLTV_Teams!$A$2:$A$35,0)),"") -> 0.51563627 | AJ21: =IFERROR(INDEX(HLTV_Teams!$N$2:$N$35,MATCH($A21&"|B",HLTV_Teams!$A$2:$A$35,0)),"") -> 0.49196586 | AK21: =IF($W21="","",IFERROR((SUMIFS(HLTV_Long!$B$2:$B$443,HLTV_Long!$A$2:$A$443,$A21&"|A|"&$W21&"|lw")+SUMIFS(HLTV_Long!$B$2:$B$443,HLTV_Long!$A$2:$A$443,$A21&"|B|"&$W21&"|wl"))/(COUNTIFS(HLTV_Long!$A$2:$A$443,$A21&"|A|"&$W21&"|lw")+COUNTIFS(HLTV_Long!$A$2:$A$443,$A21&"|B|"&$W21&"|wl")),IFERROR((SUMIFS(HLTV_Long!$B$2:$B$443,HLTV_Long!$A$2:$A$443,$A21&"|A|"&"ALL"&"|lw")+SUMIFS(HLTV_Long!$B$2:$B$443,HLTV_Long!$A$2:$A$443,$A21&"|B|"&"ALL"&"|wl"))/(COUNTIFS(HLTV_Long!$A$2:$A$443,$A21&"|A|"&"ALL"&"|lw")+COUNTIFS(HLTV_Long!$A$2:$A$443,$A21&"|B|"&"ALL"&"|wl")),""))) -> 8.81 | AL21: =IF($W21="","",IFERROR((SUMIFS(HLTV_Long!$B$2:$B$443,HLTV_Long!$A$2:$A$443,$A21&"|B|"&$W21&"|lw")+SUMIFS(HLTV_Long!$B$2:$B$443,HLTV_Long!$A$2:$A$443,$A21&"|A|"&$W21&"|wl"))/(COUNTIFS(HLTV_Long!$A$2:$A$443,$A21&"|B|"&$W21&"|lw")+COUNTIFS(HLTV_Long!$A$2:$A$443,$A21&"|A|"&$W21&"|wl")),IFERROR((SUMIFS(HLTV_Long!$B$2:$B$443,HLTV_Long!$A$2:$A$443,$A21&"|B|"&"ALL"&"|lw")+SUMIFS(HLTV_Long!$B$2:$B$443,HLTV_Long!$A$2:$A$443,$A21&"|A|"&"ALL"&"|wl"))/(COUNTIFS(HLTV_Long!$A$2:$A$443,$A21&"|B|"&"ALL"&"|lw")+COUNTIFS(HLTV_Long!$A$2:$A$443,$A21&"|A|"&"ALL"&"|wl")),""))) -> 9.34 | AM21: =IF($W21="","",COUNTIFS(HLTV_Long!$A$2:$A$443,$A21&"|A|"&$W21&"|lw")+COUNTIFS(HLTV_Long!$A$2:$A$443,$A21&"|B|"&$W21&"|wl")+COUNTIFS(HLTV_Long!$A$2:$A$443,$A21&"|B|"&$W21&"|lw")+COUNTIFS(HLTV_Long!$A$2:$A$443,$A21&"|A|"&$W21&"|wl")) -> 4 | AN21: =IF(OR($AK21="",$AL21="",$AF21=""),"",13+$AF21*$AK21+(1-$AF21)*$AL21) -> 21.982462 | AO21: =IF($AN21="","",$AF21*(13-$AK21)-(1-$AF21)*(13-$AL21)) -> 1.63561 | AP21: =IF($AN21="","",($AF21*13+(1-$AF21)*$AL21)/$AN21) -> 0.53720261 | AQ21: =IF($X21="","",IFERROR((SUMIFS(HLTV_Long!$B$2:$B$443,HLTV_Long!$A$2:$A$443,$A21&"|A|"&$X21&"|lw")+SUMIFS(HLTV_Long!$B$2:$B$443,HLTV_Long!$A$2:$A$443,$A21&"|B|"&$X21&"|wl"))/(COUNTIFS(HLTV_Long!$A$2:$A$443,$A21&"|A|"&$X21&"|lw")+COUNTIFS(HLTV_Long!$A$2:$A$443,$A21&"|B|"&$X21&"|wl")),IFERROR((SUMIFS(HLTV_Long!$B$2:$B$443,HLTV_Long!$A$2:$A$443,$A21&"|A|"&"ALL"&"|lw")+SUMIFS(HLTV_Long!$B$2:$B$443,HLTV_Long!$A$2:$A$443,$A21&"|B|"&"ALL"&"|wl"))/(COUNTIFS(HLTV_Long!$A$2:$A$443,$A21&"|A|"&"ALL"&"|lw")+COUNTIFS(HLTV_Long!$A$2:$A$443,$A21&"|B|"&"ALL"&"|wl")),""))) -> 7.28 | AR21: =IF($X21="","",IFERROR((SUMIFS(HLTV_Long!$B$2:$B$443,HLTV_Long!$A$2:$A$443,$A21&"|B|"&$X21&"|lw")+SUMIFS(HLTV_Long!$B$2:$B$443,HLTV_Long!$A$2:$A$443,$A21&"|A|"&$X21&"|wl"))/(COUNTIFS(HLTV_Long!$A$2:$A$443,$A21&"|B|"&$X21&"|lw")+COUNTIFS(HLTV_Long!$A$2:$A$443,$A21&"|A|"&$X21&"|wl")),IFERROR((SUMIFS(HLTV_Long!$B$2:$B$443,HLTV_Long!$A$2:$A$443,$A21&"|B|"&"ALL"&"|lw")+SUMIFS(HLTV_Long!$B$2:$B$443,HLTV_Long!$A$2:$A$443,$A21&"|A|"&"ALL"&"|wl"))/(COUNTIFS(HLTV_Long!$A$2:$A$443,$A21&"|B|"&"ALL"&"|lw")+COUNTIFS(HLTV_Long!$A$2:$A$443,$A21&"|A|"&"ALL"&"|wl")),""))) -> 7.19 | AS21: =IF($X21="","",COUNTIFS(HLTV_Long!$A$2:$A$443,$A21&"|A|"&$X21&"|lw")+COUNTIFS(HLTV_Long!$A$2:$A$443,$A21&"|B|"&$X21&"|wl")+COUNTIFS(HLTV_Long!$A$2:$A$443,$A21&"|B|"&$X21&"|lw")+COUNTIFS(HLTV_Long!$A$2:$A$443,$A21&"|A|"&$X21&"|wl")) -> 4 | AT21: =IF(OR($AQ21="",$AR21="",$AG21=""),"",13+$AG21*$AQ21+(1-$AG21)*$AR21) -> 20.250219 | AU21: =IF($AT21="","",$AG21*(13-$AQ21)-(1-$AG21)*(13-$AR21)) -> 1.904723 | AV21: =IF($AT21="","",($AG21*13+(1-$AG21)*$AR21)/$AT21) -> 0.54702969 | AW21: =IF($Y21="","",IFERROR((SUMIFS(HLTV_Long!$B$2:$B$443,HLTV_Long!$A$2:$A$443,$A21&"|A|"&$Y21&"|lw")+SUMIFS(HLTV_Long!$B$2:$B$443,HLTV_Long!$A$2:$A$443,$A21&"|B|"&$Y21&"|wl"))/(COUNTIFS(HLTV_Long!$A$2:$A$443,$A21&"|A|"&$Y21&"|lw")+COUNTIFS(HLTV_Long!$A$2:$A$443,$A21&"|B|"&$Y21&"|wl")),IFERROR((SUMIFS(HLTV_Long!$B$2:$B$443,HLTV_Long!$A$2:$A$443,$A21&"|A|"&"ALL"&"|lw")+SUMIFS(HLTV_Long!$B$2:$B$443,HLTV_Long!$A$2:$A$443,$A21&"|B|"&"ALL"&"|wl"))/(COUNTIFS(HLTV_Long!$A$2:$A$443,$A21&"|A|"&"ALL"&"|lw")+COUNTIFS(HLTV_Long!$A$2:$A$443,$A21&"|B|"&"ALL"&"|wl")),""))) -> 10.15 | AX21: =IF($Y21="","",IFERROR((SUMIFS(HLTV_Long!$B$2:$B$443,HLTV_Long!$A$2:$A$443,$A21&"|B|"&$Y21&"|lw")+SUMIFS(HLTV_Long!$B$2:$B$443,HLTV_Long!$A$2:$A$443,$A21&"|A|"&$Y21&"|wl"))/(COUNTIFS(HLTV_Long!$A$2:$A$443,$A21&"|B|"&$Y21&"|lw")+COUNTIFS(HLTV_Long!$A$2:$A$443,$A21&"|A|"&$Y21&"|wl")),IFERROR((SUMIFS(HLTV_Long!$B$2:$B$443,HLTV_Long!$A$2:$A$443,$A21&"|B|"&"ALL"&"|lw")+SUMIFS(HLTV_Long!$B$2:$B$443,HLTV_Long!$A$2:$A$443,$A21&"|A|"&"ALL"&"|wl"))/(COUNTIFS(HLTV_Long!$A$2:$A$443,$A21&"|B|"&"ALL"&"|lw")+COUNTIFS(HLTV_Long!$A$2:$A$443,$A21&"|A|"&"ALL"&"|wl")),""))) -> 10.75 | AY21: =IF($Y21="","",COUNTIFS(HLTV_Long!$A$2:$A$443,$A21&"|A|"&$Y21&"|lw")+COUNTIFS(HLTV_Long!$A$2:$A$443,$A21&"|B|"&$Y21&"|wl")+COUNTIFS(HLTV_Long!$A$2:$A$443,$A21&"|B|"&$Y21&"|lw")+COUNTIFS(HLTV_Long!$A$2:$A$443,$A21&"|A|"&$Y21&"|wl")) -> 4 | AZ21: =IF(OR($AW21="",$AX21="",$AH21=""),"",13+$AH21*$AW21+(1-$AH21)*$AX21) -> 23.3159 | BA21: =IF($AZ21="","",$AH21*(13-$AW21)-(1-$AH21)*(13-$AX21)) -> 1.43985 | BB21: =IF($AZ21="","",($AH21*13+(1-$AH21)*$AX21)/$AZ21) -> 0.530877
A22: VAL · KBG vs UR | B22: VAL | C22: Thu 04:00 | D22: 3 | E22: KeepBest Gaming (KBG) | F22: Unsettled Resentment (UR) | G22: 0.57407407 | H22: 0.31542429 | I22: 0.23355187 | J22: 0.45102384 | K22: Haven 20% | L22: Pearl 15% | M22: Sunset 14% | N22: most-played by both rosters (no Map Picks) | O22: 21.396589 | P22: 21.35866 | R22: 0.15373766 | S22: 0.88309045 | U22: 11.95 | V22: 121 | W22: Haven | X22: Pearl | Y22: Sunset | Z22: 21.4 | AA22: 21.36 | AB22: =Config!$B$8 -> 22.5 | AC22: 0.451 | AD22: KBG | AE22: UR | AF22: 0.5442 | AG22: 0.5442 | AH22: 0.5741
A23: VAL · TEC vs WSIG | B23: VAL | C23: Thu 06:00 | D23: 3 | E23: Titan Esports Club (TEC) | F23: WS Invictus Gaming (WSIG) | G23: 0.61636829 | H23: 0.35950757 | I23: 0.2076767 | J23: 0.43281573 | K23: Sunset 28% | L23: Split 17% | M23: Bind 14% | N23: most-played by both rosters (no Map Picks) | O23: 21.277459 | P23: 21.23664 | R23: 0.15159944 | S23: 1.7450037 | U23: 11.057472 | V23: 122 | W23: Sunset | X23: Split | Y23: Bind | Z23: 21.28 | AA23: 21.24 | AB23: =Config!$B$8 -> 22.5 | AC23: 0.4328 | AD23: TEC | AE23: WSIG | AF23: 0.5827 | AG23: 0.5827 | AH23: 0.6164

Sheet Projections
A1: Title | B1: Match | C1: Player | D1: Team | E1: Market | F1: Line | G1: Proj | H1: Sigma | I1: P(over) | J1: P(under) | K1: P(push) | L1: Model side (paper) | M1: TP book median | N1: PF Avg L10 | O1: PF L5 | P1: PF L10 | Q1: PF L15 | R1: PF H2H | S1: PF streak | T1: Maps used | U1: Rounds used | V1: Flags | W1: Calc key | X1: Code | Y1: Lookup | Z1: Proj adj | AA1: Sigma adj | AB1: P(over) adj | AC1: P(under) adj | AD1: Side adj (paper) | AE1: Diff mult
A2: CS2 | B2: CS2 [NO MARKET] · 100T vs Arena Pro | C2: device | D2: 100T | E2: Maps 1-2 HS | F2: 10.5 | G2: =IFERROR(INDEX(CHOOSE(MATCH($X2,{"K1","K2","K3","K12","K13","H1","H2","H3","H12","H13"},0),Calc!$V$2:$V$137,Calc!$AC$2:$AC$137,Calc!$AJ$2:$AJ$137,Calc!$AL$2:$AL$137,Calc!$AM$2:$AM$137,Calc!$W$2:$W$137,Calc!$AD$2:$AD$137,Calc!$AK$2:$AK$137,Calc!$AN$2:$AN$137,Calc!$AO$2:$AO$137),MATCH($W2,Calc!$A$2:$A$137,0)),"") -> 11.427582 | H2: =IF(G2="","",IF(LEFT($X2,1)="H",SQRT(G2*(IFERROR(INDEX(Calc!$AP$2:$AP$137,MATCH($W2,Calc!$A$2:$A$137,0)),0.5)*Config!$B$5+1-IFERROR(INDEX(Calc!$AP$2:$AP$137,MATCH($W2,Calc!$A$2:$A$137,0)),0.5))),SQRT(G2*Config!$B$5))) -> 3.5956241 | I2: =IF(OR(F2="",G2="",N(H2)<=0),"",1-NORMDIST(FLOOR(F2,1)+0.5,G2,H2,TRUE())) -> 0.601787 | J2: =IF(I2="","",NORMDIST(CEILING(F2,1)-0.5,G2,H2,TRUE())) -> 0.398213 | K2: =IF(I2="","",MAX(0,1-I2-J2)) -> 0 | L2: =IF(I2="","",IF(I2>=0.5+Config!$B$6,"OVER",IF(J2>=0.5+Config!$B$6,"UNDER","—"))) -> OVER | N2: 10.2 | O2: 0.4 | P2: 0.3 | Q2: 0.33 | R2: - | S2: 1 | T2: =INDEX(Calc!$G$2:$G$137,MATCH($W2,Calc!$A$2:$A$137,0))&" / "&INDEX(Calc!$H$2:$H$137,MATCH($W2,Calc!$A$2:$A$137,0)) -> Dust2 / Ancient | U2: =TEXT(INDEX(Calc!$J$2:$J$137,MATCH($W2,Calc!$A$2:$A$137,0)),"0.0")&" / "&TEXT(INDEX(Calc!$K$2:$K$137,MATCH($W2,Calc!$A$2:$A$137,0)),"0.0") -> 21.5 / 21.5 | V2: =IFERROR(INDEX(Calc!$AQ$2:$AQ$137,MATCH($W2,Calc!$A$2:$A$137,0)),"") | W2: yoqtwbv6uc6leni|CS2 [NO MARKET] · 100T vs Arena Pro | X2: H12 | Y2: =W2&"|"&X2 -> yoqtwbv6uc6leni|CS2 [NO MARKET] · 100T vs Arena Pro|H12 | Z2: =IFERROR(INDEX(CHOOSE(MATCH($X2,{"K1","K2","K3","K12","K13","H1","H2","H3","H12","H13"},0),Calc!$BA$2:$BA$137,Calc!$BB$2:$BB$137,Calc!$BC$2:$BC$137,Calc!$BD$2:$BD$137,Calc!$BE$2:$BE$137,Calc!$BF$2:$BF$137,Calc!$BG$2:$BG$137,Calc!$BH$2:$BH$137,Calc!$BI$2:$BI$137,Calc!$BJ$2:$BJ$137),MATCH($W2,Calc!$A$2:$A$137,0)),"") -> 11.427582 | AA2: =IF(Z2="","",IF(LEFT($X2,1)="H",SQRT(Z2*(IFERROR(INDEX(Calc!$AP$2:$AP$137,MATCH($W2,Calc!$A$2:$A$137,0)),0.5)*Config!$B$5+1-IFERROR(INDEX(Calc!$AP$2:$AP$137,MATCH($W2,Calc!$A$2:$A$137,0)),0.5))),SQRT(Z2*Config!$B$5))) -> 3.5956241 | AB2: =IF(OR(F2="",Z2="",N(AA2)<=0),"",1-NORMDIST(FLOOR(F2,1)+0.5,Z2,AA2,TRUE())) -> 0.601787 | AC2: =IF(AB2="","",NORMDIST(CEILING(F2,1)-0.5,Z2,AA2,TRUE())) -> 0.398213 | AD2: =IF(AB2="","",IF(AB2>=0.5+Config!$B$6,"OVER",IF(AC2>=0.5+Config!$B$6,"UNDER","—"))) -> OVER | AE2: =IFERROR(Z2/G2,"") -> 1
A3: CS2 | B3: CS2 [NO MARKET] · 100T vs Arena Pro | C3: device | D3: 100T | E3: Maps 1-2 Kills | F3: 32.5 | G3: =IFERROR(INDEX(CHOOSE(MATCH($X3,{"K1","K2","K3","K12","K13","H1","H2","H3","H12","H13"},0),Calc!$V$2:$V$137,Calc!$AC$2:$AC$137,Calc!$AJ$2:$AJ$137,Calc!$AL$2:$AL$137,Calc!$AM$2:$AM$137,Calc!$W$2:$W$137,Calc!$AD$2:$AD$137,Calc!$AK$2:$AK$137,Calc!$AN$2:$AN$137,Calc!$AO$2:$AO$137),MATCH($W3,Calc!$A$2:$A$137,0)),"") -> 34.802311 | H3: =IF(G3="","",IF(LEFT($X3,1)="H",SQRT(G3*(IFERROR(INDEX(Calc!$AP$2:$AP$137,MATCH($W3,Calc!$A$2:$A$137,0)),0.5)*Config!$B$5+1-IFERROR(INDEX(Calc!$AP$2:$AP$137,MATCH($W3,Calc!$A$2:$A$137,0)),0.5))),SQRT(G3*Config!$B$5))) -> 6.9802031 | I3: =IF(OR(F3="",G3="",N(H3)<=0),"",1-NORMDIST(FLOOR(F3,1)+0.5,G3,H3,TRUE())) -> 0.62923743 | J3: =IF(I3="","",NORMDIST(CEILING(F3,1)-0.5,G3,H3,TRUE())) -> 0.37076257 | K3: =IF(I3="","",MAX(0,1-I3-J3)) -> 0 | L3: =IF(I3="","",IF(I3>=0.5+Config!$B$6,"OVER",IF(J3>=0.5+Config!$B$6,"UNDER","—"))) -> OVER | N3: 31.5 | O3: 0.2 | P3: 0.4 | Q3: 0.33 | R3: - | S3: -2 | T3: =INDEX(Calc!$G$2:$G$137,MATCH($W3,Calc!$A$2:$A$137,0))&" / "&INDEX(Calc!$H$2:$H$137,MATCH($W3,Calc!$A$2:$A$137,0)) -> Dust2 / Ancient | U3: =TEXT(INDEX(Calc!$J$2:$J$137,MATCH($W3,Calc!$A$2:$A$137,0)),"0.0")&" / "&TEXT(INDEX(Calc!$K$2:$K$137,MATCH($W3,Calc!$A$2:$A$137,0)),"0.0") -> 21.5 / 21.5 | V3: =IFERROR(INDEX(Calc!$AQ$2:$AQ$137,MATCH($W3,Calc!$A$2:$A$137,0)),"") | W3: yoqtwbv6uc6leni|CS2 [NO MARKET] · 100T vs Arena Pro | X3: K12 | Y3: =W3&"|"&X3 -> yoqtwbv6uc6leni|CS2 [NO MARKET] · 100T vs Arena Pro|K12 | Z3: =IFERROR(INDEX(CHOOSE(MATCH($X3,{"K1","K2","K3","K12","K13","H1","H2","H3","H12","H13"},0),Calc!$BA$2:$BA$137,Calc!$BB$2:$BB$137,Calc!$BC$2:$BC$137,Calc!$BD$2:$BD$137,Calc!$BE$2:$BE$137,Calc!$BF$2:$BF$137,Calc!$BG$2:$BG$137,Calc!$BH$2:$BH$137,Calc!$BI$2:$BI$137,Calc!$BJ$2:$BJ$137),MATCH($W3,Calc!$A$2:$A$137,0)),"") -> 34.802311 | AA3: =IF(Z3="","",IF(LEFT($X3,1)="H",SQRT(Z3*(IFERROR(INDEX(Calc!$AP$2:$AP$137,MATCH($W3,Calc!$A$2:$A$137,0)),0.5)*Config!$B$5+1-IFERROR(INDEX(Calc!$AP$2:$AP$137,MATCH($W3,Calc!$A$2:$A$137,0)),0.5))),SQRT(Z3*Config!$B$5))) -> 6.9802031 | AB3: =IF(OR(F3="",Z3="",N(AA3)<=0),"",1-NORMDIST(FLOOR(F3,1)+0.5,Z3,AA3,TRUE())) -> 0.62923743 | AC3: =IF(AB3="","",NORMDIST(CEILING(F3,1)-0.5,Z3,AA3,TRUE())) -> 0.37076257 | AD3: =IF(AB3="","",IF(AB3>=0.5+Config!$B$6,"OVER",IF(AC3>=0.5+Config!$B$6,"UNDER","—"))) -> OVER | AE3: =IFERROR(Z3/G3,"") -> 1
A4: CS2 | B4: CS2 [NO MARKET] · 100T vs Arena Pro | C4: Gizmy | D4: 100T | E4: Maps 1-2 HS | F4: 13.5 | G4: =IFERROR(INDEX(CHOOSE(MATCH($X4,{"K1","K2","K3","K12","K13","H1","H2","H3","H12","H13"},0),Calc!$V$2:$V$137,Calc!$AC$2:$AC$137,Calc!$AJ$2:$AJ$137,Calc!$AL$2:$AL$137,Calc!$AM$2:$AM$137,Calc!$W$2:$W$137,Calc!$AD$2:$AD$137,Calc!$AK$2:$AK$137,Calc!$AN$2:$AN$137,Calc!$AO$2:$AO$137),MATCH($W4,Calc!$A$2:$A$137,0)),"") -> 12.098153 | H4: =IF(G4="","",IF(LEFT($X4,1)="H",SQRT(G4*(IFERROR(INDEX(Calc!$AP$2:$AP$137,MATCH($W4,Calc!$A$2:$A$137,0)),0.5)*Config!$B$5+1-IFERROR(INDEX(Calc!$AP$2:$AP$137,MATCH($W4,Calc!$A$2:$A$137,0)),0.5))),SQRT(G4*Config!$B$5))) -> 3.795308 | I4: =IF(OR(F4="",G4="",N(H4)<=0),"",1-NORMDIST(FLOOR(F4,1)+0.5,G4,H4,TRUE())) -> 0.35592848 | J4: =IF(I4="","",NORMDIST(CEILING(F4,1)-0.5,G4,H4,TRUE())) -> 0.64407152 | K4: =IF(I4="","",MAX(0,1-I4-J4)) -> 0 | L4: =IF(I4="","",IF(I4>=0.5+Config!$B$6,"OVER",IF(J4>=0.5+Config!$B$6,"UNDER","—"))) -> UNDER | N4: 11 | O4: 0.2 | P4: 0.2 | Q4: 0.33 | R4: - | S4: -1 | T4: =INDEX(Calc!$G$2:$G$137,MATCH($W4,Calc!$A$2:$A$137,0))&" / "&INDEX(Calc!$H$2:$H$137,MATCH($W4,Calc!$A$2:$A$137,0)) -> Dust2 / Ancient | U4: =TEXT(INDEX(Calc!$J$2:$J$137,MATCH($W4,Calc!$A$2:$A$137,0)),"0.0")&" / "&TEXT(INDEX(Calc!$K$2:$K$137,MATCH($W4,Calc!$A$2:$A$137,0)),"0.0") -> 21.5 / 21.5 | V4: =IFERROR(INDEX(Calc!$AQ$2:$AQ$137,MATCH($W4,Calc!$A$2:$A$137,0)),"") | W4: acphdzip9ah477u|CS2 [NO MARKET] · 100T vs Arena Pro | X4: H12 | Y4: =W4&"|"&X4 -> acphdzip9ah477u|CS2 [NO MARKET] · 100T vs Arena Pro|H12 | Z4: =IFERROR(INDEX(CHOOSE(MATCH($X4,{"K1","K2","K3","K12","K13","H1","H2","H3","H12","H13"},0),Calc!$BA$2:$BA$137,Calc!$BB$2:$BB$137,Calc!$BC$2:$BC$137,Calc!$BD$2:$BD$137,Calc!$BE$2:$BE$137,Calc!$BF$2:$BF$137,Calc!$BG$2:$BG$137,Calc!$BH$2:$BH$137,Calc!$BI$2:$BI$137,Calc!$BJ$2:$BJ$137),MATCH($W4,Calc!$A$2:$A$137,0)),"") -> 12.098153 | AA4: =IF(Z4="","",IF(LEFT($X4,1)="H",SQRT(Z4*(IFERROR(INDEX(Calc!$AP$2:$AP$137,MATCH($W4,Calc!$A$2:$A$137,0)),0.5)*Config!$B$5+1-IFERROR(INDEX(Calc!$AP$2:$AP$137,MATCH($W4,Calc!$A$2:$A$137,0)),0.5))),SQRT(Z4*Config!$B$5))) -> 3.795308 | AB4: =IF(OR(F4="",Z4="",N(AA4)<=0),"",1-NORMDIST(FLOOR(F4,1)+0.5,Z4,AA4,TRUE())) -> 0.35592848 | AC4: =IF(AB4="","",NORMDIST(CEILING(F4,1)-0.5,Z4,AA4,TRUE())) -> 0.64407152 | AD4: =IF(AB4="","",IF(AB4>=0.5+Config!$B$6,"OVER",IF(AC4>=0.5+Config!$B$6,"UNDER","—"))) -> UNDER | AE4: =IFERROR(Z4/G4,"") -> 1
A5: CS2 | B5: CS2 [NO MARKET] · 100T vs Arena Pro | C5: Gizmy | D5: 100T | E5: Maps 1-2 Kills | F5: 26.5 | G5: =IFERROR(INDEX(CHOOSE(MATCH($X5,{"K1","K2","K3","K12","K13","H1","H2","H3","H12","H13"},0),Calc!$V$2:$V$137,Calc!$AC$2:$AC$137,Calc!$AJ$2:$AJ$137,Calc!$AL$2:$AL$137,Calc!$AM$2:$AM$137,Calc!$W$2:$W$137,Calc!$AD$2:$AD$137,Calc!$AK$2:$AK$137,Calc!$AN$2:$AN$137,Calc!$AO$2:$AO$137),MATCH($W5,Calc!$A$2:$A$137,0)),"") -> 25.386288 | H5: =IF(G5="","",IF(LEFT($X5,1)="H",SQRT(G5*(IFERROR(INDEX(Calc!$AP$2:$AP$137,MATCH($W5,Calc!$A$2:$A$137,0)),0.5)*Config!$B$5+1-IFERROR(INDEX(Calc!$AP$2:$AP$137,MATCH($W5,Calc!$A$2:$A$137,0)),0.5))),SQRT(G5*Config!$B$5))) -> 5.9616108 | I5: =IF(OR(F5="",G5="",N(H5)<=0),"",1-NORMDIST(FLOOR(F5,1)+0.5,G5,H5,TRUE())) -> 0.42590325 | J5: =IF(I5="","",NORMDIST(CEILING(F5,1)-0.5,G5,H5,TRUE())) -> 0.57409675 | K5: =IF(I5="","",MAX(0,1-I5-J5)) -> 0 | L5: =IF(I5="","",IF(I5>=0.5+Config!$B$6,"OVER",IF(J5>=0.5+Config!$B$6,"UNDER","—"))) -> UNDER | N5: 22.8 | O5: 0 | P5: 0.2 | Q5: 0.33 | R5: - | S5: -7 | T5: =INDEX(Calc!$G$2:$G$137,MATCH($W5,Calc!$A$2:$A$137,0))&" / "&INDEX(Calc!$H$2:$H$137,MATCH($W5,Calc!$A$2:$A$137,0)) -> Dust2 / Ancient | U5: =TEXT(INDEX(Calc!$J$2:$J$137,MATCH($W5,Calc!$A$2:$A$137,0)),"0.0")&" / "&TEXT(INDEX(Calc!$K$2:$K$137,MATCH($W5,Calc!$A$2:$A$137,0)),"0.0") -> 21.5 / 21.5 | V5: =IFERROR(INDEX(Calc!$AQ$2:$AQ$137,MATCH($W5,Calc!$A$2:$A$137,0)),"") | W5: acphdzip9ah477u|CS2 [NO MARKET] · 100T vs Arena Pro | X5: K12 | Y5: =W5&"|"&X5 -> acphdzip9ah477u|CS2 [NO MARKET] · 100T vs Arena Pro|K12 | Z5: =IFERROR(INDEX(CHOOSE(MATCH($X5,{"K1","K2","K3","K12","K13","H1","H2","H3","H12","H13"},0),Calc!$BA$2:$BA$137,Calc!$BB$2:$BB$137,Calc!$BC$2:$BC$137,Calc!$BD$2:$BD$137,Calc!$BE$2:$BE$137,Calc!$BF$2:$BF$137,Calc!$BG$2:$BG$137,Calc!$BH$2:$BH$137,Calc!$BI$2:$BI$137,Calc!$BJ$2:$BJ$137),MATCH($W5,Calc!$A$2:$A$137,0)),"") -> 25.386288 | AA5: =IF(Z5="","",IF(LEFT($X5,1)="H",SQRT(Z5*(IFERROR(INDEX(Calc!$AP$2:$AP$137,MATCH($W5,Calc!$A$2:$A$137,0)),0.5)*Config!$B$5+1-IFERROR(INDEX(Calc!$AP$2:$AP$137,MATCH($W5,Calc!$A$2:$A$137,0)),0.5))),SQRT(Z5*Config!$B$5))) -> 5.9616108 | AB5: =IF(OR(F5="",Z5="",N(AA5)<=0),"",1-NORMDIST(FLOOR(F5,1)+0.5,Z5,AA5,TRUE())) -> 0.42590325 | AC5: =IF(AB5="","",NORMDIST(CEILING(F5,1)-0.5,Z5,AA5,TRUE())) -> 0.57409675 | AD5: =IF(AB5="","",IF(AB5>=0.5+Config!$B$6,"OVER",IF(AC5>=0.5+Config!$B$6,"UNDER","—"))) -> UNDER | AE5: =IFERROR(Z5/G5,"") -> 1
A6: CS2 | B6: CS2 [NO MARKET] · 100T vs Arena Pro | C6: poiii | D6: 100T | E6: Maps 1-2 HS | F6: 18 | G6: =IFERROR(INDEX(CHOOSE(MATCH($X6,{"K1","K2","K3","K12","K13","H1","H2","H3","H12","H13"},0),Calc!$V$2:$V$137,Calc!$AC$2:$AC$137,Calc!$AJ$2:$AJ$137,Calc!$AL$2:$AL$137,Calc!$AM$2:$AM$137,Calc!$W$2:$W$137,Calc!$AD$2:$AD$137,Calc!$AK$2:$AK$137,Calc!$AN$2:$AN$137,Calc!$AO$2:$AO$137),MATCH($W6,Calc!$A$2:$A$137,0)),"") -> 18.769671 | H6: =IF(G6="","",IF(LEFT($X6,1)="H",SQRT(G6*(IFERROR(INDEX(Calc!$AP$2:$AP$137,MATCH($W6,Calc!$A$2:$A$137,0)),0.5)*Config!$B$5+1-IFERROR(INDEX(Calc!$AP$2:$AP$137,MATCH($W6,Calc!$A$2:$A$137,0)),0.5))),SQRT(G6*Config!$B$5))) -> 4.7848412 | I6: =IF(OR(F6="",G6="",N(H6)<=0),"",1-NORMDIST(FLOOR(F6,1)+0.5,G6,H6,TRUE())) -> 0.5224723 | J6: =IF(I6="","",NORMDIST(CEILING(F6,1)-0.5,G6,H6,TRUE())) -> 0.39536882 | K6: =IF(I6="","",MAX(0,1-I6-J6)) -> 0.082158883 | L6: =IF(I6="","",IF(I6>=0.5+Config!$B$6,"OVER",IF(J6>=0.5+Config!$B$6,"UNDER","—"))) -> — | N6: 18.9 | O6: 0.6 | P6: 0.7 | Q6: 0.6 | R6: - | S6: -1 | T6: =INDEX(Calc!$G$2:$G$137,MATCH($W6,Calc!$A$2:$A$137,0))&" / "&INDEX(Calc!$H$2:$H$137,MATCH($W6,Calc!$A$2:$A$137,0)) -> Dust2 / Ancient | U6: =TEXT(INDEX(Calc!$J$2:$J$137,MATCH($W6,Calc!$A$2:$A$137,0)),"0.0")&" / "&TEXT(INDEX(Calc!$K$2:$K$137,MATCH($W6,Calc!$A$2:$A$137,0)),"0.0") -> 21.5 / 21.5 | V6: =IFERROR(INDEX(Calc!$AQ$2:$AQ$137,MATCH($W6,Calc!$A$2:$A$137,0)),"") | W6: irrertmif0zjlof|CS2 [NO MARKET] · 100T vs Arena Pro | X6: H12 | Y6: =W6&"|"&X6 -> irrertmif0zjlof|CS2 [NO MARKET] · 100T vs Arena Pro|H12 | Z6: =IFERROR(INDEX(CHOOSE(MATCH($X6,{"K1","K2","K3","K12","K13","H1","H2","H3","H12","H13"},0),Calc!$BA$2:$BA$137,Calc!$BB$2:$BB$137,Calc!$BC$2:$BC$137,Calc!$BD$2:$BD$137,Calc!$BE$2:$BE$137,Calc!$BF$2:$BF$137,Calc!$BG$2:$BG$137,Calc!$BH$2:$BH$137,Calc!$BI$2:$BI$137,Calc!$BJ$2:$BJ$137),MATCH($W6,Calc!$A$2:$A$137,0)),"") -> 18.769671 | AA6: =IF(Z6="","",IF(LEFT($X6,1)="H",SQRT(Z6*(IFERROR(INDEX(Calc!$AP$2:$AP$137,MATCH($W6,Calc!$A$2:$A$137,0)),0.5)*Config!$B$5+1-IFERROR(INDEX(Calc!$AP$2:$AP$137,MATCH($W6,Calc!$A$2:$A$137,0)),0.5))),SQRT(Z6*Config!$B$5))) -> 4.7848412 | AB6: =IF(OR(F6="",Z6="",N(AA6)<=0),"",1-NORMDIST(FLOOR(F6,1)+0.5,Z6,AA6,TRUE())) -> 0.5224723 | AC6: =IF(AB6="","",NORMDIST(CEILING(F6,1)-0.5,Z6,AA6,TRUE())) -> 0.39536882 | AD6: =IF(AB6="","",IF(AB6>=0.5+Config!$B$6,"OVER",IF(AC6>=0.5+Config!$B$6,"UNDER","—"))) -> — | AE6: =IFERROR(Z6/G6,"") -> 1
A7: CS2 | B7: CS2 [NO MARKET] · 100T vs Arena Pro | C7: poiii | D7: 100T | E7: Maps 1-2 Kills | F7: 31.5 | G7: =IFERROR(INDEX(CHOOSE(MATCH($X7,{"K1","K2","K3","K12","K13","H1","H2","H3","H12","H13"},0),Calc!$V$2:$V$137,Calc!$AC$2:$AC$137,Calc!$AJ$2:$AJ$137,Calc!$AL$2:$AL$137,Calc!$AM$2:$AM$137,Calc!$W$2:$W$137,Calc!$AD$2:$AD$137,Calc!$AK$2:$AK$137,Calc!$AN$2:$AN$137,Calc!$AO$2:$AO$137),MATCH($W7,Calc!$A$2:$A$137,0)),"") -> 34.162197 | H7: =IF(G7="","",IF(LEFT($X7,1)="H",SQRT(G7*(IFERROR(INDEX(Calc!$AP$2:$AP$137,MATCH($W7,Calc!$A$2:$A$137,0)),0.5)*Config!$B$5+1-IFERROR(INDEX(Calc!$AP$2:$AP$137,MATCH($W7,Calc!$A$2:$A$137,0)),0.5))),SQRT(G7*Config!$B$5))) -> 6.9157122 | I7: =IF(OR(F7="",G7="",N(H7)<=0),"",1-NORMDIST(FLOOR(F7,1)+0.5,G7,H7,TRUE())) -> 0.64986242 | J7: =IF(I7="","",NORMDIST(CEILING(F7,1)-0.5,G7,H7,TRUE())) -> 0.35013758 | K7: =IF(I7="","",MAX(0,1-I7-J7)) -> 0 | L7: =IF(I7="","",IF(I7>=0.5+Config!$B$6,"OVER",IF(J7>=0.5+Config!$B$6,"UNDER","—"))) -> OVER | N7: 31.5 | O7: 0.2 | P7: 0.3 | Q7: 0.47 | R7: - | S7: -2 | T7: =INDEX(Calc!$G$2:$G$137,MATCH($W7,Calc!$A$2:$A$137,0))&" / "&INDEX(Calc!$H$2:$H$137,MATCH($W7,Calc!$A$2:$A$137,0)) -> Dust2 / Ancient | U7: =TEXT(INDEX(Calc!$J$2:$J$137,MATCH($W7,Calc!$A$2:$A$137,0)),"0.0")&" / "&TEXT(INDEX(Calc!$K$2:$K$137,MATCH($W7,Calc!$A$2:$A$137,0)),"0.0") -> 21.5 / 21.5 | V7: =IFERROR(INDEX(Calc!$AQ$2:$AQ$137,MATCH($W7,Calc!$A$2:$A$137,0)),"") | W7: irrertmif0zjlof|CS2 [NO MARKET] · 100T vs Arena Pro | X7: K12 | Y7: =W7&"|"&X7 -> irrertmif0zjlof|CS2 [NO MARKET] · 100T vs Arena Pro|K12 | Z7: =IFERROR(INDEX(CHOOSE(MATCH($X7,{"K1","K2","K3","K12","K13","H1","H2","H3","H12","H13"},0),Calc!$BA$2:$BA$137,Calc!$BB$2:$BB$137,Calc!$BC$2:$BC$137,Calc!$BD$2:$BD$137,Calc!$BE$2:$BE$137,Calc!$BF$2:$BF$137,Calc!$BG$2:$BG$137,Calc!$BH$2:$BH$137,Calc!$BI$2:$BI$137,Calc!$BJ$2:$BJ$137),MATCH($W7,Calc!$A$2:$A$137,0)),"") -> 34.162197 | AA7: =IF(Z7="","",IF(LEFT($X7,1)="H",SQRT(Z7*(IFERROR(INDEX(Calc!$AP$2:$AP$137,MATCH($W7,Calc!$A$2:$A$137,0)),0.5)*Config!$B$5+1-IFERROR(INDEX(Calc!$AP$2:$AP$137,MATCH($W7,Calc!$A$2:$A$137,0)),0.5))),SQRT(Z7*Config!$B$5))) -> 6.9157122 | AB7: =IF(OR(F7="",Z7="",N(AA7)<=0),"",1-NORMDIST(FLOOR(F7,1)+0.5,Z7,AA7,TRUE())) -> 0.64986242 | AC7: =IF(AB7="","",NORMDIST(CEILING(F7,1)-0.5,Z7,AA7,TRUE())) -> 0.35013758 | AD7: =IF(AB7="","",IF(AB7>=0.5+Config!$B$6,"OVER",IF(AC7>=0.5+Config!$B$6,"UNDER","—"))) -> OVER | AE7: =IFERROR(Z7/G7,"") -> 1
A8: CS2 | B8: CS2 [NO MARKET] · 100T vs Arena Pro | C8: rain | D8: 100T | E8: Maps 1-2 HS | F8: 16.5 | G8: =IFERROR(INDEX(CHOOSE(MATCH($X8,{"K1","K2","K3","K12","K13","H1","H2","H3","H12","H13"},0),Calc!$V$2:$V$137,Calc!$AC$2:$AC$137,Calc!$AJ$2:$AJ$137,Calc!$AL$2:$AL$137,Calc!$AM$2:$AM$137,Calc!$W$2:$W$137,Calc!$AD$2:$AD$137,Calc!$AK$2:$AK$137,Calc!$AN$2:$AN$137,Calc!$AO$2:$AO$137),MATCH($W8,Calc!$A$2:$A$137,0)),"") -> 16.283545 | H8: =IF(G8="","",IF(LEFT($X8,1)="H",SQRT(G8*(IFERROR(INDEX(Calc!$AP$2:$AP$137,MATCH($W8,Calc!$A$2:$A$137,0)),0.5)*Config!$B$5+1-IFERROR(INDEX(Calc!$AP$2:$AP$137,MATCH($W8,Calc!$A$2:$A$137,0)),0.5))),SQRT(G8*Config!$B$5))) -> 4.4698765 | I8: =IF(OR(F8="",G8="",N(H8)<=0),"",1-NORMDIST(FLOOR(F8,1)+0.5,G8,H8,TRUE())) -> 0.48068869 | J8: =IF(I8="","",NORMDIST(CEILING(F8,1)-0.5,G8,H8,TRUE())) -> 0.51931131 | K8: =IF(I8="","",MAX(0,1-I8-J8)) -> 0 | L8: =IF(I8="","",IF(I8>=0.5+Config!$B$6,"OVER",IF(J8>=0.5+Config!$B$6,"UNDER","—"))) -> — | N8: 16.6 | O8: 0.6 | P8: 0.5 | Q8: 0.53 | R8: - | S8: 1 | T8: =INDEX(Calc!$G$2:$G$137,MATCH($W8,Calc!$A$2:$A$137,0))&" / "&INDEX(Calc!$H$2:$H$137,MATCH($W8,Calc!$A$2:$A$137,0)) -> Dust2 / Ancient | U8: =TEXT(INDEX(Calc!$J$2:$J$137,MATCH($W8,Calc!$A$2:$A$137,0)),"0.0")&" / "&TEXT(INDEX(Calc!$K$2:$K$137,MATCH($W8,Calc!$A$2:$A$137,0)),"0.0") -> 21.5 / 21.5 | V8: =IFERROR(INDEX(Calc!$AQ$2:$AQ$137,MATCH($W8,Calc!$A$2:$A$137,0)),"") | W8: cy7qneakzvjx5w7|CS2 [NO MARKET] · 100T vs Arena Pro | X8: H12 | Y8: =W8&"|"&X8 -> cy7qneakzvjx5w7|CS2 [NO MARKET] · 100T vs Arena Pro|H12 | Z8: =IFERROR(INDEX(CHOOSE(MATCH($X8,{"K1","K2","K3","K12","K13","H1","H2","H3","H12","H13"},0),Calc!$BA$2:$BA$137,Calc!$BB$2:$BB$137,Calc!$BC$2:$BC$137,Calc!$BD$2:$BD$137,Calc!$BE$2:$BE$137,Calc!$BF$2:$BF$137,Calc!$BG$2:$BG$137,Calc!$BH$2:$BH$137,Calc!$BI$2:$BI$137,Calc!$BJ$2:$BJ$137),MATCH($W8,Calc!$A$2:$A$137,0)),"") -> 16.283545 | AA8: =IF(Z8="","",IF(LEFT($X8,1)="H",SQRT(Z8*(IFERROR(INDEX(Calc!$AP$2:$AP$137,MATCH($W8,Calc!$A$2:$A$137,0)),0.5)*Config!$B$5+1-IFERROR(INDEX(Calc!$AP$2:$AP$137,MATCH($W8,Calc!$A$2:$A$137,0)),0.5))),SQRT(Z8*Config!$B$5))) -> 4.4698765 | AB8: =IF(OR(F8="",Z8="",N(AA8)<=0),"",1-NORMDIST(FLOOR(F8,1)+0.5,Z8,AA8,TRUE())) -> 0.48068869 | AC8: =IF(AB8="","",NORMDIST(CEILING(F8,1)-0.5,Z8,AA8,TRUE())) -> 0.51931131 | AD8: =IF(AB8="","",IF(AB8>=0.5+Config!$B$6,"OVER",IF(AC8>=0.5+Config!$B$6,"UNDER","—"))) -> — | AE8: =IFERROR(Z8/G8,"") -> 1
A9: CS2 | B9: CS2 [NO MARKET] · 100T vs Arena Pro | C9: rain | D9: 100T | E9: Maps 1-2 Kills | F9: 29.5 | G9: =IFERROR(INDEX(CHOOSE(MATCH($X9,{"K1","K2","K3","K12","K13","H1","H2","H3","H12","H13"},0),Calc!$V$2:$V$137,Calc!$AC$2:$AC$137,Calc!$AJ$2:$AJ$137,Calc!$AL$2:$AL$137,Calc!$AM$2:$AM$137,Calc!$W$2:$W$137,Calc!$AD$2:$AD$137,Calc!$AK$2:$AK$137,Calc!$AN$2:$AN$137,Calc!$AO$2:$AO$137),MATCH($W9,Calc!$A$2:$A$137,0)),"") -> 28.694356 | H9: =IF(G9="","",IF(LEFT($X9,1)="H",SQRT(G9*(IFERROR(INDEX(Calc!$AP$2:$AP$137,MATCH($W9,Calc!$A$2:$A$137,0)),0.5)*Config!$B$5+1-IFERROR(INDEX(Calc!$AP$2:$AP$137,MATCH($W9,Calc!$A$2:$A$137,0)),0.5))),SQRT(G9*Config!$B$5))) -> 6.3381463 | I9: =IF(OR(F9="",G9="",N(H9)<=0),"",1-NORMDIST(FLOOR(F9,1)+0.5,G9,H9,TRUE())) -> 0.44942653 | J9: =IF(I9="","",NORMDIST(CEILING(F9,1)-0.5,G9,H9,TRUE())) -> 0.55057347 | K9: =IF(I9="","",MAX(0,1-I9-J9)) -> 0 | L9: =IF(I9="","",IF(I9>=0.5+Config!$B$6,"OVER",IF(J9>=0.5+Config!$B$6,"UNDER","—"))) -> UNDER | N9: 29.6 | O9: 0.4 | P9: 0.5 | Q9: 0.53 | R9: - | S9: -3 | T9: =INDEX(Calc!$G$2:$G$137,MATCH($W9,Calc!$A$2:$A$137,0))&" / "&INDEX(Calc!$H$2:$H$137,MATCH($W9,Calc!$A$2:$A$137,0)) -> Dust2 / Ancient | U9: =TEXT(INDEX(Calc!$J$2:$J$137,MATCH($W9,Calc!$A$2:$A$137,0)),"0.0")&" / "&TEXT(INDEX(Calc!$K$2:$K$137,MATCH($W9,Calc!$A$2:$A$137,0)),"0.0") -> 21.5 / 21.5 | V9: =IFERROR(INDEX(Calc!$AQ$2:$AQ$137,MATCH($W9,Calc!$A$2:$A$137,0)),"") | W9: cy7qneakzvjx5w7|CS2 [NO MARKET] · 100T vs Arena Pro | X9: K12 | Y9: =W9&"|"&X9 -> cy7qneakzvjx5w7|CS2 [NO MARKET] · 100T vs Arena Pro|K12 | Z9: =IFERROR(INDEX(CHOOSE(MATCH($X9,{"K1","K2","K3","K12","K13","H1","H2","H3","H12","H13"},0),Calc!$BA$2:$BA$137,Calc!$BB$2:$BB$137,Calc!$BC$2:$BC$137,Calc!$BD$2:$BD$137,Calc!$BE$2:$BE$137,Calc!$BF$2:$BF$137,Calc!$BG$2:$BG$137,Calc!$BH$2:$BH$137,Calc!$BI$2:$BI$137,Calc!$BJ$2:$BJ$137),MATCH($W9,Calc!$A$2:$A$137,0)),"") -> 28.694356 | AA9: =IF(Z9="","",IF(LEFT($X9,1)="H",SQRT(Z9*(IFERROR(INDEX(Calc!$AP$2:$AP$137,MATCH($W9,Calc!$A$2:$A$137,0)),0.5)*Config!$B$5+1-IFERROR(INDEX(Calc!$AP$2:$AP$137,MATCH($W9,Calc!$A$2:$A$137,0)),0.5))),SQRT(Z9*Config!$B$5))) -> 6.3381463 | AB9: =IF(OR(F9="",Z9="",N(AA9)<=0),"",1-NORMDIST(FLOOR(F9,1)+0.5,Z9,AA9,TRUE())) -> 0.44942653 | AC9: =IF(AB9="","",NORMDIST(CEILING(F9,1)-0.5,Z9,AA9,TRUE())) -> 0.55057347 | AD9: =IF(AB9="","",IF(AB9>=0.5+Config!$B$6,"OVER",IF(AC9>=0.5+Config!$B$6,"UNDER","—"))) -> UNDER | AE9: =IFERROR(Z9/G9,"") -> 1
A10: CS2 | B10: CS2 [NO MARKET] · 100T vs Arena Pro | C10: sirah | D10: 100T | E10: Maps 1-2 HS | F10: 16.5 | G10: =IFERROR(INDEX(CHOOSE(MATCH($X10,{"K1","K2","K3","K12","K13","H1","H2","H3","H12","H13"},0),Calc!$V$2:$V$137,Calc!$AC$2:$AC$137,Calc!$AJ$2:$AJ$137,Calc!$AL$2:$AL$137,Calc!$AM$2:$AM$137,Calc!$W$2:$W$137,Calc!$AD$2:$AD$137,Calc!$AK$2:$AK$137,Calc!$AN$2:$AN$137,Calc!$AO$2:$AO$137),MATCH($W10,Calc!$A$2:$A$137,0)),"") -> 17.133687 | H10: =IF(G10="","",IF(LEFT($X10,1)="H",SQRT(G10*(IFERROR(INDEX(Calc!$AP$2:$AP$137,MATCH($W10,Calc!$A$2:$A$137,0)),0.5)*Config!$B$5+1-IFERROR(INDEX(Calc!$AP$2:$AP$137,MATCH($W10,Calc!$A$2:$A$137,0)),0.5))),SQRT(G10*Config!$B$5))) -> 4.631543 | I10: =IF(OR(F10="",G10="",N(H10)<=0),"",1-NORMDIST(FLOOR(F10,1)+0.5,G10,H10,TRUE())) -> 0.55441342 | J10: =IF(I10="","",NORMDIST(CEILING(F10,1)-0.5,G10,H10,TRUE())) -> 0.44558658 | K10: =IF(I10="","",MAX(0,1-I10-J10)) -> 0 | L10: =IF(I10="","",IF(I10>=0.5+Config!$B$6,"OVER",IF(J10>=0.5+Config!$B$6,"UNDER","—"))) -> OVER | N10: 15.9 | O10: 0.2 | P10: 0.5 | Q10: 0.47 | R10: - | S10: -4 | T10: =INDEX(Calc!$G$2:$G$137,MATCH($W10,Calc!$A$2:$A$137,0))&" / "&INDEX(Calc!$H$2:$H$137,MATCH($W10,Calc!$A$2:$A$137,0)) -> Dust2 / Ancient | U10: =TEXT(INDEX(Calc!$J$2:$J$137,MATCH($W10,Calc!$A$2:$A$137,0)),"0.0")&" / "&TEXT(INDEX(Calc!$K$2:$K$137,MATCH($W10,Calc!$A$2:$A$137,0)),"0.0") -> 21.5 / 21.5 | V10: =IFERROR(INDEX(Calc!$AQ$2:$AQ$137,MATCH($W10,Calc!$A$2:$A$137,0)),"") | W10: v1kk02jq1q269h8|CS2 [NO MARKET] · 100T vs Arena Pro | X10: H12 | Y10: =W10&"|"&X10 -> v1kk02jq1q269h8|CS2 [NO MARKET] · 100T vs Arena Pro|H12 | Z10: =IFERROR(INDEX(CHOOSE(MATCH($X10,{"K1","K2","K3","K12","K13","H1","H2","H3","H12","H13"},0),Calc!$BA$2:$BA$137,Calc!$BB$2:$BB$137,Calc!$BC$2:$BC$137,Calc!$BD$2:$BD$137,Calc!$BE$2:$BE$137,Calc!$BF$2:$BF$137,Calc!$BG$2:$BG$137,Calc!$BH$2:$BH$137,Calc!$BI$2:$BI$137,Calc!$BJ$2:$BJ$137),MATCH($W10,Calc!$A$2:$A$137,0)),"") -> 17.133687 | AA10: =IF(Z10="","",IF(LEFT($X10,1)="H",SQRT(Z10*(IFERROR(INDEX(Calc!$AP$2:$AP$137,MATCH($W10,Calc!$A$2:$A$137,0)),0.5)*Config!$B$5+1-IFERROR(INDEX(Calc!$AP$2:$AP$137,MATCH($W10,Calc!$A$2:$A$137,0)),0.5))),SQRT(Z10*Config!$B$5))) -> 4.631543 | AB10: =IF(OR(F10="",Z10="",N(AA10)<=0),"",1-NORMDIST(FLOOR(F10,1)+0.5,Z10,AA10,TRUE())) -> 0.55441342 | AC10: =IF(AB10="","",NORMDIST(CEILING(F10,1)-0.5,Z10,AA10,TRUE())) -> 0.44558658 | AD10: =IF(AB10="","",IF(AB10>=0.5+Config!$B$6,"OVER",IF(AC10>=0.5+Config!$B$6,"UNDER","—"))) -> OVER | AE10: =IFERROR(Z10/G10,"") -> 1
A11: CS2 | B11: CS2 [NO MARKET] · 100T vs Arena Pro | C11: sirah | D11: 100T | E11: Maps 1-2 Kills | F11: 27.5 | G11: =IFERROR(INDEX(CHOOSE(MATCH($X11,{"K1","K2","K3","K12","K13","H1","H2","H3","H12","H13"},0),Calc!$V$2:$V$137,Calc!$AC$2:$AC$137,Calc!$AJ$2:$AJ$137,Calc!$AL$2:$AL$137,Calc!$AM$2:$AM$137,Calc!$W$2:$W$137,Calc!$AD$2:$AD$137,Calc!$AK$2:$AK$137,Calc!$AN$2:$AN$137,Calc!$AO$2:$AO$137),MATCH($W11,Calc!$A$2:$A$137,0)),"") -> 27.1975 | H11: =IF(G11="","",IF(LEFT($X11,1)="H",SQRT(G11*(IFERROR(INDEX(Calc!$AP$2:$AP$137,MATCH($W11,Calc!$A$2:$A$137,0)),0.5)*Config!$B$5+1-IFERROR(INDEX(Calc!$AP$2:$AP$137,MATCH($W11,Calc!$A$2:$A$137,0)),0.5))),SQRT(G11*Config!$B$5))) -> 6.1706159 | I11: =IF(OR(F11="",G11="",N(H11)<=0),"",1-NORMDIST(FLOOR(F11,1)+0.5,G11,H11,TRUE())) -> 0.48045062 | J11: =IF(I11="","",NORMDIST(CEILING(F11,1)-0.5,G11,H11,TRUE())) -> 0.51954938 | K11: =IF(I11="","",MAX(0,1-I11-J11)) -> 0 | L11: =IF(I11="","",IF(I11>=0.5+Config!$B$6,"OVER",IF(J11>=0.5+Config!$B$6,"UNDER","—"))) -> — | N11: 26.8 | O11: 0.2 | P11: 0.5 | Q11: 0.53 | R11: - | S11: -4 | T11: =INDEX(Calc!$G$2:$G$137,MATCH($W11,Calc!$A$2:$A$137,0))&" / "&INDEX(Calc!$H$2:$H$137,MATCH($W11,Calc!$A$2:$A$137,0)) -> Dust2 / Ancient | U11: =TEXT(INDEX(Calc!$J$2:$J$137,MATCH($W11,Calc!$A$2:$A$137,0)),"0.0")&" / "&TEXT(INDEX(Calc!$K$2:$K$137,MATCH($W11,Calc!$A$2:$A$137,0)),"0.0") -> 21.5 / 21.5 | V11: =IFERROR(INDEX(Calc!$AQ$2:$AQ$137,MATCH($W11,Calc!$A$2:$A$137,0)),"") | W11: v1kk02jq1q269h8|CS2 [NO MARKET] · 100T vs Arena Pro | X11: K12 | Y11: =W11&"|"&X11 -> v1kk02jq1q269h8|CS2 [NO MARKET] · 100T vs Arena Pro|K12 | Z11: =IFERROR(INDEX(CHOOSE(MATCH($X11,{"K1","K2","K3","K12","K13","H1","H2","H3","H12","H13"},0),Calc!$BA$2:$BA$137,Calc!$BB$2:$BB$137,Calc!$BC$2:$BC$137,Calc!$BD$2:$BD$137,Calc!$BE$2:$BE$137,Calc!$BF$2:$BF$137,Calc!$BG$2:$BG$137,Calc!$BH$2:$BH$137,Calc!$BI$2:$BI$137,Calc!$BJ$2:$BJ$137),MATCH($W11,Calc!$A$2:$A$137,0)),"") -> 27.1975 | AA11: =IF(Z11="","",IF(LEFT($X11,1)="H",SQRT(Z11*(IFERROR(INDEX(Calc!$AP$2:$AP$137,MATCH($W11,Calc!$A$2:$A$137,0)),0.5)*Config!$B$5+1-IFERROR(INDEX(Calc!$AP$2:$AP$137,MATCH($W11,Calc!$A$2:$A$137,0)),0.5))),SQRT(Z11*Config!$B$5))) -> 6.1706159 | AB11: =IF(OR(F11="",Z11="",N(AA11)<=0),"",1-NORMDIST(FLOOR(F11,1)+0.5,Z11,AA11,TRUE())) -> 0.48045062 | AC11: =IF(AB11="","",NORMDIST(CEILING(F11,1)-0.5,Z11,AA11,TRUE())) -> 0.51954938 | AD11: =IF(AB11="","",IF(AB11>=0.5+Config!$B$6,"OVER",IF(AC11>=0.5+Config!$B$6,"UNDER","—"))) -> — | AE11: =IFERROR(Z11/G11,"") -> 1
A12: CS2 | B12: CS2 [NO MARKET] · IS vs ZOTIX | C12: Ag1l | D12: IS | E12: Map 1 HS | F12: 7 | G12: =IFERROR(INDEX(CHOOSE(MATCH($X12,{"K1","K2","K3","K12","K13","H1","H2","H3","H12","H13"},0),Calc!$V$2:$V$137,Calc!$AC$2:$AC$137,Calc!$AJ$2:$AJ$137,Calc!$AL$2:$AL$137,Calc!$AM$2:$AM$137,Calc!$W$2:$W$137,Calc!$AD$2:$AD$137,Calc!$AK$2:$AK$137,Calc!$AN$2:$AN$137,Calc!$AO$2:$AO$137),MATCH($W12,Calc!$A$2:$A$137,0)),"") -> 8.6235544 | H12: =IF(G12="","",IF(LEFT($X12,1)="H",SQRT(G12*(IFERROR(INDEX(Calc!$AP$2:$AP$137,MATCH($W12,Calc!$A$2:$A$137,0)),0.5)*Config!$B$5+1-IFERROR(INDEX(Calc!$AP$2:$AP$137,MATCH($W12,Calc!$A$2:$A$137,0)),0.5))),SQRT(G12*Config!$B$5))) -> 3.2669517 | I12: =IF(OR(F12="",G12="",N(H12)<=0),"",1-NORMDIST(FLOOR(F12,1)+0.5,G12,H12,TRUE())) -> 0.63454498 | J12: =IF(I12="","",NORMDIST(CEILING(F12,1)-0.5,G12,H12,TRUE())) -> 0.25784257 | K12: =IF(I12="","",MAX(0,1-I12-J12)) -> 0.10761245 | L12: =IF(I12="","",IF(I12>=0.5+Config!$B$6,"OVER",IF(J12>=0.5+Config!$B$6,"UNDER","—"))) -> OVER | N12: 7.4 | O12: 0.6 | P12: 0.5 | Q12: 0.47 | R12: - | S12: 1 | T12: =INDEX(Calc!$G$2:$G$137,MATCH($W12,Calc!$A$2:$A$137,0)) -> Ancient | U12: =TEXT(INDEX(Calc!$J$2:$J$137,MATCH($W12,Calc!$A$2:$A$137,0)),"0.0") -> 21.5 | V12: =IFERROR(INDEX(Calc!$AQ$2:$AQ$137,MATCH($W12,Calc!$A$2:$A$137,0)),"") | W12: wdrf4z5snuwpkf2|CS2 [NO MARKET] · IS vs ZOTIX | X12: H1 | Y12: =W12&"|"&X12 -> wdrf4z5snuwpkf2|CS2 [NO MARKET] · IS vs ZOTIX|H1 | Z12: =IFERROR(INDEX(CHOOSE(MATCH($X12,{"K1","K2","K3","K12","K13","H1","H2","H3","H12","H13"},0),Calc!$BA$2:$BA$137,Calc!$BB$2:$BB$137,Calc!$BC$2:$BC$137,Calc!$BD$2:$BD$137,Calc!$BE$2:$BE$137,Calc!$BF$2:$BF$137,Calc!$BG$2:$BG$137,Calc!$BH$2:$BH$137,Calc!$BI$2:$BI$137,Calc!$BJ$2:$BJ$137),MATCH($W12,Calc!$A$2:$A$137,0)),"") -> 8.6235544 | AA12: =IF(Z12="","",IF(LEFT($X12,1)="H",SQRT(Z12*(IFERROR(INDEX(Calc!$AP$2:$AP$137,MATCH($W12,Calc!$A$2:$A$137,0)),0.5)*Config!$B$5+1-IFERROR(INDEX(Calc!$AP$2:$AP$137,MATCH($W12,Calc!$A$2:$A$137,0)),0.5))),SQRT(Z12*Config!$B$5))) -> 3.2669517 | AB12: =IF(OR(F12="",Z12="",N(AA12)<=0),"",1-NORMDIST(FLOOR(F12,1)+0.5,Z12,AA12,TRUE())) -> 0.63454498 | AC12: =IF(AB12="","",NORMDIST(CEILING(F12,1)-0.5,Z12,AA12,TRUE())) -> 0.25784257 | AD12: =IF(AB12="","",IF(AB12>=0.5+Config!$B$6,"OVER",IF(AC12>=0.5+Config!$B$6,"UNDER","—"))) -> OVER | AE12: =IFERROR(Z12/G12,"") -> 1
A13: CS2 | B13: CS2 [NO MARKET] · IS vs ZOTIX | C13: Ag1l | D13: IS | E13: Map 1 Kills | F13: 13.5 | G13: =IFERROR(INDEX(CHOOSE(MATCH($X13,{"K1","K2","K3","K12","K13","H1","H2","H3","H12","H13"},0),Calc!$V$2:$V$137,Calc!$AC$2:$AC$137,Calc!$AJ$2:$AJ$137,Calc!$AL$2:$AL$137,Calc!$AM$2:$AM$137,Calc!$W$2:$W$137,Calc!$AD$2:$AD$137,Calc!$AK$2:$AK$137,Calc!$AN$2:$AN$137,Calc!$AO$2:$AO$137),MATCH($W13,Calc!$A$2:$A$137,0)),"") -> 14.261667 | H13: =IF(G13="","",IF(LEFT($X13,1)="H",SQRT(G13*(IFERROR(INDEX(Calc!$AP$2:$AP$137,MATCH($W13,Calc!$A$2:$A$137,0)),0.5)*Config!$B$5+1-IFERROR(INDEX(Calc!$AP$2:$AP$137,MATCH($W13,Calc!$A$2:$A$137,0)),0.5))),SQRT(G13*Config!$B$5))) -> 4.4683703 | I13: =IF(OR(F13="",G13="",N(H13)<=0),"",1-NORMDIST(FLOOR(F13,1)+0.5,G13,H13,TRUE())) -> 0.56767477 | J13: =IF(I13="","",NORMDIST(CEILING(F13,1)-0.5,G13,H13,TRUE())) -> 0.43232523 | K13: =IF(I13="","",MAX(0,1-I13-J13)) -> 0 | L13: =IF(I13="","",IF(I13>=0.5+Config!$B$6,"OVER",IF(J13>=0.5+Config!$B$6,"UNDER","—"))) -> OVER | N13: 14 | O13: 0.8 | P13: 0.7 | Q13: 0.6 | R13: - | S13: 4 | T13: =INDEX(Calc!$G$2:$G$137,MATCH($W13,Calc!$A$2:$A$137,0)) -> Ancient | U13: =TEXT(INDEX(Calc!$J$2:$J$137,MATCH($W13,Calc!$A$2:$A$137,0)),"0.0") -> 21.5 | V13: =IFERROR(INDEX(Calc!$AQ$2:$AQ$137,MATCH($W13,Calc!$A$2:$A$137,0)),"") | W13: wdrf4z5snuwpkf2|CS2 [NO MARKET] · IS vs ZOTIX | X13: K1 | Y13: =W13&"|"&X13 -> wdrf4z5snuwpkf2|CS2 [NO MARKET] · IS vs ZOTIX|K1 | Z13: =IFERROR(INDEX(CHOOSE(MATCH($X13,{"K1","K2","K3","K12","K13","H1","H2","H3","H12","H13"},0),Calc!$BA$2:$BA$137,Calc!$BB$2:$BB$137,Calc!$BC$2:$BC$137,Calc!$BD$2:$BD$137,Calc!$BE$2:$BE$137,Calc!$BF$2:$BF$137,Calc!$BG$2:$BG$137,Calc!$BH$2:$BH$137,Calc!$BI$2:$BI$137,Calc!$BJ$2:$BJ$137),MATCH($W13,Calc!$A$2:$A$137,0)),"") -> 14.261667 | AA13: =IF(Z13="","",IF(LEFT($X13,1)="H",SQRT(Z13*(IFERROR(INDEX(Calc!$AP$2:$AP$137,MATCH($W13,Calc!$A$2:$A$137,0)),0.5)*Config!$B$5+1-IFERROR(INDEX(Calc!$AP$2:$AP$137,MATCH($W13,Calc!$A$2:$A$137,0)),0.5))),SQRT(Z13*Config!$B$5))) -> 4.4683703 | AB13: =IF(OR(F13="",Z13="",N(AA13)<=0),"",1-NORMDIST(FLOOR(F13,1)+0.5,Z13,AA13,TRUE())) -> 0.56767477 | AC13: =IF(AB13="","",NORMDIST(CEILING(F13,1)-0.5,Z13,AA13,TRUE())) -> 0.43232523 | AD13: =IF(AB13="","",IF(AB13>=0.5+Config!$B$6,"OVER",IF(AC13>=0.5+Config!$B$6,"UNDER","—"))) -> OVER | AE13: =IFERROR(Z13/G13,"") -> 1
A14: CS2 | B14: CS2 [NO MARKET] · IS vs ZOTIX | C14: alex | D14: IS | E14: Map 1 HS | F14: 6.5 | G14: =IFERROR(INDEX(CHOOSE(MATCH($X14,{"K1","K2","K3","K12","K13","H1","H2","H3","H12","H13"},0),Calc!$V$2:$V$137,Calc!$AC$2:$AC$137,Calc!$AJ$2:$AJ$137,Calc!$AL$2:$AL$137,Calc!$AM$2:$AM$137,Calc!$W$2:$W$137,Calc!$AD$2:$AD$137,Calc!$AK$2:$AK$137,Calc!$AN$2:$AN$137,Calc!$AO$2:$AO$137),MATCH($W14,Calc!$A$2:$A$137,0)),"") -> 6.1546617 | H14: =IF(G14="","",IF(LEFT($X14,1)="H",SQRT(G14*(IFERROR(INDEX(Calc!$AP$2:$AP$137,MATCH($W14,Calc!$A$2:$A$137,0)),0.5)*Config!$B$5+1-IFERROR(INDEX(Calc!$AP$2:$AP$137,MATCH($W14,Calc!$A$2:$A$137,0)),0.5))),SQRT(G14*Config!$B$5))) -> 2.7251128 | I14: =IF(OR(F14="",G14="",N(H14)<=0),"",1-NORMDIST(FLOOR(F14,1)+0.5,G14,H14,TRUE())) -> 0.44957926 | J14: =IF(I14="","",NORMDIST(CEILING(F14,1)-0.5,G14,H14,TRUE())) -> 0.55042074 | K14: =IF(I14="","",MAX(0,1-I14-J14)) -> 0 | L14: =IF(I14="","",IF(I14>=0.5+Config!$B$6,"OVER",IF(J14>=0.5+Config!$B$6,"UNDER","—"))) -> UNDER | N14: 6.3 | O14: 0.4 | P14: 0.4 | Q14: 0.47 | R14: - | S14: 1 | T14: =INDEX(Calc!$G$2:$G$137,MATCH($W14,Calc!$A$2:$A$137,0)) -> Ancient | U14: =TEXT(INDEX(Calc!$J$2:$J$137,MATCH($W14,Calc!$A$2:$A$137,0)),"0.0") -> 21.5 | V14: =IFERROR(INDEX(Calc!$AQ$2:$AQ$137,MATCH($W14,Calc!$A$2:$A$137,0)),"") | W14: phl4oe3cm0dori9|CS2 [NO MARKET] · IS vs ZOTIX | X14: H1 | Y14: =W14&"|"&X14 -> phl4oe3cm0dori9|CS2 [NO MARKET] · IS vs ZOTIX|H1 | Z14: =IFERROR(INDEX(CHOOSE(MATCH($X14,{"K1","K2","K3","K12","K13","H1","H2","H3","H12","H13"},0),Calc!$BA$2:$BA$137,Calc!$BB$2:$BB$137,Calc!$BC$2:$BC$137,Calc!$BD$2:$BD$137,Calc!$BE$2:$BE$137,Calc!$BF$2:$BF$137,Calc!$BG$2:$BG$137,Calc!$BH$2:$BH$137,Calc!$BI$2:$BI$137,Calc!$BJ$2:$BJ$137),MATCH($W14,Calc!$A$2:$A$137,0)),"") -> 6.1546617 | AA14: =IF(Z14="","",IF(LEFT($X14,1)="H",SQRT(Z14*(IFERROR(INDEX(Calc!$AP$2:$AP$137,MATCH($W14,Calc!$A$2:$A$137,0)),0.5)*Config!$B$5+1-IFERROR(INDEX(Calc!$AP$2:$AP$137,MATCH($W14,Calc!$A$2:$A$137,0)),0.5))),SQRT(Z14*Config!$B$5))) -> 2.7251128 | AB14: =IF(OR(F14="",Z14="",N(AA14)<=0),"",1-NORMDIST(FLOOR(F14,1)+0.5,Z14,AA14,TRUE())) -> 0.44957926 | AC14: =IF(AB14="","",NORMDIST(CEILING(F14,1)-0.5,Z14,AA14,TRUE())) -> 0.55042074 | AD14: =IF(AB14="","",IF(AB14>=0.5+Config!$B$6,"OVER",IF(AC14>=0.5+Config!$B$6,"UNDER","—"))) -> UNDER | AE14: =IFERROR(Z14/G14,"") -> 1
A15: CS2 | B15: CS2 [NO MARKET] · IS vs ZOTIX | C15: alex | D15: IS | E15: Map 1 Kills | F15: 13.5 | G15: =IFERROR(INDEX(CHOOSE(MATCH($X15,{"K1","K2","K3","K12","K13","H1","H2","H3","H12","H13"},0),Calc!$V$2:$V$137,Calc!$AC$2:$AC$137,Calc!$AJ$2:$AJ$137,Calc!$AL$2:$AL$137,Calc!$AM$2:$AM$137,Calc!$W$2:$W$137,Calc!$AD$2:$AD$137,Calc!$AK$2:$AK$137,Calc!$AN$2:$AN$137,Calc!$AO$2:$AO$137),MATCH($W15,Calc!$A$2:$A$137,0)),"") -> 13.067222 | H15: =IF(G15="","",IF(LEFT($X15,1)="H",SQRT(G15*(IFERROR(INDEX(Calc!$AP$2:$AP$137,MATCH($W15,Calc!$A$2:$A$137,0)),0.5)*Config!$B$5+1-IFERROR(INDEX(Calc!$AP$2:$AP$137,MATCH($W15,Calc!$A$2:$A$137,0)),0.5))),SQRT(G15*Config!$B$5))) -> 4.2771616 | I15: =IF(OR(F15="",G15="",N(H15)<=0),"",1-NORMDIST(FLOOR(F15,1)+0.5,G15,H15,TRUE())) -> 0.45970243 | J15: =IF(I15="","",NORMDIST(CEILING(F15,1)-0.5,G15,H15,TRUE())) -> 0.54029757 | K15: =IF(I15="","",MAX(0,1-I15-J15)) -> 0 | L15: =IF(I15="","",IF(I15>=0.5+Config!$B$6,"OVER",IF(J15>=0.5+Config!$B$6,"UNDER","—"))) -> UNDER | N15: 12.5 | O15: 0.4 | P15: 0.4 | Q15: 0.47 | R15: - | S15: 1 | T15: =INDEX(Calc!$G$2:$G$137,MATCH($W15,Calc!$A$2:$A$137,0)) -> Ancient | U15: =TEXT(INDEX(Calc!$J$2:$J$137,MATCH($W15,Calc!$A$2:$A$137,0)),"0.0") -> 21.5 | V15: =IFERROR(INDEX(Calc!$AQ$2:$AQ$137,MATCH($W15,Calc!$A$2:$A$137,0)),"") | W15: phl4oe3cm0dori9|CS2 [NO MARKET] · IS vs ZOTIX | X15: K1 | Y15: =W15&"|"&X15 -> phl4oe3cm0dori9|CS2 [NO MARKET] · IS vs ZOTIX|K1 | Z15: =IFERROR(INDEX(CHOOSE(MATCH($X15,{"K1","K2","K3","K12","K13","H1","H2","H3","H12","H13"},0),Calc!$BA$2:$BA$137,Calc!$BB$2:$BB$137,Calc!$BC$2:$BC$137,Calc!$BD$2:$BD$137,Calc!$BE$2:$BE$137,Calc!$BF$2:$BF$137,Calc!$BG$2:$BG$137,Calc!$BH$2:$BH$137,Calc!$BI$2:$BI$137,Calc!$BJ$2:$BJ$137),MATCH($W15,Calc!$A$2:$A$137,0)),"") -> 13.067222 | AA15: =IF(Z15="","",IF(LEFT($X15,1)="H",SQRT(Z15*(IFERROR(INDEX(Calc!$AP$2:$AP$137,MATCH($W15,Calc!$A$2:$A$137,0)),0.5)*Config!$B$5+1-IFERROR(INDEX(Calc!$AP$2:$AP$137,MATCH($W15,Calc!$A$2:$A$137,0)),0.5))),SQRT(Z15*Config!$B$5))) -> 4.2771616 | AB15: =IF(OR(F15="",Z15="",N(AA15)<=0),"",1-NORMDIST(FLOOR(F15,1)+0.5,Z15,AA15,TRUE())) -> 0.45970243 | AC15: =IF(AB15="","",NORMDIST(CEILING(F15,1)-0.5,Z15,AA15,TRUE())) -> 0.54029757 | AD15: =IF(AB15="","",IF(AB15>=0.5+Config!$B$6,"OVER",IF(AC15>=0.5+Config!$B$6,"UNDER","—"))) -> UNDER | AE15: =IFERROR(Z15/G15,"") -> 1
A16: CS2 | B16: CS2 [NO MARKET] · IS vs ZOTIX | C16: dav1g | D16: IS | E16: Map 1 HS | F16: 5.5 | G16: =IFERROR(INDEX(CHOOSE(MATCH($X16,{"K1","K2","K3","K12","K13","H1","H2","H3","H12","H13"},0),Calc!$V$2:$V$137,Calc!$AC$2:$AC$137,Calc!$AJ$2:$AJ$137,Calc!$AL$2:$AL$137,Calc!$AM$2:$AM$137,Calc!$W$2:$W$137,Calc!$AD$2:$AD$137,Calc!$AK$2:$AK$137,Calc!$AN$2:$AN$137,Calc!$AO$2:$AO$137),MATCH($W16,Calc!$A$2:$A$137,0)),"") -> 4.7225679 | H16: =IF(G16="","",IF(LEFT($X16,1)="H",SQRT(G16*(IFERROR(INDEX(Calc!$AP$2:$AP$137,MATCH($W16,Calc!$A$2:$A$137,0)),0.5)*Config!$B$5+1-IFERROR(INDEX(Calc!$AP$2:$AP$137,MATCH($W16,Calc!$A$2:$A$137,0)),0.5))),SQRT(G16*Config!$B$5))) -> 2.3139531 | I16: =IF(OR(F16="",G16="",N(H16)<=0),"",1-NORMDIST(FLOOR(F16,1)+0.5,G16,H16,TRUE())) -> 0.36844458 | J16: =IF(I16="","",NORMDIST(CEILING(F16,1)-0.5,G16,H16,TRUE())) -> 0.63155542 | K16: =IF(I16="","",MAX(0,1-I16-J16)) -> 0 | L16: =IF(I16="","",IF(I16>=0.5+Config!$B$6,"OVER",IF(J16>=0.5+Config!$B$6,"UNDER","—"))) -> UNDER | N16: 3.4 | O16: 0 | P16: 0.1 | Q16: 0.33 | R16: - | S16: -8 | T16: =INDEX(Calc!$G$2:$G$137,MATCH($W16,Calc!$A$2:$A$137,0)) -> Ancient | U16: =TEXT(INDEX(Calc!$J$2:$J$137,MATCH($W16,Calc!$A$2:$A$137,0)),"0.0") -> 21.5 | V16: =IFERROR(INDEX(Calc!$AQ$2:$AQ$137,MATCH($W16,Calc!$A$2:$A$137,0)),"") | W16: fcuzodaqfntg95o|CS2 [NO MARKET] · IS vs ZOTIX | X16: H1 | Y16: =W16&"|"&X16 -> fcuzodaqfntg95o|CS2 [NO MARKET] · IS vs ZOTIX|H1 | Z16: =IFERROR(INDEX(CHOOSE(MATCH($X16,{"K1","K2","K3","K12","K13","H1","H2","H3","H12","H13"},0),Calc!$BA$2:$BA$137,Calc!$BB$2:$BB$137,Calc!$BC$2:$BC$137,Calc!$BD$2:$BD$137,Calc!$BE$2:$BE$137,Calc!$BF$2:$BF$137,Calc!$BG$2:$BG$137,Calc!$BH$2:$BH$137,Calc!$BI$2:$BI$137,Calc!$BJ$2:$BJ$137),MATCH($W16,Calc!$A$2:$A$137,0)),"") -> 4.7225679 | AA16: =IF(Z16="","",IF(LEFT($X16,1)="H",SQRT(Z16*(IFERROR(INDEX(Calc!$AP$2:$AP$137,MATCH($W16,Calc!$A$2:$A$137,0)),0.5)*Config!$B$5+1-IFERROR(INDEX(Calc!$AP$2:$AP$137,MATCH($W16,Calc!$A$2:$A$137,0)),0.5))),SQRT(Z16*Config!$B$5))) -> 2.3139531 | AB16: =IF(OR(F16="",Z16="",N(AA16)<=0),"",1-NORMDIST(FLOOR(F16,1)+0.5,Z16,AA16,TRUE())) -> 0.36844458 | AC16: =IF(AB16="","",NORMDIST(CEILING(F16,1)-0.5,Z16,AA16,TRUE())) -> 0.63155542 | AD16: =IF(AB16="","",IF(AB16>=0.5+Config!$B$6,"OVER",IF(AC16>=0.5+Config!$B$6,"UNDER","—"))) -> UNDER | AE16: =IFERROR(Z16/G16,"") -> 1
A17: CS2 | B17: CS2 [NO MARKET] · IS vs ZOTIX | C17: dav1g | D17: IS | E17: Map 1 Kills | F17: 14 | G17: =IFERROR(INDEX(CHOOSE(MATCH($X17,{"K1","K2","K3","K12","K13","H1","H2","H3","H12","H13"},0),Calc!$V$2:$V$137,Calc!$AC$2:$AC$137,Calc!$AJ$2:$AJ$137,Calc!$AL$2:$AL$137,Calc!$AM$2:$AM$137,Calc!$W$2:$W$137,Calc!$AD$2:$AD$137,Calc!$AK$2:$AK$137,Calc!$AN$2:$AN$137,Calc!$AO$2:$AO$137),MATCH($W17,Calc!$A$2:$A$137,0)),"") -> 13.282222 | H17: =IF(G17="","",IF(LEFT($X17,1)="H",SQRT(G17*(IFERROR(INDEX(Calc!$AP$2:$AP$137,MATCH($W17,Calc!$A$2:$A$137,0)),0.5)*Config!$B$5+1-IFERROR(INDEX(Calc!$AP$2:$AP$137,MATCH($W17,Calc!$A$2:$A$137,0)),0.5))),SQRT(G17*Config!$B$5))) -> 4.3122049 | I17: =IF(OR(F17="",G17="",N(H17)<=0),"",1-NORMDIST(FLOOR(F17,1)+0.5,G17,H17,TRUE())) -> 0.38881742 | J17: =IF(I17="","",NORMDIST(CEILING(F17,1)-0.5,G17,H17,TRUE())) -> 0.52013908 | K17: =IF(I17="","",MAX(0,1-I17-J17)) -> 0.091043499 | L17: =IF(I17="","",IF(I17>=0.5+Config!$B$6,"OVER",IF(J17>=0.5+Config!$B$6,"UNDER","—"))) -> — | N17: 13.1 | O17: 0.6 | P17: 0.5 | Q17: 0.6 | R17: - | S17: 2 | T17: =INDEX(Calc!$G$2:$G$137,MATCH($W17,Calc!$A$2:$A$137,0)) -> Ancient | U17: =TEXT(INDEX(Calc!$J$2:$J$137,MATCH($W17,Calc!$A$2:$A$137,0)),"0.0") -> 21.5 | V17: =IFERROR(INDEX(Calc!$AQ$2:$AQ$137,MATCH($W17,Calc!$A$2:$A$137,0)),"") | W17: fcuzodaqfntg95o|CS2 [NO MARKET] · IS vs ZOTIX | X17: K1 | Y17: =W17&"|"&X17 -> fcuzodaqfntg95o|CS2 [NO MARKET] · IS vs ZOTIX|K1 | Z17: =IFERROR(INDEX(CHOOSE(MATCH($X17,{"K1","K2","K3","K12","K13","H1","H2","H3","H12","H13"},0),Calc!$BA$2:$BA$137,Calc!$BB$2:$BB$137,Calc!$BC$2:$BC$137,Calc!$BD$2:$BD$137,Calc!$BE$2:$BE$137,Calc!$BF$2:$BF$137,Calc!$BG$2:$BG$137,Calc!$BH$2:$BH$137,Calc!$BI$2:$BI$137,Calc!$BJ$2:$BJ$137),MATCH($W17,Calc!$A$2:$A$137,0)),"") -> 13.282222 | AA17: =IF(Z17="","",IF(LEFT($X17,1)="H",SQRT(Z17*(IFERROR(INDEX(Calc!$AP$2:$AP$137,MATCH($W17,Calc!$A$2:$A$137,0)),0.5)*Config!$B$5+1-IFERROR(INDEX(Calc!$AP$2:$AP$137,MATCH($W17,Calc!$A$2:$A$137,0)),0.5))),SQRT(Z17*Config!$B$5))) -> 4.3122049 | AB17: =IF(OR(F17="",Z17="",N(AA17)<=0),"",1-NORMDIST(FLOOR(F17,1)+0.5,Z17,AA17,TRUE())) -> 0.38881742 | AC17: =IF(AB17="","",NORMDIST(CEILING(F17,1)-0.5,Z17,AA17,TRUE())) -> 0.52013908 | AD17: =IF(AB17="","",IF(AB17>=0.5+Config!$B$6,"OVER",IF(AC17>=0.5+Config!$B$6,"UNDER","—"))) -> — | AE17: =IFERROR(Z17/G17,"") -> 1
A18: CS2 | B18: CS2 [NO MARKET] · IS vs ZOTIX | C18: mopoz | D18: IS | E18: Map 1 HS | F18: 8 | G18: =IFERROR(INDEX(CHOOSE(MATCH($X18,{"K1","K2","K3","K12","K13","H1","H2","H3","H12","H13"},0),Calc!$V$2:$V$137,Calc!$AC$2:$AC$137,Calc!$AJ$2:$AJ$137,Calc!$AL$2:$AL$137,Calc!$AM$2:$AM$137,Calc!$W$2:$W$137,Calc!$AD$2:$AD$137,Calc!$AK$2:$AK$137,Calc!$AN$2:$AN$137,Calc!$AO$2:$AO$137),MATCH($W18,Calc!$A$2:$A$137,0)),"") -> 9.3091178 | H18: =IF(G18="","",IF(LEFT($X18,1)="H",SQRT(G18*(IFERROR(INDEX(Calc!$AP$2:$AP$137,MATCH($W18,Calc!$A$2:$A$137,0)),0.5)*Config!$B$5+1-IFERROR(INDEX(Calc!$AP$2:$AP$137,MATCH($W18,Calc!$A$2:$A$137,0)),0.5))),SQRT(G18*Config!$B$5))) -> 3.3804781 | I18: =IF(OR(F18="",G18="",N(H18)<=0),"",1-NORMDIST(FLOOR(F18,1)+0.5,G18,H18,TRUE())) -> 0.59458294 | J18: =IF(I18="","",NORMDIST(CEILING(F18,1)-0.5,G18,H18,TRUE())) -> 0.29626745 | K18: =IF(I18="","",MAX(0,1-I18-J18)) -> 0.10914961 | L18: =IF(I18="","",IF(I18>=0.5+Config!$B$6,"OVER",IF(J18>=0.5+Config!$B$6,"UNDER","—"))) -> OVER | N18: 8.7 | O18: 0.8 | P18: 0.8 | Q18: 0.73 | R18: - | S18: 1 | T18: =INDEX(Calc!$G$2:$G$137,MATCH($W18,Calc!$A$2:$A$137,0)) -> Ancient | U18: =TEXT(INDEX(Calc!$J$2:$J$137,MATCH($W18,Calc!$A$2:$A$137,0)),"0.0") -> 21.5 | V18: =IFERROR(INDEX(Calc!$AQ$2:$AQ$137,MATCH($W18,Calc!$A$2:$A$137,0)),"") | W18: 8y2vu0o81k1ojys|CS2 [NO MARKET] · IS vs ZOTIX | X18: H1 | Y18: =W18&"|"&X18 -> 8y2vu0o81k1ojys|CS2 [NO MARKET] · IS vs ZOTIX|H1 | Z18: =IFERROR(INDEX(CHOOSE(MATCH($X18,{"K1","K2","K3","K12","K13","H1","H2","H3","H12","H13"},0),Calc!$BA$2:$BA$137,Calc!$BB$2:$BB$137,Calc!$BC$2:$BC$137,Calc!$BD$2:$BD$137,Calc!$BE$2:$BE$137,Calc!$BF$2:$BF$137,Calc!$BG$2:$BG$137,Calc!$BH$2:$BH$137,Calc!$BI$2:$BI$137,Calc!$BJ$2:$BJ$137),MATCH($W18,Calc!$A$2:$A$137,0)),"") -> 9.3091178 | AA18: =IF(Z18="","",IF(LEFT($X18,1)="H",SQRT(Z18*(IFERROR(INDEX(Calc!$AP$2:$AP$137,MATCH($W18,Calc!$A$2:$A$137,0)),0.5)*Config!$B$5+1-IFERROR(INDEX(Calc!$AP$2:$AP$137,MATCH($W18,Calc!$A$2:$A$137,0)),0.5))),SQRT(Z18*Config!$B$5))) -> 3.3804781 | AB18: =IF(OR(F18="",Z18="",N(AA18)<=0),"",1-NORMDIST(FLOOR(F18,1)+0.5,Z18,AA18,TRUE())) -> 0.59458294 | AC18: =IF(AB18="","",NORMDIST(CEILING(F18,1)-0.5,Z18,AA18,TRUE())) -> 0.29626745 | AD18: =IF(AB18="","",IF(AB18>=0.5+Config!$B$6,"OVER",IF(AC18>=0.5+Config!$B$6,"UNDER","—"))) -> OVER | AE18: =IFERROR(Z18/G18,"") -> 1
A19: CS2 | B19: CS2 [NO MARKET] · IS vs ZOTIX | C19: mopoz | D19: IS | E19: Map 1 Kills | F19: 14 | G19: =IFERROR(INDEX(CHOOSE(MATCH($X19,{"K1","K2","K3","K12","K13","H1","H2","H3","H12","H13"},0),Calc!$V$2:$V$137,Calc!$AC$2:$AC$137,Calc!$AJ$2:$AJ$137,Calc!$AL$2:$AL$137,Calc!$AM$2:$AM$137,Calc!$W$2:$W$137,Calc!$AD$2:$AD$137,Calc!$AK$2:$AK$137,Calc!$AN$2:$AN$137,Calc!$AO$2:$AO$137),MATCH($W19,Calc!$A$2:$A$137,0)),"") -> 15.91 | H19: =IF(G19="","",IF(LEFT($X19,1)="H",SQRT(G19*(IFERROR(INDEX(Calc!$AP$2:$AP$137,MATCH($W19,Calc!$A$2:$A$137,0)),0.5)*Config!$B$5+1-IFERROR(INDEX(Calc!$AP$2:$AP$137,MATCH($W19,Calc!$A$2:$A$137,0)),0.5))),SQRT(G19*Config!$B$5))) -> 4.7195339 | I19: =IF(OR(F19="",G19="",N(H19)<=0),"",1-NORMDIST(FLOOR(F19,1)+0.5,G19,H19,TRUE())) -> 0.61743777 | J19: =IF(I19="","",NORMDIST(CEILING(F19,1)-0.5,G19,H19,TRUE())) -> 0.3048003 | K19: =IF(I19="","",MAX(0,1-I19-J19)) -> 0.077761926 | L19: =IF(I19="","",IF(I19>=0.5+Config!$B$6,"OVER",IF(J19>=0.5+Config!$B$6,"UNDER","—"))) -> OVER | N19: 15 | O19: 0.8 | P19: 0.8 | Q19: 0.8 | R19: - | S19: 3 | T19: =INDEX(Calc!$G$2:$G$137,MATCH($W19,Calc!$A$2:$A$137,0)) -> Ancient | U19: =TEXT(INDEX(Calc!$J$2:$J$137,MATCH($W19,Calc!$A$2:$A$137,0)),"0.0") -> 21.5 | V19: =IFERROR(INDEX(Calc!$AQ$2:$AQ$137,MATCH($W19,Calc!$A$2:$A$137,0)),"") | W19: 8y2vu0o81k1ojys|CS2 [NO MARKET] · IS vs ZOTIX | X19: K1 | Y19: =W19&"|"&X19 -> 8y2vu0o81k1ojys|CS2 [NO MARKET] · IS vs ZOTIX|K1 | Z19: =IFERROR(INDEX(CHOOSE(MATCH($X19,{"K1","K2","K3","K12","K13","H1","H2","H3","H12","H13"},0),Calc!$BA$2:$BA$137,Calc!$BB$2:$BB$137,Calc!$BC$2:$BC$137,Calc!$BD$2:$BD$137,Calc!$BE$2:$BE$137,Calc!$BF$2:$BF$137,Calc!$BG$2:$BG$137,Calc!$BH$2:$BH$137,Calc!$BI$2:$BI$137,Calc!$BJ$2:$BJ$137),MATCH($W19,Calc!$A$2:$A$137,0)),"") -> 15.91 | AA19: =IF(Z19="","",IF(LEFT($X19,1)="H",SQRT(Z19*(IFERROR(INDEX(Calc!$AP$2:$AP$137,MATCH($W19,Calc!$A$2:$A$137,0)),0.5)*Config!$B$5+1-IFERROR(INDEX(Calc!$AP$2:$AP$137,MATCH($W19,Calc!$A$2:$A$137,0)),0.5))),SQRT(Z19*Config!$B$5))) -> 4.7195339 | AB19: =IF(OR(F19="",Z19="",N(AA19)<=0),"",1-NORMDIST(FLOOR(F19,1)+0.5,Z19,AA19,TRUE())) -> 0.61743777 | AC19: =IF(AB19="","",NORMDIST(CEILING(F19,1)-0.5,Z19,AA19,TRUE())) -> 0.3048003 | AD19: =IF(AB19="","",IF(AB19>=0.5+Config!$B$6,"OVER",IF(AC19>=0.5+Config!$B$6,"UNDER","—"))) -> OVER | AE19: =IFERROR(Z19/G19,"") -> 1
A20: CS2 | B20: CS2 [NO MARKET] · IS vs ZOTIX | C20: sausol | D20: IS | E20: Map 1 HS | F20: 8 | G20: =IFERROR(INDEX(CHOOSE(MATCH($X20,{"K1","K2","K3","K12","K13","H1","H2","H3","H12","H13"},0),Calc!$V$2:$V$137,Calc!$AC$2:$AC$137,Calc!$AJ$2:$AJ$137,Calc!$AL$2:$AL$137,Calc!$AM$2:$AM$137,Calc!$W$2:$W$137,Calc!$AD$2:$AD$137,Calc!$AK$2:$AK$137,Calc!$AN$2:$AN$137,Calc!$AO$2:$AO$137),MATCH($W20,Calc!$A$2:$A$137,0)),"") -> 7.5005802 | H20: =IF(G20="","",IF(LEFT($X20,1)="H",SQRT(G20*(IFERROR(INDEX(Calc!$AP$2:$AP$137,MATCH($W20,Calc!$A$2:$A$137,0)),0.5)*Config!$B$5+1-IFERROR(INDEX(Calc!$AP$2:$AP$137,MATCH($W20,Calc!$A$2:$A$137,0)),0.5))),SQRT(G20*Config!$B$5))) -> 3.0287818 | I20: =IF(OR(F20="",G20="",N(H20)<=0),"",1-NORMDIST(FLOOR(F20,1)+0.5,G20,H20,TRUE())) -> 0.37070974 | J20: =IF(I20="","",NORMDIST(CEILING(F20,1)-0.5,G20,H20,TRUE())) -> 0.49992357 | K20: =IF(I20="","",MAX(0,1-I20-J20)) -> 0.12936669 | L20: =IF(I20="","",IF(I20>=0.5+Config!$B$6,"OVER",IF(J20>=0.5+Config!$B$6,"UNDER","—"))) -> — | N20: 8.3 | O20: 0.8 | P20: 0.6 | Q20: 0.47 | R20: - | S20: -1 | T20: =INDEX(Calc!$G$2:$G$137,MATCH($W20,Calc!$A$2:$A$137,0)) -> Ancient | U20: =TEXT(INDEX(Calc!$J$2:$J$137,MATCH($W20,Calc!$A$2:$A$137,0)),"0.0") -> 21.5 | V20: =IFERROR(INDEX(Calc!$AQ$2:$AQ$137,MATCH($W20,Calc!$A$2:$A$137,0)),"") | W20: ltwiotm7m8sg32v|CS2 [NO MARKET] · IS vs ZOTIX | X20: H1 | Y20: =W20&"|"&X20 -> ltwiotm7m8sg32v|CS2 [NO MARKET] · IS vs ZOTIX|H1 | Z20: =IFERROR(INDEX(CHOOSE(MATCH($X20,{"K1","K2","K3","K12","K13","H1","H2","H3","H12","H13"},0),Calc!$BA$2:$BA$137,Calc!$BB$2:$BB$137,Calc!$BC$2:$BC$137,Calc!$BD$2:$BD$137,Calc!$BE$2:$BE$137,Calc!$BF$2:$BF$137,Calc!$BG$2:$BG$137,Calc!$BH$2:$BH$137,Calc!$BI$2:$BI$137,Calc!$BJ$2:$BJ$137),MATCH($W20,Calc!$A$2:$A$137,0)),"") -> 7.5005802 | AA20: =IF(Z20="","",IF(LEFT($X20,1)="H",SQRT(Z20*(IFERROR(INDEX(Calc!$AP$2:$AP$137,MATCH($W20,Calc!$A$2:$A$137,0)),0.5)*Config!$B$5+1-IFERROR(INDEX(Calc!$AP$2:$AP$137,MATCH($W20,Calc!$A$2:$A$137,0)),0.5))),SQRT(Z20*Config!$B$5))) -> 3.0287818 | AB20: =IF(OR(F20="",Z20="",N(AA20)<=0),"",1-NORMDIST(FLOOR(F20,1)+0.5,Z20,AA20,TRUE())) -> 0.37070974 | AC20: =IF(AB20="","",NORMDIST(CEILING(F20,1)-0.5,Z20,AA20,TRUE())) -> 0.49992357 | AD20: =IF(AB20="","",IF(AB20>=0.5+Config!$B$6,"OVER",IF(AC20>=0.5+Config!$B$6,"UNDER","—"))) -> — | AE20: =IFERROR(Z20/G20,"") -> 1
A21: CS2 | B21: CS2 [NO MARKET] · IS vs ZOTIX | C21: sausol | D21: IS | E21: Map 1 Kills | F21: 14.5 | G21: =IFERROR(INDEX(CHOOSE(MATCH($X21,{"K1","K2","K3","K12","K13","H1","H2","H3","H12","H13"},0),Calc!$V$2:$V$137,Calc!$AC$2:$AC$137,Calc!$AJ$2:$AJ$137,Calc!$AL$2:$AL$137,Calc!$AM$2:$AM$137,Calc!$W$2:$W$137,Calc!$AD$2:$AD$137,Calc!$AK$2:$AK$137,Calc!$AN$2:$AN$137,Calc!$AO$2:$AO$137),MATCH($W21,Calc!$A$2:$A$137,0)),"") -> 13.568889 | H21: =IF(G21="","",IF(LEFT($X21,1)="H",SQRT(G21*(IFERROR(INDEX(Calc!$AP$2:$AP$137,MATCH($W21,Calc!$A$2:$A$137,0)),0.5)*Config!$B$5+1-IFERROR(INDEX(Calc!$AP$2:$AP$137,MATCH($W21,Calc!$A$2:$A$137,0)),0.5))),SQRT(G21*Config!$B$5))) -> 4.3584911 | I21: =IF(OR(F21="",G21="",N(H21)<=0),"",1-NORMDIST(FLOOR(F21,1)+0.5,G21,H21,TRUE())) -> 0.41541721 | J21: =IF(I21="","",NORMDIST(CEILING(F21,1)-0.5,G21,H21,TRUE())) -> 0.58458279 | K21: =IF(I21="","",MAX(0,1-I21-J21)) -> 0 | L21: =IF(I21="","",IF(I21>=0.5+Config!$B$6,"OVER",IF(J21>=0.5+Config!$B$6,"UNDER","—"))) -> UNDER | N21: 14.7 | O21: 1 | P21: 0.6 | Q21: 0.6 | R21: - | S21: 6 | T21: =INDEX(Calc!$G$2:$G$137,MATCH($W21,Calc!$A$2:$A$137,0)) -> Ancient | U21: =TEXT(INDEX(Calc!$J$2:$J$137,MATCH($W21,Calc!$A$2:$A$137,0)),"0.0") -> 21.5 | V21: =IFERROR(INDEX(Calc!$AQ$2:$AQ$137,MATCH($W21,Calc!$A$2:$A$137,0)),"") | W21: ltwiotm7m8sg32v|CS2 [NO MARKET] · IS vs ZOTIX | X21: K1 | Y21: =W21&"|"&X21 -> ltwiotm7m8sg32v|CS2 [NO MARKET] · IS vs ZOTIX|K1 | Z21: =IFERROR(INDEX(CHOOSE(MATCH($X21,{"K1","K2","K3","K12","K13","H1","H2","H3","H12","H13"},0),Calc!$BA$2:$BA$137,Calc!$BB$2:$BB$137,Calc!$BC$2:$BC$137,Calc!$BD$2:$BD$137,Calc!$BE$2:$BE$137,Calc!$BF$2:$BF$137,Calc!$BG$2:$BG$137,Calc!$BH$2:$BH$137,Calc!$BI$2:$BI$137,Calc!$BJ$2:$BJ$137),MATCH($W21,Calc!$A$2:$A$137,0)),"") -> 13.568889 | AA21: =IF(Z21="","",IF(LEFT($X21,1)="H",SQRT(Z21*(IFERROR(INDEX(Calc!$AP$2:$AP$137,MATCH($W21,Calc!$A$2:$A$137,0)),0.5)*Config!$B$5+1-IFERROR(INDEX(Calc!$AP$2:$AP$137,MATCH($W21,Calc!$A$2:$A$137,0)),0.5))),SQRT(Z21*Config!$B$5))) -> 4.3584911 | AB21: =IF(OR(F21="",Z21="",N(AA21)<=0),"",1-NORMDIST(FLOOR(F21,1)+0.5,Z21,AA21,TRUE())) -> 0.41541721 | AC21: =IF(AB21="","",NORMDIST(CEILING(F21,1)-0.5,Z21,AA21,TRUE())) -> 0.58458279 | AD21: =IF(AB21="","",IF(AB21>=0.5+Config!$B$6,"OVER",IF(AC21>=0.5+Config!$B$6,"UNDER","—"))) -> UNDER | AE21: =IFERROR(Z21/G21,"") -> 1
