Workbook

Sheet README
A1: FPS Player Model — CS2 + Valorant
A2: Kills and headshot projections built map by map: per-map KPR × the rounds you expect on that map.
A3: Slate 2026-10-20 · 194 board legs · 13 matches
A5: HOW TO USE
A6: 1. Matches tab: every match on the slate, one row each. The shaded columns are yours — Map 1, Map 2, Map 3 (dropdowns) and Rounds M1/M2/M3. They arrive prefilled: maps from PickFinder's Map Picks, rounds from Thunderpick's Total Rounds ladder for that map. Change any of them and every projection for that match recalculates.
A7: 2. Board tab: pick a match in the shaded cell B2. Both rosters load, ranked by projected Maps 1-2 kills, with the PrizePicks line, the model's P(over), Thunderpick's own kill-line median and PickFinder's L10 beside it.
A8: 3. Projections tab: every leg on the board (Maps 1-2, Map 1, Map 2 — kills and HS), filterable.
A9: 4. Log tab: the same projections frozen as values at default settings when the sheet was built. Type the result in Actual after settlement; Result fills itself. This is the forward record the model does not yet have.
A11: THE MODEL, IN FOUR LINES
A12: Per-map KPR = (n × map KPR + SHRINK_MAPS × overall KPR) ÷ (n + SHRINK_MAPS), n = maps the player has on that map in PickFinder's sample. A map he has never played uses his overall KPR.
A13: Kills on map k = per-map KPR × rounds on map k. Maps 1-2 = map 1 + map 2. Maps 1-3 = maps 1-2 + P(map 3) × map 3.
A14: HS on map k = kills on map k × per-map HS%, shrunk the same way. (CS2 only — PickFinder posts no Valorant HS%.)
... A36: Each slate is rebuilt from fresh captures and imported over this file (File → Import → Replace spreadsheet), so the link stays the same. Your shaded edits are per slate and are replaced on the next import.

Sheet Match_Intel
A1: Match Intel — 2026-10-20
A2: Recent form, margins, ranks, pistols, map pools and recent vetoes per match. Windows: HLTV 3 months to the day before the slate; vlr last 10 series. Bucket probabilities are the frozen v2 model (PAPER, not a pick). Margins are rounds: + won by, − lost by.
A4: CS2 [NO MARKET] · AE vs RA | 05:00 UTC | Bo3
A5: No HLTV intel captured for this match.
A7: CS2 · PRIV vs ALL | 09:00 UTC | Bo3 | Win: PRIV 38% – ALL 62% | 2-0 18% · 2-1 20% · 1-2 29% · 0-2 32%
B8: Private (PRIV) | C8: Alliance (ALL)
A9: Rank | B9: HLTV: #63 · VRS: #80 | C9: HLTV: #29 · VRS: #36
A10: Last 10 maps (newest first) | B10: 5-5 L L W W W W L L W L | C10: 2-8 L L L L L L W L W L
A11: Last 10 maps, avg margin | B11: +0.3 | C11: -3.4
A12: 3 months: maps W-L | B12: 17-10 (63%) | C12: 9-17 (35%)
A13: Avg margin in wins / losses | B13: +6.2 / -4.5 | C13: +3.1 / -5.9
A14: Stomps for / against (8+) | B14: 4 / 2 | C14: 0 / 6
A15: Pistols (3 months) | B15: not captured | C15: not captured
A16: Kill share (last 6 series, all maps) | B16: 6 series · 14 maps · team 79.6 kills/map sowalio 21.4% (17.1/map) z1k4 21.3% (17.0/map) H4SAN4TOR 20.9% (16.6/map) 1eeR 18.6% (14.8/map) sh1nejezzz 17.8% (14.1/map) | C16: 6 series · 14 maps · team 67.1 kills/map eraa 23.9% (16.1/map) bobeksde 22.3% (15.0/map) avid 18.0% (12.1/map) upE 17.9% (12.0/map) twist 17.9% (12.0/map)
A17: Last 5 series | B17: 0 - 2 PRIVATE vs BIG 2 - 0 PRIVATE vs UPGRADE 2 - 1 PRIVATE vs Honvéd 1 - 2 PRIVATE vs Johnny Speeds 13 - 8 PRIVATE vs BET-M | C17: 0 - 2 Alliance vs The MongolZ 0 - 2 Alliance vs fnatic 0 - 2 Alliance vs Nemiga 2 - 1 Alliance vs Astralis 0 - 2 Alliance vs 3DMAX
A18: Recent vetoes (last 5) | B18: First ban: Inferno×5 First pick: Mirage×2, Dust2×1 19th of Octo PRIVATE vs BIG: opp ban Dust2 · us ban Inferno · opp pick Cache · us pick Mirage · us ban Nuke · opp ban Anubis · left Ancient 16th of Octo PRIVATE vs UPGRADE: us ban Inferno · opp ban Mirage · us pick Dust2 · opp pick Anubis · us ban Cache · opp ban Ancient · left Nuke 15th of Octo PRIVATE vs Honvéd: opp ban Nuke · us ban Inferno · opp pick Cache · us pick Ancient · opp ban Mirage · us ban Anubis · left Dust2 12th of Octo PRIVATE vs Johnny Speeds: opp ban Anubis · us ban Inferno · opp pick Cache · us pick Mirage · us ban Dust2 · opp ban Ancient · left Nuke 11th of Octo PRIVATE vs BET-M: opp ban Cache · opp ban Mirage · us ban Inferno · us ban Anubis · us ban Nuke · opp ban Ancient · left Dust2 | C18: First ban: Mirage×3, Cache×2 First pick: Inferno×4, Ancient×1 19th of Octo Alliance vs The MongolZ: us ban Cache · opp ban Anubis · us pick Inferno · opp pick Dust2 · opp ban Nuke · us ban Mirage · left Ancient 3rd of Octob Alliance vs fnatic: opp ban Nuke · us ban Mirage · opp pick Cache · us pick Inferno · us ban Anubis · opp ban Ancient · left Dust2 2nd of Octob Alliance vs Nemiga: opp ban Inferno · us ban Mirage · opp pick Cache · us pick Ancient · us ban Dust2 · opp ban Nuke · left Anubis 1st of Octob Alliance vs Astralis: us ban Mirage · opp ban Dust2 · us pick Inferno · opp pick Cache · opp ban Anubis · us ban Ancient · left Nuke 26th of Sept Alliance vs 3DMAX: opp ban Mirage · us ban Cache · opp pick Dust2 · us pick Inferno · us ban Anubis · opp ban Nuke · left Ancient
A19: Map | B19: PF pick % | C19: A maps | D19: A W-L | E19: A avg ± | F19: A CT % | G19: A T % | H19: A pistol | I19: B maps | J19: B W-L | K19: B avg ± | L19: B CT % | M19: B T % | N19: B pistol | O19: A 8+ | A 3-7 | close/OT | B 3-7 | B 8+ | P19: E rounds
A20: Ancient | B20: 30% | C20: 5 | D20: 5-0 | E20: +5.6 | F20: 56.0% | G20: 67.2% | H20: 4/10 | I20: 5 | J20: 3-2 | K20: -0.8 | L20: 56.7% | M20: 38.9% | N20: 3/10 | O20: 11% | 39% | 29% | 19% | 3% | P20: 22.3
A21: Dust2 | B21: 20% | C21: 5 | D21: 4-1 | E21: +4.4 | F21: 60.6% | G21: 58.0% | H21: 7/10 | I21: 5 | J21: 0-5 | K21: -4.8 | L21: 48.3% | M21: 26.1% | N21: 3/10 | O21: 14% | 43% | 26% | 14% | 2% | P21: 22.0
A22: Inferno | B22: 18% | C22: 0 | I22: 10 | J22: 4-6 | K22: -2.3 | L22: 44.6% | M22: 44.7% | N22: 8/20 | O22: 8% | 34% | 30% | 23% | 4% | P22: 22.5
A23: Nuke | B23: 8% | C23: 3 | D23: 1-2 | E23: -1.0 | F23: 52.8% | G23: 41.4% | H23: 4/6 | I23: 2 | J23: 2-0 | K23: +2.5 | L23: 65.2% | M23: 45.8% | N23: 2/4 | O23: 5% | 25% | 30% | 32% | 8% | P23: 22.5
A24: Cache | B24: 8% | C24: 5 | D24: 0-5 | E24: -5.2 | F24: 52.7% | G24: 23.6% | H24: 5/10 | I24: 4 | J24: 0-4 | K24: -6.8 | L24: 39.6% | M24: 20.7% | N24: 3/8 | O24: 7% | 31% | 31% | 26% | 5% | P24: 22.5
A25: Mirage | B25: 8% | C25: 6 | D25: 5-1 | E25: +5.2 | F25: 66.7% | G25: 58.5% | H25: 7/12 | I25: 0 | O25: 10% | 38% | 29% | 19% | 3% | P25: 22.3
A26: Anubis | C26: 3 | D26: 2-1 | E26: +2.7 | F26: 72.7% | G26: 47.2% | H26: 3/6 | I26: 0 | O26: 8% | 33% | 30% | 24% | 5% | P26: 22.5
A28: CS2 [NO MARKET] · MZP vs ex-RUSTEC | 09:00 UTC | Bo3
A29: No HLTV intel captured for this match.
A31: CS2 · BBL vs BCG | 11:00 UTC | Bo3 | Win: BBL 39% – BCG 61% | 2-0 20% · 2-1 19% · 1-2 26% · 0-2 35%
B32: BBL Esports (BBL) | C32: BC.Game (BCG)
A33: Rank | B33: HLTV: #48 · VRS: #35 | C33: HLTV: #51 · VRS: #41
A34: Last 10 maps (newest first) | B34: 6-4 W L W W W L W W L L | C34: 5-5 W W L W L L L W L W
A35: Last 10 maps, avg margin | B35: +2.3 | C35: -0.6
A36: 3 months: maps W-L | B36: 31-32 (49%) | C36: 26-13 (67%)
A37: Avg margin in wins / losses | B37: +6.1 / -5.1 | C37: +6.0 / -4.2
A38: Stomps for / against (8+) | B38: 12 / 7 | C38: 8 / 2
A39: Pistols (3 months) | B39: not captured | C39: not captured
A40: Kill share (last 6 series, all maps) | B40: 6 series · 16 maps · team 76.0 kills/map leakz 22.0% (16.7/map) NickyB 21.6% (16.4/map) salazar 20.8% (15.8/map) IceBerg 17.4% (13.2/map) MistR 16.0% (13.9/map) Boye 2.1% (13.0/map) (sub) | C40: 6 series · 13 maps · team 69.5 kills/map s1mple 24.3% (16.8/map) mzinho 21.6% (15.0/map) Senzu 20.2% (14.0/map) Magisk 18.1% (12.5/map) asap 15.9% (11.1/map)
A41: Last 5 series | B41: 2 - 1 BBL vs Betclic 2 - 1 BBL vs ex-RUSTEC 2 - 0 BBL vs EYEBALLERS 1 - 2 BBL vs JiJieHao 1 - 2 BBL vs Liquid | C41: 13 - 10 BC.Game vs WBT 13 - 8 BC.Game vs Drama 1 - 2 BC.Game vs MIBR 0 - 2 BC.Game vs HEROIC 2 - 1 BC.Game vs MIBR
A42: Recent vetoes (last 5) | B42: First ban: Dust2×5 First pick: Nuke×3, Cache×1 19th of Octo BBL vs Betclic: opp ban Inferno · us ban Dust2 · opp pick Cache · us pick Nuke · us ban Anubis · opp ban Ancient · left Mirage 17th of Octo BBL vs ex-RUSTEC: opp ban Cache · us ban Dust2 · opp pick Anubis · us pick Nuke · us ban Mirage · opp ban Inferno · left Ancient 16th of Octo BBL vs EYEBALLERS: opp ban Nuke · us ban Dust2 · opp pick Anubis · us pick Cache · us ban Mirage · opp ban Ancient · left Inferno 13th of Octo BBL vs JiJieHao: us ban Dust2 · opp ban Nuke · us pick Inferno · opp pick Mirage · us ban Anubis · opp ban Ancient · left Cache 13th of Octo BBL vs Liquid: us ban Dust2 · opp ban Ancient · us pick Nuke · opp pick Mirage · us ban Anubis · opp ban Inferno · left Cache | C42: First ban: Ancient×2, Anubis×2 First pick: Cache×2, Mirage×1 19th of Octo BC.Game vs WBT: opp ban Inferno · opp ban Cache · us ban Ancient · us ban Anubis · us ban Mirage · opp ban Nuke · left Dust2 19th of Octo BC.Game vs Drama: opp ban Dust2 · opp ban Cache · us ban Ancient · us ban Anubis · us ban Inferno · opp ban Nuke · left Mirage 15th of Octo BC.Game vs MIBR: us ban Anubis · opp ban Dust2 · us pick Mirage · opp pick Ancient · us ban Nuke · opp ban Cache · left Inferno 15th of Octo BC.Game vs HEROIC: us ban Inferno · opp ban Anubis · us pick Cache · opp pick Nuke · us ban Ancient · opp ban Dust2 · left Mirage 15th of Octo BC.Game vs MIBR: us ban Anubis · opp ban Dust2 · us pick Cache · opp pick Ancient · us ban Inferno · opp ban Mirage · left Nuke
A43: Map | B43: PF pick % | C43: A maps | D43: A W-L | E43: A avg ± | F43: A CT % | G43: A T % | H43: A pistol | I43: B maps | J43: B W-L | K43: B avg ± | L43: B CT % | M43: B T % | N43: B pistol | O43: A 8+ | A 3-7 | close/OT | B 3-7 | B 8+ | P43: E rounds
A44: Cache | B44: 38% | C44: 12 | D44: 4-8 | E44: -0.7 | F44: 45.2% | G44: 51.8% | H44: 15/24 | I44: 9 | J44: 8-1 | K44: +4.2 | L44: 63.5% | M44: 57.3% | N44: 8/18 | O44: 3% | 17% | 28% | 40% | 12% | P44: 22.2
A45: Nuke | B45: 23% | C45: 17 | D45: 9-8 | E45: +0.2 | F45: 49.3% | G45: 51.5% | H45: 15/34 | I45: 9 | J45: 4-5 | K45: +0.8 | L45: 55.9% | M45: 46.9% | N45: 11/18 | O45: 6% | 28% | 30% | 30% | 6% | P45: 22.5
A46: Ancient | B46: 9% | C46: 9 | D46: 6-3 | E46: +4.7 | F46: 62.4% | G46: 61.4% | H46: 12/18 | I46: 3 | J46: 1-2 | K46: -1.7 | L46: 44.4% | M46: 48.0% | N46: 3/6 | O46: 13% | 41% | 27% | 16% | 2% | P46: 22.2
A47: Inferno | B47: 8% | C47: 10 | D47: 6-4 | E47: +0.5 | F47: 51.3% | G47: 50.9% | H47: 8/20 | I47: 5 | J47: 3-2 | K47: +1.6 | L47: 47.2% | M47: 60.4% | N47: 6/10 | O47: 6% | 27% | 30% | 30% | 7% | P47: 22.5
A48: Mirage | B48: 8% | C48: 12 | D48: 5-7 | E48: -1.2 | F48: 51.0% | G48: 40.8% | H48: 8/24 | I48: 7 | J48: 5-2 | K48: +2.9 | L48: 65.4% | M48: 46.3% | N48: 6/14 | O48: 3% | 19% | 29% | 38% | 11% | P48: 22.3
A49: Anubis | B49: 7% | C49: 3 | D49: 1-2 | E49: -1.0 | F49: 33.3% | G49: 63.6% | H49: 2/6 | I49: 1 | J49: 0-1 | K49: -2.0 | L49: 41.7% | M49: 50.0% | N49: 2/2 | O49: 6% | 28% | 31% | 29% | 6% | P49: 22.5
A50: Dust2 | C50: 0 | I50: 5 | J50: 5-0 | K50: +7.4 | L50: 73.1% | M50: 65.9% | N50: 7/10 | O50: 3% | 17% | 28% | 41% | 12% | P50: 22.2
A52: CS2 · INF vs EF | 11:00 UTC | Bo3 | Win: INF 32% – EF 68% | 2-0 16% · 2-1 16% · 1-2 28% · 0-2 41%
B53: Infinite Gaming (INF) | C53: Eternal Fire (EF)
A54: Rank | B54: HLTV: #78 · VRS: #61 | C54: HLTV: #43 · VRS: #37
A55: Last 10 maps (newest first) | B55: 4-6 W W L L L L L L W W | C55: 3-7 L L L L W L L W L W
A56: Last 10 maps, avg margin | B56: -0.9 | C56: -1.4
A57: 3 months: maps W-L | B57: 28-41 (41%) | C57: 55-36 (60%)
A58: Avg margin in wins / losses | B58: +4.2 / -5.0 | C58: +5.3 / -4.7
A59: Stomps for / against (8+) | B59: 3 / 9 | C59: 11 / 7
A60: Pistols (3 months) | B60: 49.3% (68-70) · R2 conv 82.4% · R2 break 11.4% | C60: 53.3% (97-85) · R2 conv 81.4% · R2 break 18.8%
A61: Kill share (last 6 series, all maps) | B61: 6 series · 10 maps · team 75.7 kills/map sl3nd 24.3% (18.4/map) Blytz 21.3% (16.1/map) kyuubii 18.6% (14.1/map) volt 18.2% (13.8/map) kreaz 14.3% (13.5/map) ScrunK 3.3% (12.5/map) (sub) | C61: 6 series · 15 maps · team 75.9 kills/map jottAAA 24.1% (18.3/map) Kvem 19.3% (14.7/map) soulfly 19.3% (14.7/map) regali 18.7% (14.2/map) MisteM 18.5% (14.1/map)
A62: Last 5 series | B62: 13 - 5 INFINITE vs BASEMENT BOYS 13 - 11 INFINITE vs Insiders 0 - 2 INFINITE vs WBT 0 - 2 INFINITE vs G2 Ares 0 - 2 INFINITE vs SAW | C62: 0 - 2 Eternal Fire vs Nuclear TigeRES 1 - 2 Eternal Fire vs Betclic 0 - 2 Eternal Fire vs Ninjas in Pyjamas 2 - 1 Eternal Fire vs JiJieHao 2 - 0 Eternal Fire vs Sangal
A63: Recent vetoes (last 5) | B63: First ban: Anubis×3, Mirage×1 First pick: Ancient×3 19th of Octo INFINITE vs BASEMENT BOYS: opp ban Inferno · opp ban Anubis · us ban Mirage · us ban Dust2 · us ban Nuke · opp ban Cache · left Ancient 19th of Octo INFINITE vs Insiders: opp ban Nuke · opp ban Inferno · us ban Ancient · us ban Anubis · us ban Dust2 · opp ban Cache · left Mirage 9th of Octob INFINITE vs WBT: opp ban Inferno · us ban Anubis · opp pick Dust2 · us pick Ancient · opp ban Cache · us ban Nuke · left Mirage 8th of Octob INFINITE vs G2 Ares: opp ban Nuke · us ban Anubis · opp pick Inferno · us pick Ancient · opp ban Dust2 · us ban Cache · left Mirage 4th of Octob INFINITE vs SAW: opp ban Mirage · us ban Anubis · opp pick Nuke · us pick Ancient · opp ban Dust2 · us ban Inferno · left Cache | C63: First ban: Nuke×5 First pick: Dust2×5 17th of Octo Eternal Fire vs Nuclear TigeRES: opp ban Cache · us ban Nuke · opp pick Anubis · us pick Dust2 · us ban Inferno · opp ban Mirage · left Ancient 16th of Octo Eternal Fire vs Betclic: opp ban Inferno · us ban Nuke · opp pick Anubis · us pick Dust2 · us ban Mirage · opp ban Ancient · left Cache 3rd of Octob Eternal Fire vs Ninjas in Pyjamas: us ban Nuke · opp ban Anubis · us pick Dust2 · opp pick Inferno · us ban Mirage · opp ban Ancient · left Cache 3rd of Octob Eternal Fire vs JiJieHao: us ban Nuke · opp ban Cache · us pick Dust2 · opp pick Mirage · us ban Inferno · opp ban Ancient · left Anubis 3rd of Octob Eternal Fire vs Sangal: us ban Nuke · opp ban Inferno · us pick Dust2 · opp pick Cache · us ban Anubis · opp ban Ancient · left Mirage
A64: Map | B64: PF pick % | C64: A maps | D64: A W-L | E64: A avg ± | F64: A CT % | G64: A T % | H64: A pistol | I64: B maps | J64: B W-L | K64: B avg ± | L64: B CT % | M64: B T % | N64: B pistol | O64: A 8+ | A 3-7 | close/OT | B 3-7 | B 8+ | P64: E rounds
A65: Ancient | B65: 32% | C65: 14 | D65: 6-8 | E65: -0.9 | F65: 56.1% | G65: 39.9% | H65: 12/28 | I65: 17 | J65: 12-5 | K65: +2.6 | L65: 58.6% | M65: 53.5% | N65: 16/34 | O65: 3% | 19% | 29% | 38% | 11% | P65: 22.3
A66: Dust2 | B66: 31% | C66: 14 | D66: 3-11 | E66: -3.5 | F66: 44.7% | G66: 39.9% | H66: 16/28 | I66: 18 | J66: 12-6 | K66: +2.4 | L66: 56.4% | M66: 54.4% | N66: 19/36 | O66: 2% | 13% | 25% | 44% | 15% | P66: 21.9
A67: Mirage | B67: 11% | C67: 18 | D67: 10-8 | E67: +0.2 | F67: 55.6% | G67: 45.3% | H67: 22/36 | I67: 16 | J67: 8-8 | K67: -0.3 | L67: 50.0% | M67: 48.5% | N67: 17/32 | O67: 7% | 30% | 30% | 27% | 6% | P67: 22.5
A68: Cache | B68: 10% | C68: 5 | D68: 3-2 | E68: +3.2 | F68: 60.6% | G68: 52.0% | H68: 5/10 | I68: 17 | J68: 10-7 | K68: +0.9 | L68: 55.2% | M68: 49.0% | N68: 19/34 | O68: 7% | 30% | 30% | 27% | 5% | P68: 22.5
A69: Anubis | B69: 5% | C69: 1 | D69: 0-1 | E69: -8.0 | F69: 66.7% | G69: 8.3% | H69: 1/2 | I69: 12 | J69: 7-5 | K69: +0.2 | L69: 45.5% | M69: 55.0% | N69: 12/24 | O69: 5% | 26% | 30% | 31% | 7% | P69: 22.5
A70: Inferno | B70: 5% | C70: 9 | D70: 3-6 | E70: -2.7 | F70: 47.5% | G70: 39.1% | H70: 6/18 | I70: 11 | J70: 6-5 | K70: +2.4 | L70: 55.6% | M70: 57.7% | N70: 14/22 | O70: 2% | 16% | 27% | 41% | 13% | P70: 22.1
A71: Nuke | C71: 8 | D71: 3-5 | E71: -1.9 | F71: 51.2% | G71: 40.4% | H71: 6/16 | I71: 0 | O71: 5% | 25% | 30% | 33% | 8% | P71: 22.5
A73: CS2 · TL vs MGC | 12:00 UTC | Bo3 | Win: TL 60% – MGC 40% | 2-0 31% · 2-1 29% · 1-2 21% · 0-2 19%
B74: Liquid (TL) | C74: Magic (MGC)
A75: Rank | B75: HLTV: #27 · VRS: #24 | C75: HLTV: #26 · VRS: #32
A76: Last 10 maps (newest first) | B76: 4-6 L L L L W W W L W L | C76: 3-7 L L L L L W L W L W
A77: Last 10 maps, avg margin | B77: -1.6 | C77: -3.7
A78: 3 months: maps W-L | B78: 41-23 (64%) | C78: 29-27 (52%)
A79: Avg margin in wins / losses | B79: +5.8 / -5.6 | C79: +4.5 / -5.7
A80: Stomps for / against (8+) | B80: 14 / 4 | C80: 4 / 7
A81: Pistols (3 months) | B81: not captured | C81: not captured
A82: Kill share (last 6 series, all maps) | B82: 6 series · 15 maps · team 70.8 kills/map EliGE 24.0% (17.0/map) malbsMd 20.5% (14.5/map) NAF 20.2% (14.3/map) Jorko 19.5% (13.8/map) JT 15.7% (11.1/map) | C82: 6 series · 16 maps · team 62.6 kills/map mo0N 23.4% (16.7/map) tenzy 21.4% (13.4/map) MaSvAl 19.2% (12.0/map) sFade8 18.0% (11.2/map) AW 14.6% (11.2/map) eksiver 2.6% (8.7/map) (sub) lattykk 0.9% (4.5/map) (sub)
A83: Last 5 series | B83: 0 - 2 Liquid vs fnatic 1 - 2 Liquid vs Ninjas in Pyjamas 2 - 0 Liquid vs JiJieHao 1 - 2 Liquid vs 100 Thieves 2 - 1 Liquid vs BBL | C83: 0 - 2 magic vs PARIVISION 0 - 2 magic vs GamerLegion 1 - 2 magic vs Ninjas in Pyjamas 2 - 1 magic vs GamerLegion 2 - 1 magic vs EYEBALLERS
A84: Recent vetoes (last 5) | B84: First ban: Ancient×5 First pick: Inferno×2, Mirage×2 19th of Octo Liquid vs fnatic: us ban Ancient · opp ban Nuke · us pick Inferno · opp pick Cache · opp ban Mirage · us ban Dust2 · left Anubis 16th of Octo Liquid vs Ninjas in Pyjamas: us ban Ancient · opp ban Anubis · us pick Mirage · opp pick Nuke · us ban Dust2 · opp ban Inferno · left Cache 13th of Octo Liquid vs JiJieHao: opp ban Nuke · us ban Ancient · opp pick Mirage · us pick Cache · opp ban Anubis · us ban Dust2 · left Inferno 13th of Octo Liquid vs 100 Thieves: opp ban Anubis · us ban Ancient · opp pick Dust2 · us pick Inferno · opp ban Cache · us ban Nuke · left Mirage 13th of Octo Liquid vs BBL: opp ban Dust2 · us ban Ancient · opp pick Nuke · us pick Mirage · opp ban Anubis · us ban Inferno · left Cache | C84: First ban: Nuke×4, Inferno×1 First pick: Ancient×2, Dust2×2 19th of Octo magic vs PARIVISION: us ban Inferno · opp ban Nuke · us pick Mirage · opp pick Ancient · opp ban Anubis · us ban Cache · left Dust2 28th of Sept magic vs GamerLegion: opp ban Anubis · us ban Nuke · opp pick Cache · us pick Ancient · us ban Inferno · opp ban Dust2 · left Mirage 27th of Sept magic vs Ninjas in Pyjamas: us ban Nuke · opp ban Anubis · us pick Ancient · opp pick Inferno · opp ban Dust2 · us ban Cache · left Mirage 26th of Sept magic vs GamerLegion: us ban Nuke · opp ban Anubis · us pick Dust2 · opp pick Cache · opp ban Inferno · us ban Mirage · left Ancient 25th of Sept magic vs EYEBALLERS: opp ban Cache · us ban Nuke · opp pick Anubis · us pick Dust2 · us ban Mirage · opp ban Inferno · left Ancient
A85: Map | B85: PF pick % | C85: A maps | D85: A W-L | E85: A avg ± | F85: A CT % | G85: A T % | H85: A pistol | I85: B maps | J85: B W-L | K85: B avg ± | L85: B CT % | M85: B T % | N85: B pistol | O85: A 8+ | A 3-7 | close/OT | B 3-7 | B 8+ | P85: E rounds
A86: Mirage | B86: 25% | C86: 10 | D86: 8-2 | E86: +3.2 | F86: 57.0% | G86: 57.4% | H86: 16/20 | I86: 9 | J86: 3-6 | K86: -1.7 | L86: 55.0% | M86: 39.6% | N86: 10/18 | O86: 11% | 39% | 29% | 19% | 3% | P86: 22.3
A87: Dust2 | B87: 20% | C87: 8 | D87: 3-5 | E87: -3.2 | F87: 37.5% | G87: 48.3% | H87: 9/16 | I87: 9 | J87: 4-5 | K87: +0.2 | L87: 54.4% | M87: 46.9% | N87: 11/18 | O87: 4% | 22% | 30% | 36% | 9% | P87: 22.4
A88: Anubis | B88: 18% | C88: 12 | D88: 9-3 | E88: +3.4 | F88: 58.4% | G88: 58.5% | H88: 13/24 | I88: 5 | J88: 2-3 | K88: -1.2 | L88: 42.5% | M88: 50.0% | N88: 6/10 | O88: 12% | 40% | 28% | 17% | 3% | P88: 22.2
A89: Cache | B89: 13% | C89: 13 | D89: 8-5 | E89: +1.4 | F89: 50.7% | G89: 55.6% | H89: 15/26 | I89: 8 | J89: 6-2 | K89: +1.4 | L89: 51.3% | M89: 53.8% | N89: 7/16 | O89: 7% | 30% | 30% | 28% | 6% | P89: 22.5
A90: Inferno | B90: 10% | C90: 7 | D90: 6-1 | E90: +4.6 | F90: 70.9% | G90: 49.2% | H90: 8/14 | I90: 5 | J90: 3-2 | K90: -0.6 | L90: 51.7% | M90: 45.6% | N90: 4/10 | O90: 11% | 38% | 29% | 19% | 3% | P90: 22.3
A91: Ancient | B91: 8% | C91: 1 | D91: 0-1 | E91: -3.0 | F91: 25.0% | G91: 63.6% | H91: 1/2 | I91: 20 | J91: 11-9 | K91: -0.7 | L91: 49.3% | M91: 47.8% | N91: 19/40 | O91: 6% | 30% | 30% | 28% | 6% | P91: 22.5
A92: Nuke | C92: 13 | D92: 7-6 | E92: +1.2 | F92: 57.3% | G92: 48.5% | H92: 13/26 | I92: 0 | O92: 7% | 32% | 30% | 25% | 5% | P92: 22.5
A94: CS2 · HERO vs HS | 14:00 UTC | Bo3 | Win: HERO 87% – HS 13% | 2-0 61% · 2-1 26% · 1-2 6% · 0-2 7%
B95: HEROIC (HERO) | C95: HyperSpirit (HS)
A96: Rank | B96: HLTV: #25 · VRS: #12 | C96: HLTV: #151 · VRS: #132
A97: Last 10 maps (newest first) | B97: 7-3 W W L L W L W W W W | C97: 8-2 W W W W L W W L W W
A98: Last 10 maps, avg margin | B98: +2.9 | C98: +3.4
A99: 3 months: maps W-L | B99: 54-26 (68%) | C99: 31-32 (49%)
A100: Avg margin in wins / losses | B100: +6.5 / -4.5 | C100: +5.5 / -5.8
A101: Stomps for / against (8+) | B101: 22 / 1 | C101: 5 / 8
A102: Pistols (3 months) | B102: 63.7% (102-58) · R2 conv 82.2% · R2 break 15.5% | C102: not captured
A103: Kill share (last 6 series, all maps) | B103: 6 series · 16 maps · team 74.6 kills/map Brollan 22.7% (16.9/map) nilo 22.6% (16.9/map) susp 19.3% (14.4/map) MartinezSa 17.9% (13.4/map) Chr1zN 17.4% (13.0/map) | C103: 6 series · 14 maps · team 74.4 kills/map Scr0b 21.6% (16.1/map) d1maje 20.7% (15.4/map) starplajerz 20.4% (15.1/map) Ciocardau 20.2% (15.0/map) Q-Q 17.2% (12.8/map)
A104: Last 5 series | B104: 2 - 1 HEROIC vs 100 Thieves 1 - 2 HEROIC vs Ninjas in Pyjamas 2 - 0 HEROIC vs fnatic 2 - 0 HEROIC vs BC.Game 2 - 1 HEROIC vs Envy | C104: 2 - 0 HYPERSPIRIT vs Sashi 2 - 0 HYPERSPIRIT vs MOUZ NXT 5 - 13 HYPERSPIRIT vs Iberian Soul 2 - 1 HYPERSPIRIT vs 6yuBoJlbl 2 - 1 HYPERSPIRIT vs Rune Eaters
A105: Recent vetoes (last 5) | B105: First ban: Anubis×5 First pick: Inferno×3, Dust2×1 17th of Octo HEROIC vs 100 Thieves: opp ban Cache · us ban Anubis · opp pick Dust2 · us pick Inferno · opp ban Nuke · us ban Mirage · left Ancient 17th of Octo HEROIC vs Ninjas in Pyjamas: opp ban Dust2 · us ban Anubis · opp pick Cache · us pick Inferno · opp ban Ancient · us ban Nuke · left Mirage 16th of Octo HEROIC vs fnatic: opp ban Nuke · us ban Anubis · opp pick Cache · us pick Dust2 · opp ban Inferno · us ban Ancient · left Mirage 15th of Octo HEROIC vs BC.Game: opp ban Inferno · us ban Anubis · opp pick Cache · us pick Nuke · opp ban Ancient · us ban Dust2 · left Mirage 15th of Octo HEROIC vs Envy: opp ban Mirage · us ban Anubis · opp pick Cache · us pick Inferno · opp ban Nuke · us ban Dust2 · left Ancient | C105: First ban: Nuke×4, Dust2×1 First pick: Cache×3, Ancient×1 19th of Octo HYPERSPIRIT vs Sashi: us ban Nuke · opp ban Cache · us pick Ancient · opp pick Mirage · us ban Dust2 · opp ban Inferno · left Anubis 19th of Octo HYPERSPIRIT vs MOUZ NXT: opp ban Inferno · us ban Nuke · opp pick Dust2 · us pick Cache · us ban Ancient · opp ban Anubis · left Mirage 19th of Octo HYPERSPIRIT vs Iberian Soul: opp ban Dust2 · opp ban Cache · us ban Nuke · us ban Inferno · us ban Ancient · opp ban Anubis · left Mirage 18th of Octo HYPERSPIRIT vs 6yuBoJlbl: opp ban Anubis · us ban Nuke · opp pick Mirage · us pick Cache · opp ban Inferno · us ban Dust2 · left Ancient 16th of Octo HYPERSPIRIT vs Rune Eaters: opp ban Nuke · us ban Dust2 · opp pick Mirage · us pick Cache · opp ban Anubis · us ban Ancient · left Inferno
A106: Map | B106: PF pick % | C106: A maps | D106: A W-L | E106: A avg ± | F106: A CT % | G106: A T % | H106: A pistol | I106: B maps | J106: B W-L | K106: B avg ± | L106: B CT % | M106: B T % | N106: B pistol | O106: A 8+ | A 3-7 | close/OT | B 3-7 | B 8+ | P106: E rounds
A107: Cache | B107: 50% | C107: 14 | D107: 9-5 | E107: +1.6 | F107: 53.8% | G107: 53.7% | H107: 19/28 | I107: 15 | J107: 10-5 | K107: +2.1 | L107: 56.8% | M107: 53.8% | N107: 17/30 | O107: 5% | 27% | 30% | 31% | 7% | P107: 22.5
...

Sheet Board
A1: Board
A2: Match: | B2: CS2 [NO MARKET] · AE vs RA
A4: Teams | B4: =IFERROR(IF(INDEX(Matches!$E$5:$E$17,MATCH($B$2,Matches!$A$5:$A$17,0))="","",INDEX(Matches!$E$5:$E$17,MATCH($B$2,Matches!$A$5:$A$17,0))),"")&" vs "&IFERROR(IF(INDEX(Matches!$F$5:$F$17,MATCH($B$2,Matches!$A$5:$A$17,0))="","",INDEX(Matches!$F$5:$F$17,MATCH($B$2,Matches!$A$5:$A$17,0))),"") -> AE (AE) vs RA (RA) | D4: Start (CT) | E4: =IFERROR(IF(INDEX(Matches!$C$5:$C$17,MATCH($B$2,Matches!$A$5:$A$17,0))="","",INDEX(Matches!$C$5:$C$17,MATCH($B$2,Matches!$A$5:$A$17,0))),"") -> Tue 00:00 | G4: Bo | H4: =IFERROR(IF(INDEX(Matches!$D$5:$D$17,MATCH($B$2,Matches!$A$5:$A$17,0))="","",INDEX(Matches!$D$5:$D$17,MATCH($B$2,Matches!$A$5:$A$17,0))),"") -> 3
A5: P(A wins) | B5: =IFERROR(IF(INDEX(Matches!$G$5:$G$17,MATCH($B$2,Matches!$A$5:$A$17,0))="","",INDEX(Matches!$G$5:$G$17,MATCH($B$2,Matches!$A$5:$A$17,0))),"") | D5: P(A 2-0) | E5: =IFERROR(IF(INDEX(Matches!$H$5:$H$17,MATCH($B$2,Matches!$A$5:$A$17,0))="","",INDEX(Matches!$H$5:$H$17,MATCH($B$2,Matches!$A$5:$A$17,0))),"") | G5: P(B 2-0) | H5: =IFERROR(IF(INDEX(Matches!$I$5:$I$17,MATCH($B$2,Matches!$A$5:$A$17,0))="","",INDEX(Matches!$I$5:$I$17,MATCH($B$2,Matches!$A$5:$A$17,0))),"")
A6: P(3 maps) | B6: =IFERROR(IF(INDEX(Matches!$J$5:$J$17,MATCH($B$2,Matches!$A$5:$A$17,0))="","",INDEX(Matches!$J$5:$J$17,MATCH($B$2,Matches!$A$5:$A$17,0))),"") | D6: Map pick #1 | E6: =IFERROR(IF(INDEX(Matches!$K$5:$K$17,MATCH($B$2,Matches!$A$5:$A$17,0))="","",INDEX(Matches!$K$5:$K$17,MATCH($B$2,Matches!$A$5:$A$17,0))),"") -> Dust2 53% | G6: Map pick #2 | H6: =IFERROR(IF(INDEX(Matches!$L$5:$L$17,MATCH($B$2,Matches!$A$5:$A$17,0))="","",INDEX(Matches!$L$5:$L$17,MATCH($B$2,Matches!$A$5:$A$17,0))),"") -> Cache 26%
A7: TP rounds M1 | B7: =IFERROR(IF(INDEX(Matches!$O$5:$O$17,MATCH($B$2,Matches!$A$5:$A$17,0))="","",INDEX(Matches!$O$5:$O$17,MATCH($B$2,Matches!$A$5:$A$17,0))),"") | D7: TP rounds M2 | E7: =IFERROR(IF(INDEX(Matches!$P$5:$P$17,MATCH($B$2,Matches!$A$5:$A$17,0))="","",INDEX(Matches!$P$5:$P$17,MATCH($B$2,Matches!$A$5:$A$17,0))),"") | G7: P(OT) M1 | H7: =IFERROR(IF(INDEX(Matches!$R$5:$R$17,MATCH($B$2,Matches!$A$5:$A$17,0))="","",INDEX(Matches!$R$5:$R$17,MATCH($B$2,Matches!$A$5:$A$17,0))),"")
A8: A margin M1 | B8: =IFERROR(IF(INDEX(Matches!$S$5:$S$17,MATCH($B$2,Matches!$A$5:$A$17,0))="","",INDEX(Matches!$S$5:$S$17,MATCH($B$2,Matches!$A$5:$A$17,0))),"") | D8: A rounds M1 | E8: =IFERROR(IF(INDEX(Matches!$T$5:$T$17,MATCH($B$2,Matches!$A$5:$A$17,0))="","",INDEX(Matches!$T$5:$T$17,MATCH($B$2,Matches!$A$5:$A$17,0))),"") | G8: B rounds M1 | H8: =IFERROR(IF(INDEX(Matches!$U$5:$U$17,MATCH($B$2,Matches!$A$5:$A$17,0))="","",INDEX(Matches!$U$5:$U$17,MATCH($B$2,Matches!$A$5:$A$17,0))),"")
A9: HLTV rounds M1 | B9: =IFERROR(IF(INDEX(Matches!$AN$5:$AN$17,MATCH($B$2,Matches!$A$5:$A$17,0))="","",INDEX(Matches!$AN$5:$AN$17,MATCH($B$2,Matches!$A$5:$A$17,0))),"") | D9: HLTV A margin M1 | E9: =IFERROR(IF(INDEX(Matches!$AO$5:$AO$17,MATCH($B$2,Matches!$A$5:$A$17,0))="","",INDEX(Matches!$AO$5:$AO$17,MATCH($B$2,Matches!$A$5:$A$17,0))),"") | G9: Hist share A / B | H9: =IF(IFERROR(IF(INDEX(Matches!$AI$5:$AI$17,MATCH($B$2,Matches!$A$5:$A$17,0))="","",INDEX(Matches!$AI$5:$AI$17,MATCH($B$2,Matches!$A$5:$A$17,0))),"")="","",TEXT(IFERROR(IF(INDEX(Matches!$AI$5:$AI$17,MATCH($B$2,Matches!$A$5:$A$17,0))="","",INDEX(Matches!$AI$5:$AI$17,MATCH($B$2,Matches!$A$5:$A$17,0))),""),"0%")&" / "&TEXT(IFERROR(IF(INDEX(Matches!$AJ$5:$AJ$17,MATCH($B$2,Matches!$A$5:$A$17,0))="","",INDEX(Matches!$AJ$5:$AJ$17,MATCH($B$2,Matches!$A$5:$A$17,0))),""),"0%")) -> 56% / 54%
A10: IN USE | B10: ="Map 1: "&IFERROR(IF(INDEX(Matches!$W$5:$W$17,MATCH($B$2,Matches!$A$5:$A$17,0))="","",INDEX(Matches!$W$5:$W$17,MATCH($B$2,Matches!$A$5:$A$17,0))),"")&" · Map 2: "&IFERROR(IF(INDEX(Matches!$X$5:$X$17,MATCH($B$2,Matches!$A$5:$A$17,0))="","",INDEX(Matches!$X$5:$X$17,MATCH($B$2,Matches!$A$5:$A$17,0))),"")&IF(IFERROR(IF(INDEX(Matches!$Y$5:$Y$17,MATCH($B$2,Matches!$A$5:$A$17,0))="","",INDEX(Matches!$Y$5:$Y$17,MATCH($B$2,Matches!$A$5:$A$17,0))),"")="",""," · Map 3: "&IFERROR(IF(INDEX(Matches!$Y$5:$Y$17,MATCH($B$2,Matches!$A$5:$A$17,0))="","",INDEX(Matches!$Y$5:$Y$17,MATCH($B$2,Matches!$A$5:$A$17,0))),"")) -> Map 1: Dust2 · Map 2: Cache · Map 3: Ancient
B11: ="Rounds: "&TEXT(IFERROR(IF(INDEX(Matches!$Z$5:$Z$17,MATCH($B$2,Matches!$A$5:$A$17,0))="","",INDEX(Matches!$Z$5:$Z$17,MATCH($B$2,Matches!$A$5:$A$17,0))),""),"0.0")&" / "&TEXT(IFERROR(IF(INDEX(Matches!$AA$5:$AA$17,MATCH($B$2,Matches!$A$5:$A$17,0))="","",INDEX(Matches!$AA$5:$AA$17,MATCH($B$2,Matches!$A$5:$A$17,0))),""),"0.0")&IF(IFERROR(IF(INDEX(Matches!$AB$5:$AB$17,MATCH($B$2,Matches!$A$5:$A$17,0))="","",INDEX(Matches!$AB$5:$AB$17,MATCH($B$2,Matches!$A$5:$A$17,0))),"")="",""," / "&TEXT(IFERROR(IF(INDEX(Matches!$AB$5:$AB$17,MATCH($B$2,Matches!$A$5:$A$17,0))="","",INDEX(Matches!$AB$5:$AB$17,MATCH($B$2,Matches!$A$5:$A$17,0))),""),"0.0"))&" · P(map 3) "&TEXT(IFERROR(IF(INDEX(Matches!$AC$5:$AC$17,MATCH($B$2,Matches!$A$5:$A$17,0))="","",INDEX(Matches!$AC$5:$AC$17,MATCH($B$2,Matches!$A$5:$A$17,0))),""),"0%") -> Rounds: 21.5 / 21.5 / 21.5 · P(map 3) 0%
B12: ="Change maps or rounds on the Matches tab, row "&(MATCH($B$2,Matches!$A$5:$A$17,0)+4)&" (shaded cells)." -> Change maps or rounds on the Matches tab, row 5 (shaded cells).
A14: Team | B14: Player | C14: KPR M1 | D14: KPR M2 | E14: Kills M1 | F14: Kills M2 | G14: Kills 1-2 | H14: Diff mult | I14: Adj K 1-2 | J14: PP line | K14: P(over) | L14: Adj P(over) | M14: TP book | N14: PF L10 | O14: HS% 1-2 | P14: HS 1-2 | Q14: PP HS line | R14: P(over) HS | S14: Sample | T14: Flags | V14: row
A15: =IF($V15="","",INDEX(Calc!$D$2:$D$105,$V15)) -> RA | B15: =IF($V15="","",INDEX(Calc!$E$2:$E$105,$V15)) -> ChildKing | C15: =IF($V15="","",INDEX(Calc!$T$2:$T$105,$V15)) -> 0.81444444 | D15: =IF($V15="","",INDEX(Calc!$AA$2:$AA$105,$V15)) -> 0.8175 | E15: =IF($V15="","",INDEX(Calc!$V$2:$V$105,$V15)) -> 17.510556 | F15: =IF($V15="","",INDEX(Calc!$AC$2:$AC$105,$V15)) -> 17.57625 | G15: =IF($V15="","",INDEX(Calc!$AL$2:$AL$105,$V15)) -> 35.086806 | H15: =IF($V15="","",INDEX(Calc!$BK$2:$BK$105,$V15)) -> 1 | I15: =IF($V15="","",INDEX(Calc!$BD$2:$BD$105,$V15)) -> 35.086806 | J15: =IF($V15="","",IFERROR(INDEX(Projections!$F$2:$F$195,MATCH(INDEX(Calc!$A$2:$A$105,$V15)&"|K12",Projections!$Y$2:$Y$195,0)),"")) -> 32.5 | K15: =IF($V15="","",IFERROR(INDEX(Projections!$I$2:$I$195,MATCH(INDEX(Calc!$A$2:$A$105,$V15)&"|K12",Projections!$Y$2:$Y$195,0)),"")) -> 0.64396828 | L15: =IF($V15="","",IFERROR(INDEX(Projections!$AB$2:$AB$195,MATCH(INDEX(Calc!$A$2:$A$105,$V15)&"|K12",Projections!$Y$2:$Y$195,0)),"")) -> 0.64396828 | M15: =IF($V15="","",IFERROR(INDEX(Projections!$M$2:$M$195,MATCH(INDEX(Calc!$A$2:$A$105,$V15)&"|K12",Projections!$Y$2:$Y$195,0)),"")) -> 0 | N15: =IF($V15="","",IFERROR(INDEX(Projections!$P$2:$P$195,MATCH(INDEX(Calc!$A$2:$A$105,$V15)&"|K12",Projections!$Y$2:$Y$195,0)),"")) -> 0.5 | O15: =IF($V15="","",INDEX(Calc!$AP$2:$AP$105,$V15)) -> 0.63466455 | P15: =IF($V15="","",INDEX(Calc!$AN$2:$AN$105,$V15)) -> 22.268352 | Q15: =IF($V15="","",IFERROR(INDEX(Projections!$F$2:$F$195,MATCH(INDEX(Calc!$A$2:$A$105,$V15)&"|H12",Projections!$Y$2:$Y$195,0)),"")) -> 20.5 | R15: =IF($V15="","",IFERROR(INDEX(Projections!$I$2:$I$195,MATCH(INDEX(Calc!$A$2:$A$105,$V15)&"|H12",Projections!$Y$2:$Y$195,0)),"")) -> 0.63105784 | S15: =IF($V15="","",INDEX(Calc!$N$2:$N$105,$V15)) -> 39 | T15: =IF($V15="","",INDEX(Calc!$AQ$2:$AQ$105,$V15)) | V15: =IFERROR(MATCH(1,Calc!$AR$2:$AR$105,0),"") -> 2
A16: =IF($V16="","",INDEX(Calc!$D$2:$D$105,$V16)) -> RA | B16: =IF($V16="","",INDEX(Calc!$E$2:$E$105,$V16)) -> Kaze | C16: =IF($V16="","",INDEX(Calc!$T$2:$T$105,$V16)) -> 0.76421053 | D16: =IF($V16="","",INDEX(Calc!$AA$2:$AA$105,$V16)) -> 0.7 | E16: =IF($V16="","",INDEX(Calc!$V$2:$V$105,$V16)) -> 16.430526 | F16: =IF($V16="","",INDEX(Calc!$AC$2:$AC$105,$V16)) -> 15.05 | G16: =IF($V16="","",INDEX(Calc!$AL$2:$AL$105,$V16)) -> 31.480526 | H16: =IF($V16="","",INDEX(Calc!$BK$2:$BK$105,$V16)) -> 1 | I16: =IF($V16="","",INDEX(Calc!$BD$2:$BD$105,$V16)) -> 31.480526 | J16: =IF($V16="","",IFERROR(INDEX(Projections!$F$2:$F$195,MATCH(INDEX(Calc!$A$2:$A$105,$V16)&"|K12",Projections!$Y$2:$Y$195,0)),"")) -> 30.5 | K16: =IF($V16="","",IFERROR(INDEX(Projections!$I$2:$I$195,MATCH(INDEX(Calc!$A$2:$A$105,$V16)&"|K12",Projections!$Y$2:$Y$195,0)),"")) -> 0.5587094 | L16: =IF($V16="","",IFERROR(INDEX(Projections!$AB$2:$AB$195,MATCH(INDEX(Calc!$A$2:$A$105,$V16)&"|K12",Projections!$Y$2:$Y$195,0)),"")) -> 0.5587094 | M16: =IF($V16="","",IFERROR(INDEX(Projections!$M$2:$M$195,MATCH(INDEX(Calc!$A$2:$A$105,$V16)&"|K12",Projections!$Y$2:$Y$195,0)),"")) -> 0 | N16: =IF($V16="","",IFERROR(INDEX(Projections!$P$2:$P$195,MATCH(INDEX(Calc!$A$2:$A$105,$V16)&"|K12",Projections!$Y$2:$Y$195,0)),"")) -> 0.5 | O16: =IF($V16="","",INDEX(Calc!$AP$2:$AP$105,$V16)) -> 0.42617388 | P16: =IF($V16="","",INDEX(Calc!$AN$2:$AN$105,$V16)) -> 13.416178 | Q16: =IF($V16="","",IFERROR(INDEX(Projections!$F$2:$F$195,MATCH(INDEX(Calc!$A$2:$A$105,$V16)&"|H12",Projections!$Y$2:$Y$195,0)),"")) -> 10.5 | R16: =IF($V16="","",IFERROR(INDEX(Projections!$I$2:$I$195,MATCH(INDEX(Calc!$A$2:$A$105,$V16)&"|H12",Projections!$Y$2:$Y$195,0)),"")) -> 0.76910462 | S16: =IF($V16="","",INDEX(Calc!$N$2:$N$105,$V16)) -> 37 | T16: =IF($V16="","",INDEX(Calc!$AQ$2:$AQ$105,$V16)) | V16: =IFERROR(MATCH(2,Calc!$AR$2:$AR$105,0),"") -> 3
A17: =IF($V17="","",INDEX(Calc!$D$2:$D$105,$V17)) -> RA | B17: =IF($V17="","",INDEX(Calc!$E$2:$E$105,$V17)) -> L1haNg | C17: =IF($V17="","",INDEX(Calc!$T$2:$T$105,$V17)) -> 0.71 | D17: =IF($V17="","",INDEX(Calc!$AA$2:$AA$105,$V17)) -> 0.73333333 | E17: =IF($V17="","",INDEX(Calc!$V$2:$V$105,$V17)) -> 15.265 | F17: =IF($V17="","",INDEX(Calc!$AC$2:$AC$105,$V17)) -> 15.766667 | G17: =IF($V17="","",INDEX(Calc!$AL$2:$AL$105,$V17)) -> 31.031667 | H17: =IF($V17="","",INDEX(Calc!$BK$2:$BK$105,$V17)) -> 1 | I17: =IF($V17="","",INDEX(Calc!$BD$2:$BD$105,$V17)) -> 31.031667 | J17: =IF($V17="","",IFERROR(INDEX(Projections!$F$2:$F$195,MATCH(INDEX(Calc!$A$2:$A$105,$V17)&"|K12",Projections!$Y$2:$Y$195,0)),"")) -> 31.5 | K17: =IF($V17="","",IFERROR(INDEX(Projections!$I$2:$I$195,MATCH(INDEX(Calc!$A$2:$A$105,$V17)&"|K12",Projections!$Y$2:$Y$195,0)),"")) -> 0.47167739 | L17: =IF($V17="","",IFERROR(INDEX(Projections!$AB$2:$AB$195,MATCH(INDEX(Calc!$A$2:$A$105,$V17)&"|K12",Projections!$Y$2:$Y$195,0)),"")) -> 0.47167739 | M17: =IF($V17="","",IFERROR(INDEX(Projections!$M$2:$M$195,MATCH(INDEX(Calc!$A$2:$A$105,$V17)&"|K12",Projections!$Y$2:$Y$195,0)),"")) -> 0 | N17: =IF($V17="","",IFERROR(INDEX(Projections!$P$2:$P$195,MATCH(INDEX(Calc!$A$2:$A$105,$V17)&"|K12",Projections!$Y$2:$Y$195,0)),"")) -> 0.4 | O17: =IF($V17="","",INDEX(Calc!$AP$2:$AP$105,$V17)) -> 0.59125712 | P17: =IF($V17="","",INDEX(Calc!$AN$2:$AN$105,$V17)) -> 18.347694 | Q17: =IF($V17="","",IFERROR(INDEX(Projections!$F$2:$F$195,MATCH(INDEX(Calc!$A$2:$A$105,$V17)&"|H12",Projections!$Y$2:$Y$195,0)),"")) -> 17.5 | R17: =IF($V17="","",IFERROR(INDEX(Projections!$I$2:$I$195,MATCH(INDEX(Calc!$A$2:$A$105,$V17)&"|H12",Projections!$Y$2:$Y$195,0)),"")) -> 0.57062737 | S17: =IF($V17="","",INDEX(Calc!$N$2:$N$105,$V17)) -> 39 | T17: =IF($V17="","",INDEX(Calc!$AQ$2:$AQ$105,$V17)) | V17: =IFERROR(MATCH(3,Calc!$AR$2:$AR$105,0),"") -> 4
A18: =IF($V18="","",INDEX(Calc!$D$2:$D$105,$V18)) -> RA | B18: =IF($V18="","",INDEX(Calc!$E$2:$E$105,$V18)) -> 3gl | C18: =IF($V18="","",INDEX(Calc!$T$2:$T$105,$V18)) -> 0.59222222 | D18: =IF($V18="","",INDEX(Calc!$AA$2:$AA$105,$V18)) -> 0.685 | E18: =IF($V18="","",INDEX(Calc!$V$2:$V$105,$V18)) -> 12.732778 | F18: =IF($V18="","",INDEX(Calc!$AC$2:$AC$105,$V18)) -> 14.7275 | G18: =IF($V18="","",INDEX(Calc!$AL$2:$AL$105,$V18)) -> 27.460278 | H18: =IF($V18="","",INDEX(Calc!$BK$2:$BK$105,$V18)) -> 1 | I18: =IF($V18="","",INDEX(Calc!$BD$2:$BD$105,$V18)) -> 27.460278 | J18: =IF($V18="","",IFERROR(INDEX(Projections!$F$2:$F$195,MATCH(INDEX(Calc!$A$2:$A$105,$V18)&"|K12",Projections!$Y$2:$Y$195,0)),"")) -> 27 | K18: =IF($V18="","",IFERROR(INDEX(Projections!$I$2:$I$195,MATCH(INDEX(Calc!$A$2:$A$105,$V18)&"|K12",Projections!$Y$2:$Y$195,0)),"")) -> 0.49744422 | L18: =IF($V18="","",IFERROR(INDEX(Projections!$AB$2:$AB$195,MATCH(INDEX(Calc!$A$2:$A$105,$V18)&"|K12",Projections!$Y$2:$Y$195,0)),"")) -> 0.49744422 | M18: =IF($V18="","",IFERROR(INDEX(Projections!$M$2:$M$195,MATCH(INDEX(Calc!$A$2:$A$105,$V18)&"|K12",Projections!$Y$2:$Y$195,0)),"")) -> 0 | N18: =IF($V18="","",IFERROR(INDEX(Projections!$P$2:$P$195,MATCH(INDEX(Calc!$A$2:$A$105,$V18)&"|K12",Projections!$Y$2:$Y$195,0)),"")) -> 0.5 | O18: =IF($V18="","",INDEX(Calc!$AP$2:$AP$105,$V18)) -> 0.44639051 | P18: =IF($V18="","",INDEX(Calc!$AN$2:$AN$105,$V18)) -> 12.258007 | Q18: =IF($V18="","",IFERROR(INDEX(Projections!$F$2:$F$195,MATCH(INDEX(Calc!$A$2:$A$105,$V18)&"|H12",Projections!$Y$2:$Y$195,0)),"")) | R18: =IF($V18="","",IFERROR(INDEX(Projections!$I$2:$I$195,MATCH(INDEX(Calc!$A$2:$A$105,$V18)&"|H12",Projections!$Y$2:$Y$195,0)),"")) | S18: =IF($V18="","",INDEX(Calc!$N$2:$N$105,$V18)) -> 39 | T18: =IF($V18="","",INDEX(Calc!$AQ$2:$AQ$105,$V18)) | V18: =IFERROR(MATCH(4,Calc!$AR$2:$AR$105,0),"") -> 1
A19: =IF($V19="","",INDEX(Calc!$D$2:$D$105,$V19)) -> RA | B19: =IF($V19="","",INDEX(Calc!$E$2:$E$105,$V19)) -> Summer | C19: =IF($V19="","",INDEX(Calc!$T$2:$T$105,$V19)) -> 0.61166667 | D19: =IF($V19="","",INDEX(Calc!$AA$2:$AA$105,$V19)) -> 0.63083333 | E19: =IF($V19="","",INDEX(Calc!$V$2:$V$105,$V19)) -> 13.150833 | F19: =IF($V19="","",INDEX(Calc!$AC$2:$AC$105,$V19)) -> 13.562917 | G19: =IF($V19="","",INDEX(Calc!$AL$2:$AL$105,$V19)) -> 26.71375 | H19: =IF($V19="","",INDEX(Calc!$BK$2:$BK$105,$V19)) -> 1 | I19: =IF($V19="","",INDEX(Calc!$BD$2:$BD$105,$V19)) -> 26.71375 | J19: =IF($V19="","",IFERROR(INDEX(Projections!$F$2:$F$195,MATCH(INDEX(Calc!$A$2:$A$105,$V19)&"|K12",Projections!$Y$2:$Y$195,0)),"")) -> 27 | K19: =IF($V19="","",IFERROR(INDEX(Projections!$I$2:$I$195,MATCH(INDEX(Calc!$A$2:$A$105,$V19)&"|K12",Projections!$Y$2:$Y$195,0)),"")) -> 0.44885017 | L19: =IF($V19="","",IFERROR(INDEX(Projections!$AB$2:$AB$195,MATCH(INDEX(Calc!$A$2:$A$105,$V19)&"|K12",Projections!$Y$2:$Y$195,0)),"")) -> 0.44885017 | M19: =IF($V19="","",IFERROR(INDEX(Projections!$M$2:$M$195,MATCH(INDEX(Calc!$A$2:$A$105,$V19)&"|K12",Projections!$Y$2:$Y$195,0)),"")) -> 0 | N19: =IF($V19="","",IFERROR(INDEX(Projections!$P$2:$P$195,MATCH(INDEX(Calc!$A$2:$A$105,$V19)&"|K12",Projections!$Y$2:$Y$195,0)),"")) -> 0.4 | O19: =IF($V19="","",INDEX(Calc!$AP$2:$AP$105,$V19)) -> 0.62653018 | P19: =IF($V19="","",INDEX(Calc!$AN$2:$AN$105,$V19)) -> 16.736971 | Q19: =IF($V19="","",IFERROR(INDEX(Projections!$F$2:$F$195,MATCH(INDEX(Calc!$A$2:$A$105,$V19)&"|H12",Projections!$Y$2:$Y$195,0)),"")) -> 15.5 | R19: =IF($V19="","",IFERROR(INDEX(Projections!$I$2:$I$195,MATCH(INDEX(Calc!$A$2:$A$105,$V19)&"|H12",Projections!$Y$2:$Y$195,0)),"")) -> 0.60656247 | S19: =IF($V19="","",INDEX(Calc!$N$2:$N$105,$V19)) -> 39 | T19: =IF($V19="","",INDEX(Calc!$AQ$2:$AQ$105,$V19)) | V19: =IFERROR(MATCH(5,Calc!$AR$2:$AR$105,0),"") -> 5
A20: =IF($V20="","",INDEX(Calc!$D$2:$D$105,$V20)) | B20: =IF($V20="","",INDEX(Calc!$E$2:$E$105,$V20)) | C20: =IF($V20="","",INDEX(Calc!$T$2:$T$105,$V20)) | D20: =IF($V20="","",INDEX(Calc!$AA$2:$AA$105,$V20)) | E20: =IF($V20="","",INDEX(Calc!$V$2:$V$105,$V20)) | F20: =IF($V20="","",INDEX(Calc!$AC$2:$AC$105,$V20)) | G20: =IF($V20="","",INDEX(Calc!$AL$2:$AL$105,$V20)) | H20: =IF($V20="","",INDEX(Calc!$BK$2:$BK$105,$V20)) | I20: =IF($V20="","",INDEX(Calc!$BD$2:$BD$105,$V20)) | J20: =IF($V20="","",IFERROR(INDEX(Projections!$F$2:$F$195,MATCH(INDEX(Calc!$A$2:$A$105,$V20)&"|K12",Projections!$Y$2:$Y$195,0)),"")) | K20: =IF($V20="","",IFERROR(INDEX(Projections!$I$2:$I$195,MATCH(INDEX(Calc!$A$2:$A$105,$V20)&"|K12",Projections!$Y$2:$Y$195,0)),"")) | L20: =IF($V20="","",IFERROR(INDEX(Projections!$AB$2:$AB$195,MATCH(INDEX(Calc!$A$2:$A$105,$V20)&"|K12",Projections!$Y$2:$Y$195,0)),"")) | M20: =IF($V20="","",IFERROR(INDEX(Projections!$M$2:$M$195,MATCH(INDEX(Calc!$A$2:$A$105,$V20)&"|K12",Projections!$Y$2:$Y$195,0)),"")) | N20: =IF($V20="","",IFERROR(INDEX(Projections!$P$2:$P$195,MATCH(INDEX(Calc!$A$2:$A$105,$V20)&"|K12",Projections!$Y$2:$Y$195,0)),"")) | O20: =IF($V20="","",INDEX(Calc!$AP$2:$AP$105,$V20)) | P20: =IF($V20="","",INDEX(Calc!$AN$2:$AN$105,$V20)) | Q20: =IF($V20="","",IFERROR(INDEX(Projections!$F$2:$F$195,MATCH(INDEX(Calc!$A$2:$A$105,$V20)&"|H12",Projections!$Y$2:$Y$195,0)),"")) | R20: =IF($V20="","",IFERROR(INDEX(Projections!$I$2:$I$195,MATCH(INDEX(Calc!$A$2:$A$105,$V20)&"|H12",Projections!$Y$2:$Y$195,0)),"")) | S20: =IF($V20="","",INDEX(Calc!$N$2:$N$105,$V20)) | T20: =IF($V20="","",INDEX(Calc!$AQ$2:$AQ$105,$V20)) | V20: =IFERROR(MATCH(6,Calc!$AR$2:$AR$105,0),"")
A21: =IF($V21="","",INDEX(Calc!$D$2:$D$105,$V21)) | B21: =IF($V21="","",INDEX(Calc!$E$2:$E$105,$V21)) | C21: =IF($V21="","",INDEX(Calc!$T$2:$T$105,$V21)) | D21: =IF($V21="","",INDEX(Calc!$AA$2:$AA$105,$V21)) | E21: =IF($V21="","",INDEX(Calc!$V$2:$V$105,$V21)) | F21: =IF($V21="","",INDEX(Calc!$AC$2:$AC$105,$V21)) | G21: =IF($V21="","",INDEX(Calc!$AL$2:$AL$105,$V21)) | H21: =IF($V21="","",INDEX(Calc!$BK$2:$BK$105,$V21)) | I21: =IF($V21="","",INDEX(Calc!$BD$2:$BD$105,$V21)) | J21: =IF($V21="","",IFERROR(INDEX(Projections!$F$2:$F$195,MATCH(INDEX(Calc!$A$2:$A$105,$V21)&"|K12",Projections!$Y$2:$Y$195,0)),"")) | K21: =IF($V21="","",IFERROR(INDEX(Projections!$I$2:$I$195,MATCH(INDEX(Calc!$A$2:$A$105,$V21)&"|K12",Projections!$Y$2:$Y$195,0)),"")) | L21: =IF($V21="","",IFERROR(INDEX(Projections!$AB$2:$AB$195,MATCH(INDEX(Calc!$A$2:$A$105,$V21)&"|K12",Projections!$Y$2:$Y$195,0)),"")) | M21: =IF($V21="","",IFERROR(INDEX(Projections!$M$2:$M$195,MATCH(INDEX(Calc!$A$2:$A$105,$V21)&"|K12",Projections!$Y$2:$Y$195,0)),"")) | N21: =IF($V21="","",IFERROR(INDEX(Projections!$P$2:$P$195,MATCH(INDEX(Calc!$A$2:$A$105,$V21)&"|K12",Projections!$Y$2:$Y$195,0)),"")) | O21: =IF($V21="","",INDEX(Calc!$AP$2:$AP$105,$V21)) | P21: =IF($V21="","",INDEX(Calc!$AN$2:$AN$105,$V21)) | Q21: =IF($V21="","",IFERROR(INDEX(Projections!$F$2:$F$195,MATCH(INDEX(Calc!$A$2:$A$105,$V21)&"|H12",Projections!$Y$2:$Y$195,0)),"")) | R21: =IF($V21="","",IFERROR(INDEX(Projections!$I$2:$I$195,MATCH(INDEX(Calc!$A$2:$A$105,$V21)&"|H12",Projections!$Y$2:$Y$195,0)),"")) | S21: =IF($V21="","",INDEX(Calc!$N$2:$N$105,$V21)) | T21: =IF($V21="","",INDEX(Calc!$AQ$2:$AQ$105,$V21)) | V21: =IFERROR(MATCH(7,Calc!$AR$2:$AR$105,0),"")
A22: =IF($V22="","",INDEX(Calc!$D$2:$D$105,$V22)) | B22: =IF($V22="","",INDEX(Calc!$E$2:$E$105,$V22)) | C22: =IF($V22="","",INDEX(Calc!$T$2:$T$105,$V22)) | D22: =IF($V22="","",INDEX(Calc!$AA$2:$AA$105,$V22)) | E22: =IF($V22="","",INDEX(Calc!$V$2:$V$105,$V22)) | F22: =IF($V22="","",INDEX(Calc!$AC$2:$AC$105,$V22)) | G22: =IF($V22="","",INDEX(Calc!$AL$2:$AL$105,$V22)) | H22: =IF($V22="","",INDEX(Calc!$BK$2:$BK$105,$V22)) | I22: =IF($V22="","",INDEX(Calc!$BD$2:$BD$105,$V22)) | J22: =IF($V22="","",IFERROR(INDEX(Projections!$F$2:$F$195,MATCH(INDEX(Calc!$A$2:$A$105,$V22)&"|K12",Projections!$Y$2:$Y$195,0)),"")) | K22: =IF($V22="","",IFERROR(INDEX(Projections!$I$2:$I$195,MATCH(INDEX(Calc!$A$2:$A$105,$V22)&"|K12",Projections!$Y$2:$Y$195,0)),"")) | L22: =IF($V22="","",IFERROR(INDEX(Projections!$AB$2:$AB$195,MATCH(INDEX(Calc!$A$2:$A$105,$V22)&"|K12",Projections!$Y$2:$Y$195,0)),"")) | M22: =IF($V22="","",IFERROR(INDEX(Projections!$M$2:$M$195,MATCH(INDEX(Calc!$A$2:$A$105,$V22)&"|K12",Projections!$Y$2:$Y$195,0)),"")) | N22: =IF($V22="","",IFERROR(INDEX(Projections!$P$2:$P$195,MATCH(INDEX(Calc!$A$2:$A$105,$V22)&"|K12",Projections!$Y$2:$Y$195,0)),"")) | O22: =IF($V22="","",INDEX(Calc!$AP$2:$AP$105,$V22)) | P22: =IF($V22="","",INDEX(Calc!$AN$2:$AN$105,$V22)) | Q22: =IF($V22="","",IFERROR(INDEX(Projections!$F$2:$F$195,MATCH(INDEX(Calc!$A$2:$A$105,$V22)&"|H12",Projections!$Y$2:$Y$195,0)),"")) | R22: =IF($V22="","",IFERROR(INDEX(Projections!$I$2:$I$195,MATCH(INDEX(Calc!$A$2:$A$105,$V22)&"|H12",Projections!$Y$2:$Y$195,0)),"")) | S22: =IF($V22="","",INDEX(Calc!$N$2:$N$105,$V22)) | T22: =IF($V22="","",INDEX(Calc!$AQ$2:$AQ$105,$V22)) | V22: =IFERROR(MATCH(8,Calc!$AR$2:$AR$105,0),"")
A23: =IF($V23="","",INDEX(Calc!$D$2:$D$105,$V23)) | B23: =IF($V23="","",INDEX(Calc!$E$2:$E$105,$V23)) | C23: =IF($V23="","",INDEX(Calc!$T$2:$T$105,$V23)) | D23: =IF($V23="","",INDEX(Calc!$AA$2:$AA$105,$V23)) | E23: =IF($V23="","",INDEX(Calc!$V$2:$V$105,$V23)) | F23: =IF($V23="","",INDEX(Calc!$AC$2:$AC$105,$V23)) | G23: =IF($V23="","",INDEX(Calc!$AL$2:$AL$105,$V23)) | H23: =IF($V23="","",INDEX(Calc!$BK$2:$BK$105,$V23)) | I23: =IF($V23="","",INDEX(Calc!$BD$2:$BD$105,$V23)) | J23: =IF($V23="","",IFERROR(INDEX(Projections!$F$2:$F$195,MATCH(INDEX(Calc!$A$2:$A$105,$V23)&"|K12",Projections!$Y$2:$Y$195,0)),"")) | K23: =IF($V23="","",IFERROR(INDEX(Projections!$I$2:$I$195,MATCH(INDEX(Calc!$A$2:$A$105,$V23)&"|K12",Projections!$Y$2:$Y$195,0)),"")) | L23: =IF($V23="","",IFERROR(INDEX(Projections!$AB$2:$AB$195,MATCH(INDEX(Calc!$A$2:$A$105,$V23)&"|K12",Projections!$Y$2:$Y$195,0)),"")) | M23: =IF($V23="","",IFERROR(INDEX(Projections!$M$2:$M$195,MATCH(INDEX(Calc!$A$2:$A$105,$V23)&"|K12",Projections!$Y$2:$Y$195,0)),"")) | N23: =IF($V23="","",IFERROR(INDEX(Projections!$P$2:$P$195,MATCH(INDEX(Calc!$A$2:$A$105,$V23)&"|K12",Projections!$Y$2:$Y$195,0)),"")) | O23: =IF($V23="","",INDEX(Calc!$AP$2:$AP$105,$V23)) | P23: =IF($V23="","",INDEX(Calc!$AN$2:$AN$105,$V23)) | Q23: =IF($V23="","",IFERROR(INDEX(Projections!$F$2:$F$195,MATCH(INDEX(Calc!$A$2:$A$105,$V23)&"|H12",Projections!$Y$2:$Y$195,0)),"")) | R23: =IF($V23="","",IFERROR(INDEX(Projections!$I$2:$I$195,MATCH(INDEX(Calc!$A$2:$A$105,$V23)&"|H12",Projections!$Y$2:$Y$195,0)),"")) | S23: =IF($V23="","",INDEX(Calc!$N$2:$N$105,$V23)) | T23: =IF($V23="","",INDEX(Calc!$AQ$2:$AQ$105,$V23)) | V23: =IFERROR(MATCH(9,Calc!$AR$2:$AR$105,0),"")
A24: =IF($V24="","",INDEX(Calc!$D$2:$D$105,$V24)) | B24: =IF($V24="","",INDEX(Calc!$E$2:$E$105,$V24)) | C24: =IF($V24="","",INDEX(Calc!$T$2:$T$105,$V24)) | D24: =IF($V24="","",INDEX(Calc!$AA$2:$AA$105,$V24)) | E24: =IF($V24="","",INDEX(Calc!$V$2:$V$105,$V24)) | F24: =IF($V24="","",INDEX(Calc!$AC$2:$AC$105,$V24)) | G24: =IF($V24="","",INDEX(Calc!$AL$2:$AL$105,$V24)) | H24: =IF($V24="","",INDEX(Calc!$BK$2:$BK$105,$V24)) | I24: =IF($V24="","",INDEX(Calc!$BD$2:$BD$105,$V24)) | J24: =IF($V24="","",IFERROR(INDEX(Projections!$F$2:$F$195,MATCH(INDEX(Calc!$A$2:$A$105,$V24)&"|K12",Projections!$Y$2:$Y$195,0)),"")) | K24: =IF($V24="","",IFERROR(INDEX(Projections!$I$2:$I$195,MATCH(INDEX(Calc!$A$2:$A$105,$V24)&"|K12",Projections!$Y$2:$Y$195,0)),"")) | L24: =IF($V24="","",IFERROR(INDEX(Projections!$AB$2:$AB$195,MATCH(INDEX(Calc!$A$2:$A$105,$V24)&"|K12",Projections!$Y$2:$Y$195,0)),"")) | M24: =IF($V24="","",IFERROR(INDEX(Projections!$M$2:$M$195,MATCH(INDEX(Calc!$A$2:$A$105,$V24)&"|K12",Projections!$Y$2:$Y$195,0)),"")) | N24: =IF($V24="","",IFERROR(INDEX(Projections!$P$2:$P$195,MATCH(INDEX(Calc!$A$2:$A$105,$V24)&"|K12",Projections!$Y$2:$Y$195,0)),"")) | O24: =IF($V24="","",INDEX(Calc!$AP$2:$AP$105,$V24)) | P24: =IF($V24="","",INDEX(Calc!$AN$2:$AN$105,$V24)) | Q24: =IF($V24="","",IFERROR(INDEX(Projections!$F$2:$F$195,MATCH(INDEX(Calc!$A$2:$A$105,$V24)&"|H12",Projections!$Y$2:$Y$195,0)),"")) | R24: =IF($V24="","",IFERROR(INDEX(Projections!$I$2:$I$195,MATCH(INDEX(Calc!$A$2:$A$105,$V24)&"|H12",Projections!$Y$2:$Y$195,0)),"")) | S24: =IF($V24="","",INDEX(Calc!$N$2:$N$105,$V24)) | T24: =IF($V24="","",INDEX(Calc!$AQ$2:$AQ$105,$V24)) | V24: =IFERROR(MATCH(10,Calc!$AR$2:$AR$105,0),"")
A25: =IF($V25="","",INDEX(Calc!$D$2:$D$105,$V25)) | B25: =IF($V25="","",INDEX(Calc!$E$2:$E$105,$V25)) | C25: =IF($V25="","",INDEX(Calc!$T$2:$T$105,$V25)) | D25: =IF($V25="","",INDEX(Calc!$AA$2:$AA$105,$V25)) | E25: =IF($V25="","",INDEX(Calc!$V$2:$V$105,$V25)) | F25: =IF($V25="","",INDEX(Calc!$AC$2:$AC$105,$V25)) | G25: =IF($V25="","",INDEX(Calc!$AL$2:$AL$105,$V25)) | H25: =IF($V25="","",INDEX(Calc!$BK$2:$BK$105,$V25)) | I25: =IF($V25="","",INDEX(Calc!$BD$2:$BD$105,$V25)) | J25: =IF($V25="","",IFERROR(INDEX(Projections!$F$2:$F$195,MATCH(INDEX(Calc!$A$2:$A$105,$V25)&"|K12",Projections!$Y$2:$Y$195,0)),"")) | K25: =IF($V25="","",IFERROR(INDEX(Projections!$I$2:$I$195,MATCH(INDEX(Calc!$A$2:$A$105,$V25)&"|K12",Projections!$Y$2:$Y$195,0)),"")) | L25: =IF($V25="","",IFERROR(INDEX(Projections!$AB$2:$AB$195,MATCH(INDEX(Calc!$A$2:$A$105,$V25)&"|K12",Projections!$Y$2:$Y$195,0)),"")) | M25: =IF($V25="","",IFERROR(INDEX(Projections!$M$2:$M$195,MATCH(INDEX(Calc!$A$2:$A$105,$V25)&"|K12",Projections!$Y$2:$Y$195,0)),"")) | N25: =IF($V25="","",IFERROR(INDEX(Projections!$P$2:$P$195,MATCH(INDEX(Calc!$A$2:$A$105,$V25)&"|K12",Projections!$Y$2:$Y$195,0)),"")) | O25: =IF($V25="","",INDEX(Calc!$AP$2:$AP$105,$V25)) | P25: =IF($V25="","",INDEX(Calc!$AN$2:$AN$105,$V25)) | Q25: =IF($V25="","",IFERROR(INDEX(Projections!$F$2:$F$195,MATCH(INDEX(Calc!$A$2:$A$105,$V25)&"|H12",Projections!$Y$2:$Y$195,0)),"")) | R25: =IF($V25="","",IFERROR(INDEX(Projections!$I$2:$I$195,MATCH(INDEX(Calc!$A$2:$A$105,$V25)&"|H12",Projections!$Y$2:$Y$195,0)),"")) | S25: =IF($V25="","",INDEX(Calc!$N$2:$N$105,$V25)) | T25: =IF($V25="","",INDEX(Calc!$AQ$2:$AQ$105,$V25)) | V25: =IFERROR(MATCH(11,Calc!$AR$2:$AR$105,0),"")
A26: =IF($V26="","",INDEX(Calc!$D$2:$D$105,$V26)) | B26: =IF($V26="","",INDEX(Calc!$E$2:$E$105,$V26)) | C26: =IF($V26="","",INDEX(Calc!$T$2:$T$105,$V26)) | D26: =IF($V26="","",INDEX(Calc!$AA$2:$AA$105,$V26)) | E26: =IF($V26="","",INDEX(Calc!$V$2:$V$105,$V26)) | F26: =IF($V26="","",INDEX(Calc!$AC$2:$AC$105,$V26)) | G26: =IF($V26="","",INDEX(Calc!$AL$2:$AL$105,$V26)) | H26: =IF($V26="","",INDEX(Calc!$BK$2:$BK$105,$V26)) | I26: =IF($V26="","",INDEX(Calc!$BD$2:$BD$105,$V26)) | J26: =IF($V26="","",IFERROR(INDEX(Projections!$F$2:$F$195,MATCH(INDEX(Calc!$A$2:$A$105,$V26)&"|K12",Projections!$Y$2:$Y$195,0)),"")) | K26: =IF($V26="","",IFERROR(INDEX(Projections!$I$2:$I$195,MATCH(INDEX(Calc!$A$2:$A$105,$V26)&"|K12",Projections!$Y$2:$Y$195,0)),"")) | L26: =IF($V26="","",IFERROR(INDEX(Projections!$AB$2:$AB$195,MATCH(INDEX(Calc!$A$2:$A$105,$V26)&"|K12",Projections!$Y$2:$Y$195,0)),"")) | M26: =IF($V26="","",IFERROR(INDEX(Projections!$M$2:$M$195,MATCH(INDEX(Calc!$A$2:$A$105,$V26)&"|K12",Projections!$Y$2:$Y$195,0)),"")) | N26: =IF($V26="","",IFERROR(INDEX(Projections!$P$2:$P$195,MATCH(INDEX(Calc!$A$2:$A$105,$V26)&"|K12",Projections!$Y$2:$Y$195,0)),"")) | O26: =IF($V26="","",INDEX(Calc!$AP$2:$AP$105,$V26)) | P26: =IF($V26="","",INDEX(Calc!$AN$2:$AN$105,$V26)) | Q26: =IF($V26="","",IFERROR(INDEX(Projections!$F$2:$F$195,MATCH(INDEX(Calc!$A$2:$A$105,$V26)&"|H12",Projections!$Y$2:$Y$195,0)),"")) | R26: =IF($V26="","",IFERROR(INDEX(Projections!$I$2:$I$195,MATCH(INDEX(Calc!$A$2:$A$105,$V26)&"|H12",Projections!$Y$2:$Y$195,0)),"")) | S26: =IF($V26="","",INDEX(Calc!$N$2:$N$105,$V26)) | T26: =IF($V26="","",INDEX(Calc!$AQ$2:$AQ$105,$V26)) | V26: =IFERROR(MATCH(12,Calc!$AR$2:$AR$105,0),"")
A28: Kills = Σ over the chosen maps of (per-map KPR, shrunk toward the player's overall KPR by SHRINK_MAPS) × rounds. HS = kills × per-map HS%, shrunk the same way. P(over) is a normal approximation with variance = KILLS_DISPERSION × projection.
A29: Adj = the round-differential layer (CS2): each map's kills × (a·s + b·(1−s)) ÷ (a·s_hist + b·(1−s_hist)), s = the team's expected round share on that map from HLTV conditional margins and Thunderpick map odds, s_hist = its round share over HLTV's 3-month sample. PAPER: neither column has a forward record.

Sheet Matches
A1: Matches — pick the maps and rounds for every match in the shaded columns
A2: Prefilled: maps from PickFinder Map Picks (#1, #2, #3), rounds from Thunderpick "Total Rounds - Map k" (devigged 50% crossing). Overwrite any shaded cell; Calc, Projections and Board follow instantly.
A4: Match | B4: Title | C4: Start (CT) | D4: Bo | E4: Team A | F4: Team B | G4: P(A wins) | H4: P(A 2-0) | I4: P(B 2-0) | J4: P(3 maps) | K4: Map pick #1 | L4: Map pick #2 | M4: Map pick #3 | N4: Picks from | O4: TP rounds M1 | P4: TP rounds M2 | Q4: TP rounds M3 | R4: P(OT) M1 | S4: A margin M1 | T4: A rounds M1 | U4: B rounds M1 | V4: TP markets | W4: Map 1 | X4: Map 2 | Y4: Map 3 | Z4: Rounds M1 | AA4: Rounds M2 | AB4: Rounds M3 | AC4: P(map 3) used | AD4: Tag A | AE4: Tag B | AF4: P(A map 1) | AG4: P(A map 2) | AH4: P(A map 3) | AI4: A hist share | AJ4: B hist share | AK4: HLTV cA M1 | AL4: HLTV cB M1 | AM4: HLTV src M1 | AN4: HLTV rounds M1 | AO4: HLTV A margin M1 | AP4: HLTV A share M1 | AQ4: HLTV cA M2 | AR4: HLTV cB M2 | AS4: HLTV src M2 | AT4: HLTV rounds M2 | AU4: HLTV A margin M2 | AV4: HLTV A share M2 | AW4: HLTV cA M3 | AX4: HLTV cB M3 | AY4: HLTV src M3 | AZ4: HLTV rounds M3 | BA4: HLTV A margin M3 | BB4: HLTV A share M3
A5: CS2 [NO MARKET] · AE vs RA | B5: CS2 | C5: Tue 00:00 | D5: 3 | E5: AE (AE) | F5: RA (RA) | K5: Dust2 53% | L5: Cache 26% | M5: Ancient 6% | N5: PF Map Picks | V5: 0 | W5: Dust2 | X5: Cache | Y5: Ancient | Z5: =Config!$B$7 -> 21.5 | AA5: =Config!$B$7 -> 21.5 | AB5: =Config!$B$7 -> 21.5 | AC5: 0 | AD5: AE | AE5: RA | AI5: =IFERROR(INDEX(HLTV_Teams!$N$2:$N$25,MATCH($A5&"|A",HLTV_Teams!$A$2:$A$25,0)),"") -> 0.56289828 | AJ5: =IFERROR(INDEX(HLTV_Teams!$N$2:$N$25,MATCH($A5&"|B",HLTV_Teams!$A$2:$A$25,0)),"") -> 0.54083384 | AK5: =IF($W5="","",IFERROR((SUMIFS(HLTV_Long!$B$2:$B$337,HLTV_Long!$A$2:$A$337,$A5&"|A|"&$W5&"|lw")+SUMIFS(HLTV_Long!$B$2:$B$337,HLTV_Long!$A$2:$A$337,$A5&"|B|"&$W5&"|wl"))/(COUNTIFS(HLTV_Long!$A$2:$A$337,$A5&"|A|"&$W5&"|lw")+COUNTIFS(HLTV_Long!$A$2:$A$337,$A5&"|B|"&$W5&"|wl")),IFERROR((SUMIFS(HLTV_Long!$B$2:$B$337,HLTV_Long!$A$2:$A$337,$A5&"|A|"&"ALL"&"|lw")+SUMIFS(HLTV_Long!$B$2:$B$337,HLTV_Long!$A$2:$A$337,$A5&"|B|"&"ALL"&"|wl"))/(COUNTIFS(HLTV_Long!$A$2:$A$337,$A5&"|A|"&"ALL"&"|lw")+COUNTIFS(HLTV_Long!$A$2:$A$337,$A5&"|B|"&"ALL"&"|wl")),""))) -> 7.89 | AL5: =IF($W5="","",IFERROR((SUMIFS(HLTV_Long!$B$2:$B$337,HLTV_Long!$A$2:$A$337,$A5&"|B|"&$W5&"|lw")+SUMIFS(HLTV_Long!$B$2:$B$337,HLTV_Long!$A$2:$A$337,$A5&"|A|"&$W5&"|wl"))/(COUNTIFS(HLTV_Long!$A$2:$A$337,$A5&"|B|"&$W5&"|lw")+COUNTIFS(HLTV_Long!$A$2:$A$337,$A5&"|A|"&$W5&"|wl")),IFERROR((SUMIFS(HLTV_Long!$B$2:$B$337,HLTV_Long!$A$2:$A$337,$A5&"|B|"&"ALL"&"|lw")+SUMIFS(HLTV_Long!$B$2:$B$337,HLTV_Long!$A$2:$A$337,$A5&"|A|"&"ALL"&"|wl"))/(COUNTIFS(HLTV_Long!$A$2:$A$337,$A5&"|B|"&"ALL"&"|lw")+COUNTIFS(HLTV_Long!$A$2:$A$337,$A5&"|A|"&"ALL"&"|wl")),""))) -> 8.23 | AM5: =IF($W5="","",COUNTIFS(HLTV_Long!$A$2:$A$337,$A5&"|A|"&$W5&"|lw")+COUNTIFS(HLTV_Long!$A$2:$A$337,$A5&"|B|"&$W5&"|wl")+COUNTIFS(HLTV_Long!$A$2:$A$337,$A5&"|B|"&$W5&"|lw")+COUNTIFS(HLTV_Long!$A$2:$A$337,$A5&"|A|"&$W5&"|wl")) -> 4 | AN5: =IF(OR($AK5="",$AL5="",$AF5=""),"",13+$AF5*$AK5+(1-$AF5)*$AL5) | AO5: =IF($AN5="","",$AF5*(13-$AK5)-(1-$AF5)*(13-$AL5)) | AP5: =IF($AN5="","",($AF5*13+(1-$AF5)*$AL5)/$AN5) | AQ5: =IF($X5="","",IFERROR((SUMIFS(HLTV_Long!$B$2:$B$337,HLTV_Long!$A$2:$A$337,$A5&"|A|"&$X5&"|lw")+SUMIFS(HLTV_Long!$B$2:$B$337,HLTV_Long!$A$2:$A$337,$A5&"|B|"&$X5&"|wl"))/(COUNTIFS(HLTV_Long!$A$2:$A$337,$A5&"|A|"&$X5&"|lw")+COUNTIFS(HLTV_Long!$A$2:$A$337,$A5&"|B|"&$X5&"|wl")),IFERROR((SUMIFS(HLTV_Long!$B$2:$B$337,HLTV_Long!$A$2:$A$337,$A5&"|A|"&"ALL"&"|lw")+SUMIFS(HLTV_Long!$B$2:$B$337,HLTV_Long!$A$2:$A$337,$A5&"|B|"&"ALL"&"|wl"))/(COUNTIFS(HLTV_Long!$A$2:$A$337,$A5&"|A|"&"ALL"&"|lw")+COUNTIFS(HLTV_Long!$A$2:$A$337,$A5&"|B|"&"ALL"&"|wl")),""))) -> 8.915 | AR5: =IF($X5="","",IFERROR((SUMIFS(HLTV_Long!$B$2:$B$337,HLTV_Long!$A$2:$A$337,$A5&"|B|"&$X5&"|lw")+SUMIFS(HLTV_Long!$B$2:$B$337,HLTV_Long!$A$2:$A$337,$A5&"|A|"&$X5&"|wl"))/(COUNTIFS(HLTV_Long!$A$2:$A$337,$A5&"|B|"&$X5&"|lw")+COUNTIFS(HLTV_Long!$A$2:$A$337,$A5&"|A|"&$X5&"|wl")),IFERROR((SUMIFS(HLTV_Long!$B$2:$B$337,HLTV_Long!$A$2:$A$337,$A5&"|B|"&"ALL"&"|lw")+SUMIFS(HLTV_Long!$B$2:$B$337,HLTV_Long!$A$2:$A$337,$A5&"|A|"&"ALL"&"|wl"))/(COUNTIFS(HLTV_Long!$A$2:$A$337,$A5&"|B|"&"ALL"&"|lw")+COUNTIFS(HLTV_Long!$A$2:$A$337,$A5&"|A|"&"ALL"&"|wl")),""))) -> 8.4 | AS5: =IF($X5="","",COUNTIFS(HLTV_Long!$A$2:$A$337,$A5&"|A|"&$X5&"|lw")+COUNTIFS(HLTV_Long!$A$2:$A$337,$A5&"|B|"&$X5&"|wl")+COUNTIFS(HLTV_Long!$A$2:$A$337,$A5&"|B|"&$X5&"|lw")+COUNTIFS(HLTV_Long!$A$2:$A$337,$A5&"|A|"&$X5&"|wl")) -> 4 | AT5: =IF(OR($AQ5="",$AR5="",$AG5=""),"",13+$AG5*$AQ5+(1-$AG5)*$AR5) | AU5: =IF($AT5="","",$AG5*(13-$AQ5)-(1-$AG5)*(13-$AR5)) | AV5: =IF($AT5="","",($AG5*13+(1-$AG5)*$AR5)/$AT5) | AW5: =IF($Y5="","",IFERROR((SUMIFS(HLTV_Long!$B$2:$B$337,HLTV_Long!$A$2:$A$337,$A5&"|A|"&$Y5&"|lw")+SUMIFS(HLTV_Long!$B$2:$B$337,HLTV_Long!$A$2:$A$337,$A5&"|B|"&$Y5&"|wl"))/(COUNTIFS(HLTV_Long!$A$2:$A$337,$A5&"|A|"&$Y5&"|lw")+COUNTIFS(HLTV_Long!$A$2:$A$337,$A5&"|B|"&$Y5&"|wl")),IFERROR((SUMIFS(HLTV_Long!$B$2:$B$337,HLTV_Long!$A$2:$A$337,$A5&"|A|"&"ALL"&"|lw")+SUMIFS(HLTV_Long!$B$2:$B$337,HLTV_Long!$A$2:$A$337,$A5&"|B|"&"ALL"&"|wl"))/(COUNTIFS(HLTV_Long!$A$2:$A$337,$A5&"|A|"&"ALL"&"|lw")+COUNTIFS(HLTV_Long!$A$2:$A$337,$A5&"|B|"&"ALL"&"|wl")),""))) -> 6.95 | AX5: =IF($Y5="","",IFERROR((SUMIFS(HLTV_Long!$B$2:$B$337,HLTV_Long!$A$2:$A$337,$A5&"|B|"&$Y5&"|lw")+SUMIFS(HLTV_Long!$B$2:$B$337,HLTV_Long!$A$2:$A$337,$A5&"|A|"&$Y5&"|wl"))/(COUNTIFS(HLTV_Long!$A$2:$A$337,$A5&"|B|"&$Y5&"|lw")+COUNTIFS(HLTV_Long!$A$2:$A$337,$A5&"|A|"&$Y5&"|wl")),IFERROR((SUMIFS(HLTV_Long!$B$2:$B$337,HLTV_Long!$A$2:$A$337,$A5&"|B|"&"ALL"&"|lw")+SUMIFS(HLTV_Long!$B$2:$B$337,HLTV_Long!$A$2:$A$337,$A5&"|A|"&"ALL"&"|wl"))/(COUNTIFS(HLTV_Long!$A$2:$A$337,$A5&"|B|"&"ALL"&"|lw")+COUNTIFS(HLTV_Long!$A$2:$A$337,$A5&"|A|"&"ALL"&"|wl")),""))) -> 7.665 | AY5: =IF($Y5="","",COUNTIFS(HLTV_Long!$A$2:$A$337,$A5&"|A|"&$Y5&"|lw")+COUNTIFS(HLTV_Long!$A$2:$A$337,$A5&"|B|"&$Y5&"|wl")+COUNTIFS(HLTV_Long!$A$2:$A$337,$A5&"|B|"&$Y5&"|lw")+COUNTIFS(HLTV_Long!$A$2:$A$337,$A5&"|A|"&$Y5&"|wl")) -> 4 | AZ5: =IF(OR($AW5="",$AX5="",$AH5=""),"",13+$AH5*$AW5+(1-$AH5)*$AX5) | BA5: =IF($AZ5="","",$AH5*(13-$AW5)-(1-$AH5)*(13-$AX5)) | BB5: =IF($AZ5="","",($AH5*13+(1-$AH5)*$AX5)/$AZ5)
A6: CS2 · PRIV vs ALL | B6: CS2 | C6: Tue 04:00 | D6: 3 | E6: Private (PRIV) | F6: Alliance (ALL) | G6: 0.38461538 | H6: 0.18095732 | I6: 0.32170191 | J6: 0.49734077 | K6: Ancient 30% | L6: Dust2 20% | M6: Inferno 18% | N6: PF Map Picks | O6: 21.5 | P6: 21.358533 | Q6: 21.423154 | R6: 0.15942029 | S6: -0.996875 | T6: 12.5 | V6: 229 | W6: Ancient | X6: Dust2 | Y6: Inferno | Z6: 21.5 | AA6: 21.36 | AB6: 21.42 | AC6: 0.4973 | AD6: PRIV | AE6: ALL | AF6: 0.4624 | AG6: 0.3846 | AH6: 0.418 | AI6: =IFERROR(INDEX(HLTV_Teams!$N$2:$N$25,MATCH($A6&"|A",HLTV_Teams!$A$2:$A$25,0)),"") -> 0.51594443 | AJ6: =IFERROR(INDEX(HLTV_Teams!$N$2:$N$25,MATCH($A6&"|B",HLTV_Teams!$A$2:$A$25,0)),"") -> 0.42855368 | AK6: =IF($W6="","",IFERROR((SUMIFS(HLTV_Long!$B$2:$B$337,HLTV_Long!$A$2:$A$337,$A6&"|A|"&$W6&"|lw")+SUMIFS(HLTV_Long!$B$2:$B$337,HLTV_Long!$A$2:$A$337,$A6&"|B|"&$W6&"|wl"))/(COUNTIFS(HLTV_Long!$A$2:$A$337,$A6&"|A|"&$W6&"|lw")+COUNTIFS(HLTV_Long!$A$2:$A$337,$A6&"|B|"&$W6&"|wl")),IFERROR((SUMIFS(HLTV_Long!$B$2:$B$337,HLTV_Long!$A$2:$A$337,$A6&"|A|"&"ALL"&"|lw")+SUMIFS(HLTV_Long!$B$2:$B$337,HLTV_Long!$A$2:$A$337,$A6&"|B|"&"ALL"&"|wl"))/(COUNTIFS(HLTV_Long!$A$2:$A$337,$A6&"|A|"&"ALL"&"|lw")+COUNTIFS(HLTV_Long!$A$2:$A$337,$A6&"|B|"&"ALL"&"|wl")),""))) -> 7.36 | AL6: =IF($W6="","",IFERROR((SUMIFS(HLTV_Long!$B$2:$B$337,HLTV_Long!$A$2:$A$337,$A6&"|B|"&$W6&"|lw")+SUMIFS(HLTV_Long!$B$2:$B$337,HLTV_Long!$A$2:$A$337,$A6&"|A|"&$W6&"|wl"))/(COUNTIFS(HLTV_Long!$A$2:$A$337,$A6&"|B|"&$W6&"|lw")+COUNTIFS(HLTV_Long!$A$2:$A$337,$A6&"|A|"&$W6&"|wl")),IFERROR((SUMIFS(HLTV_Long!$B$2:$B$337,HLTV_Long!$A$2:$A$337,$A6&"|B|"&"ALL"&"|lw")+SUMIFS(HLTV_Long!$B$2:$B$337,HLTV_Long!$A$2:$A$337,$A6&"|A|"&"ALL"&"|wl"))/(COUNTIFS(HLTV_Long!$A$2:$A$337,$A6&"|B|"&"ALL"&"|lw")+COUNTIFS(HLTV_Long!$A$2:$A$337,$A6&"|A|"&"ALL"&"|wl")),""))) -> 9.125 | AM6: =IF($W6="","",COUNTIFS(HLTV_Long!$A$2:$A$337,$A6&"|A|"&$W6&"|lw")+COUNTIFS(HLTV_Long!$A$2:$A$337,$A6&"|B|"&$W6&"|wl")+COUNTIFS(HLTV_Long!$A$2:$A$337,$A6&"|B|"&$W6&"|lw")+COUNTIFS(HLTV_Long!$A$2:$A$337,$A6&"|A|"&$W6&"|wl")) -> 4 | AN6: =IF(OR($AK6="",$AL6="",$AF6=""),"",13+$AF6*$AK6+(1-$AF6)*$AL6) -> 21.308864 | AO6: =IF($AN6="","",$AF6*(13-$AK6)-(1-$AF6)*(13-$AL6)) -> 0.524736 | AP6: =IF($AN6="","",($AF6*13+(1-$AF6)*$AL6)/$AN6) -> 0.51231262 | AQ6: =IF($X6="","",IFERROR((SUMIFS(HLTV_Long!$B$2:$B$337,HLTV_Long!$A$2:$A$337,$A6&"|A|"&$X6&"|lw")+SUMIFS(HLTV_Long!$B$2:$B$337,HLTV_Long!$A$2:$A$337,$A6&"|B|"&$X6&"|wl"))/(COUNTIFS(HLTV_Long!$A$2:$A$337,$A6&"|A|"&$X6&"|lw")+COUNTIFS(HLTV_Long!$A$2:$A$337,$A6&"|B|"&$X6&"|wl")),IFERROR((SUMIFS(HLTV_Long!$B$2:$B$337,HLTV_Long!$A$2:$A$337,$A6&"|A|"&"ALL"&"|lw")+SUMIFS(HLTV_Long!$B$2:$B$337,HLTV_Long!$A$2:$A$337,$A6&"|B|"&"ALL"&"|wl"))/(COUNTIFS(HLTV_Long!$A$2:$A$337,$A6&"|A|"&"ALL"&"|lw")+COUNTIFS(HLTV_Long!$A$2:$A$337,$A6&"|B|"&"ALL"&"|wl")),""))) -> 8.655 | AR6: =IF($X6="","",IFERROR((SUMIFS(HLTV_Long!$B$2:$B$337,HLTV_Long!$A$2:$A$337,$A6&"|B|"&$X6&"|lw")+SUMIFS(HLTV_Long!$B$2:$B$337,HLTV_Long!$A$2:$A$337,$A6&"|A|"&$X6&"|wl"))/(COUNTIFS(HLTV_Long!$A$2:$A$337,$A6&"|B|"&$X6&"|lw")+COUNTIFS(HLTV_Long!$A$2:$A$337,$A6&"|A|"&$X6&"|wl")),IFERROR((SUMIFS(HLTV_Long!$B$2:$B$337,HLTV_Long!$A$2:$A$337,$A6&"|B|"&"ALL"&"|lw")+SUMIFS(HLTV_Long!$B$2:$B$337,HLTV_Long!$A$2:$A$337,$A6&"|A|"&"ALL"&"|wl"))/(COUNTIFS(HLTV_Long!$A$2:$A$337,$A6&"|B|"&"ALL"&"|lw")+COUNTIFS(HLTV_Long!$A$2:$A$337,$A6&"|A|"&"ALL"&"|wl")),""))) -> 9.75 | AS6: =IF($X6="","",COUNTIFS(HLTV_Long!$A$2:$A$337,$A6&"|A|"&$X6&"|lw")+COUNTIFS(HLTV_Long!$A$2:$A$337,$A6&"|B|"&$X6&"|wl")+COUNTIFS(HLTV_Long!$A$2:$A$337,$A6&"|B|"&$X6&"|lw")+COUNTIFS(HLTV_Long!$A$2:$A$337,$A6&"|A|"&$X6&"|wl")) -> 3 | AT6: =IF(OR($AQ6="",$AR6="",$AG6=""),"",13+$AG6*$AQ6+(1-$AG6)*$AR6) -> 22.328863 | AU6: =IF($AT6="","",$AG6*(13-$AQ6)-(1-$AG6)*(13-$AR6)) -> -0.328963 | AV6: =IF($AT6="","",($AG6*13+(1-$AG6)*$AR6)/$AT6) -> 0.49263368 | AW6: =IF($Y6="","",IFERROR((SUMIFS(HLTV_Long!$B$2:$B$337,HLTV_Long!$A$2:$A$337,$A6&"|A|"&$Y6&"|lw")+SUMIFS(HLTV_Long!$B$2:$B$337,HLTV_Long!$A$2:$A$337,$A6&"|B|"&$Y6&"|wl"))/(COUNTIFS(HLTV_Long!$A$2:$A$337,$A6&"|A|"&$Y6&"|lw")+COUNTIFS(HLTV_Long!$A$2:$A$337,$A6&"|B|"&$Y6&"|wl")),IFERROR((SUMIFS(HLTV_Long!$B$2:$B$337,HLTV_Long!$A$2:$A$337,$A6&"|A|"&"ALL"&"|lw")+SUMIFS(HLTV_Long!$B$2:$B$337,HLTV_Long!$A$2:$A$337,$A6&"|B|"&"ALL"&"|wl"))/(COUNTIFS(HLTV_Long!$A$2:$A$337,$A6&"|A|"&"ALL"&"|lw")+COUNTIFS(HLTV_Long!$A$2:$A$337,$A6&"|B|"&"ALL"&"|wl")),""))) -> 6.83 | AX6: =IF($Y6="","",IFERROR((SUMIFS(HLTV_Long!$B$2:$B$337,HLTV_Long!$A$2:$A$337,$A6&"|B|"&$Y6&"|lw")+SUMIFS(HLTV_Long!$B$2:$B$337,HLTV_Long!$A$2:$A$337,$A6&"|A|"&$Y6&"|wl"))/(COUNTIFS(HLTV_Long!$A$2:$A$337,$A6&"|B|"&$Y6&"|lw")+COUNTIFS(HLTV_Long!$A$2:$A$337,$A6&"|A|"&$Y6&"|wl")),IFERROR((SUMIFS(HLTV_Long!$B$2:$B$337,HLTV_Long!$A$2:$A$337,$A6&"|B|"&"ALL"&"|lw")+SUMIFS(HLTV_Long!$B$2:$B$337,HLTV_Long!$A$2:$A$337,$A6&"|A|"&"ALL"&"|wl"))/(COUNTIFS(HLTV_Long!$A$2:$A$337,$A6&"|B|"&"ALL"&"|lw")+COUNTIFS(HLTV_Long!$A$2:$A$337,$A6&"|A|"&"ALL"&"|wl")),""))) -> 10.25 | AY6: =IF($Y6="","",COUNTIFS(HLTV_Long!$A$2:$A$337,$A6&"|A|"&$Y6&"|lw")+COUNTIFS(HLTV_Long!$A$2:$A$337,$A6&"|B|"&$Y6&"|wl")+COUNTIFS(HLTV_Long!$A$2:$A$337,$A6&"|B|"&$Y6&"|lw")+COUNTIFS(HLTV_Long!$A$2:$A$337,$A6&"|A|"&$Y6&"|wl")) -> 2 | AZ6: =IF(OR($AW6="",$AX6="",$AH6=""),"",13+$AH6*$AW6+(1-$AH6)*$AX6) -> 21.82044 | BA6: =IF($AZ6="","",$AH6*(13-$AW6)-(1-$AH6)*(13-$AX6)) -> 0.97856 | BB6: =IF($AZ6="","",($AH6*13+(1-$AH6)*$AX6)/$AZ6) -> 0.52242301
A7: CS2 [NO MARKET] · MZP vs ex-RUSTEC | B7: CS2 | C7: Tue 04:00 | D7: 3 | E7: MZP (MZP) | F7: ex-RUSTEC (ex-RUSTEC) | K7: Nuke 70% | L7: Inferno 8% | M7: Mirage 7% | N7: PF Map Picks | V7: 0 | W7: Nuke | X7: Inferno | Y7: Mirage | Z7: =Config!$B$7 -> 21.5 | AA7: =Config!$B$7 -> 21.5 | AB7: =Config!$B$7 -> 21.5 | AC7: 0 | AD7: MZP | AE7: ex-RUSTEC | AI7: =IFERROR(INDEX(HLTV_Teams!$N$2:$N$25,MATCH($A7&"|A",HLTV_Teams!$A$2:$A$25,0)),"") -> 0.5206652 | AJ7: =IFERROR(INDEX(HLTV_Teams!$N$2:$N$25,MATCH($A7&"|B",HLTV_Teams!$A$2:$A$25,0)),"") -> 0.53267656 | AK7: =IF($W7="","",IFERROR((SUMIFS(HLTV_Long!$B$2:$B$337,HLTV_Long!$A$2:$A$337,$A7&"|A|"&$W7&"|lw")+SUMIFS(HLTV_Long!$B$2:$B$337,HLTV_Long!$A$2:$A$337,$A7&"|B|"&$W7&"|wl"))/(COUNTIFS(HLTV_Long!$A$2:$A$337,$A7&"|A|"&$W7&"|lw")+COUNTIFS(HLTV_Long!$A$2:$A$337,$A7&"|B|"&$W7&"|wl")),IFERROR((SUMIFS(HLTV_Long!$B$2:$B$337,HLTV_Long!$A$2:$A$337,$A7&"|A|"&"ALL"&"|lw")+SUMIFS(HLTV_Long!$B$2:$B$337,HLTV_Long!$A$2:$A$337,$A7&"|B|"&"ALL"&"|wl"))/(COUNTIFS(HLTV_Long!$A$2:$A$337,$A7&"|A|"&"ALL"&"|lw")+COUNTIFS(HLTV_Long!$A$2:$A$337,$A7&"|B|"&"ALL"&"|wl")),""))) -> 9.315 | AL7: =IF($W7="","",IFERROR((SUMIFS(HLTV_Long!$B$2:$B$337,HLTV_Long!$A$2:$A$337,$A7&"|B|"&$W7&"|lw")+SUMIFS(HLTV_Long!$B$2:$B$337,HLTV_Long!$A$2:$A$337,$A7&"|A|"&$W7&"|wl"))/(COUNTIFS(HLTV_Long!$A$2:$A$337,$A7&"|B|"&$W7&"|lw")+COUNTIFS(HLTV_Long!$A$2:$A$337,$A7&"|A|"&$W7&"|wl")),IFERROR((SUMIFS(HLTV_Long!$B$2:$B$337,HLTV_Long!$A$2:$A$337,$A7&"|B|"&"ALL"&"|lw")+SUMIFS(HLTV_Long!$B$2:$B$337,HLTV_Long!$A$2:$A$337,$A7&"|A|"&"ALL"&"|wl"))/(COUNTIFS(HLTV_Long!$A$2:$A$337,$A7&"|B|"&"ALL"&"|lw")+COUNTIFS(HLTV_Long!$A$2:$A$337,$A7&"|A|"&"ALL"&"|wl")),""))) -> 9.225 | AM7: =IF($W7="","",COUNTIFS(HLTV_Long!$A$2:$A$337,$A7&"|A|"&$W7&"|lw")+COUNTIFS(HLTV_Long!$A$2:$A$337,$A7&"|B|"&$W7&"|wl")+COUNTIFS(HLTV_Long!$A$2:$A$337,$A7&"|B|"&$W7&"|lw")+COUNTIFS(HLTV_Long!$A$2:$A$337,$A7&"|A|"&$W7&"|wl")) -> 4 | AN7: =IF(OR($AK7="",$AL7="",$AF7=""),"",13+$AF7*$AK7+(1-$AF7)*$AL7) | AO7: =IF($AN7="","",$AF7*(13-$AK7)-(1-$AF7)*(13-$AL7)) | AP7: =IF($AN7="","",($AF7*13+(1-$AF7)*$AL7)/$AN7) | AQ7: =IF($X7="","",IFERROR((SUMIFS(HLTV_Long!$B$2:$B$337,HLTV_Long!$A$2:$A$337,$A7&"|A|"&$X7&"|lw")+SUMIFS(HLTV_Long!$B$2:$B$337,HLTV_Long!$A$2:$A$337,$A7&"|B|"&$X7&"|wl"))/(COUNTIFS(HLTV_Long!$A$2:$A$337,$A7&"|A|"&$X7&"|lw")+COUNTIFS(HLTV_Long!$A$2:$A$337,$A7&"|B|"&$X7&"|wl")),IFERROR((SUMIFS(HLTV_Long!$B$2:$B$337,HLTV_Long!$A$2:$A$337,$A7&"|A|"&"ALL"&"|lw")+SUMIFS(HLTV_Long!$B$2:$B$337,HLTV_Long!$A$2:$A$337,$A7&"|B|"&"ALL"&"|wl"))/(COUNTIFS(HLTV_Long!$A$2:$A$337,$A7&"|A|"&"ALL"&"|lw")+COUNTIFS(HLTV_Long!$A$2:$A$337,$A7&"|B|"&"ALL"&"|wl")),""))) -> 8.53 | AR7: =IF($X7="","",IFERROR((SUMIFS(HLTV_Long!$B$2:$B$337,HLTV_Long!$A$2:$A$337,$A7&"|B|"&$X7&"|lw")+SUMIFS(HLTV_Long!$B$2:$B$337,HLTV_Long!$A$2:$A$337,$A7&"|A|"&$X7&"|wl"))/(COUNTIFS(HLTV_Long!$A$2:$A$337,$A7&"|B|"&$X7&"|lw")+COUNTIFS(HLTV_Long!$A$2:$A$337,$A7&"|A|"&$X7&"|wl")),IFERROR((SUMIFS(HLTV_Long!$B$2:$B$337,HLTV_Long!$A$2:$A$337,$A7&"|B|"&"ALL"&"|lw")+SUMIFS(HLTV_Long!$B$2:$B$337,HLTV_Long!$A$2:$A$337,$A7&"|A|"&"ALL"&"|wl"))/(COUNTIFS(HLTV_Long!$A$2:$A$337,$A7&"|B|"&"ALL"&"|lw")+COUNTIFS(HLTV_Long!$A$2:$A$337,$A7&"|A|"&"ALL"&"|wl")),""))) -> 6.965 | AS7: =IF($X7="","",COUNTIFS(HLTV_Long!$A$2:$A$337,$A7&"|A|"&$X7&"|lw")+COUNTIFS(HLTV_Long!$A$2:$A$337,$A7&"|B|"&$X7&"|wl")+COUNTIFS(HLTV_Long!$A$2:$A$337,$A7&"|B|"&$X7&"|lw")+COUNTIFS(HLTV_Long!$A$2:$A$337,$A7&"|A|"&$X7&"|wl")) -> 4 | AT7: =IF(OR($AQ7="",$AR7="",$AG7=""),"",13+$AG7*$AQ7+(1-$AG7)*$AR7) | AU7: =IF($AT7="","",$AG7*(13-$AQ7)-(1-$AG7)*(13-$AR7)) | AV7: =IF($AT7="","",($AG7*13+(1-$AG7)*$AR7)/$AT7) | AW7: =IF($Y7="","",IFERROR((SUMIFS(HLTV_Long!$B$2:$B$337,HLTV_Long!$A$2:$A$337,$A7&"|A|"&$Y7&"|lw")+SUMIFS(HLTV_Long!$B$2:$B$337,HLTV_Long!$A$2:$A$337,$A7&"|B|"&$Y7&"|wl"))/(COUNTIFS(HLTV_Long!$A$2:$A$337,$A7&"|A|"&$Y7&"|lw")+COUNTIFS(HLTV_Long!$A$2:$A$337,$A7&"|B|"&$Y7&"|wl")),IFERROR((SUMIFS(HLTV_Long!$B$2:$B$337,HLTV_Long!$A$2:$A$337,$A7&"|A|"&"ALL"&"|lw")+SUMIFS(HLTV_Long!$B$2:$B$337,HLTV_Long!$A$2:$A$337,$A7&"|B|"&"ALL"&"|wl"))/(COUNTIFS(HLTV_Long!$A$2:$A$337,$A7&"|A|"&"ALL"&"|lw")+COUNTIFS(HLTV_Long!$A$2:$A$337,$A7&"|B|"&"ALL"&"|wl")),""))) -> 9.375 | AX7: =IF($Y7="","",IFERROR((SUMIFS(HLTV_Long!$B$2:$B$337,HLTV_Long!$A$2:$A$337,$A7&"|B|"&$Y7&"|lw")+SUMIFS(HLTV_Long!$B$2:$B$337,HLTV_Long!$A$2:$A$337,$A7&"|A|"&$Y7&"|wl"))/(COUNTIFS(HLTV_Long!$A$2:$A$337,$A7&"|B|"&$Y7&"|lw")+COUNTIFS(HLTV_Long!$A$2:$A$337,$A7&"|A|"&$Y7&"|wl")),IFERROR((SUMIFS(HLTV_Long!$B$2:$B$337,HLTV_Long!$A$2:$A$337,$A7&"|B|"&"ALL"&"|lw")+SUMIFS(HLTV_Long!$B$2:$B$337,HLTV_Long!$A$2:$A$337,$A7&"|A|"&"ALL"&"|wl"))/(COUNTIFS(HLTV_Long!$A$2:$A$337,$A7&"|B|"&"ALL"&"|lw")+COUNTIFS(HLTV_Long!$A$2:$A$337,$A7&"|A|"&"ALL"&"|wl")),""))) -> 8.09 | AY7: =IF($Y7="","",COUNTIFS(HLTV_Long!$A$2:$A$337,$A7&"|A|"&$Y7&"|lw")+COUNTIFS(HLTV_Long!$A$2:$A$337,$A7&"|B|"&$Y7&"|wl")+COUNTIFS(HLTV_Long!$A$2:$A$337,$A7&"|B|"&$Y7&"|lw")+COUNTIFS(HLTV_Long!$A$2:$A$337,$A7&"|A|"&$Y7&"|wl")) -> 4 | AZ7: =IF(OR($AW7="",$AX7="",$AH7=""),"",13+$AH7*$AW7+(1-$AH7)*$AX7) | BA7: =IF($AZ7="","",$AH7*(13-$AW7)-(1-$AH7)*(13-$AX7)) | BB7: =IF($AZ7="","",($AH7*13+(1-$AH7)*$AX7)/$AZ7)
A8: CS2 · BBL vs BCG | B8: CS2 | C8: Tue 06:00 | D8: 3 | E8: BBL Esports (BBL) | F8: BC.Game (BCG) | G8: 0.39285714 | H8: 0.19863159 | I8: 0.34879707 | J8: 0.45257133 | K8: Cache 38% | L8: Nuke 23% | M8: Ancient 9% | N8: PF Map Picks | O8: 21.14229 | P8: 21.121494 | R8: 0.14864865 | S8: -2.4557493 | T8: 11.095238 | V8: 275 | W8: Cache | X8: Nuke | Y8: Ancient | Z8: 21.14 | AA8: 21.12 | AB8: =Config!$B$7 -> 21.5 | AC8: 0.4526 | AD8: BBL | AE8: BCG | AF8: 0.4193 | AG8: 0.4193 | AH8: 0.3929 | AI8: =IFERROR(INDEX(HLTV_Teams!$N$2:$N$25,MATCH($A8&"|A",HLTV_Teams!$A$2:$A$25,0)),"") -> 0.50848994 | AJ8: =IFERROR(INDEX(HLTV_Teams!$N$2:$N$25,MATCH($A8&"|B",HLTV_Teams!$A$2:$A$25,0)),"") -> 0.53645454 | AK8: =IF($W8="","",IFERROR((SUMIFS(HLTV_Long!$B$2:$B$337,HLTV_Long!$A$2:$A$337,$A8&"|A|"&$W8&"|lw")+SUMIFS(HLTV_Long!$B$2:$B$337,HLTV_Long!$A$2:$A$337,$A8&"|B|"&$W8&"|wl"))/(COUNTIFS(HLTV_Long!$A$2:$A$337,$A8&"|A|"&$W8&"|lw")+COUNTIFS(HLTV_Long!$A$2:$A$337,$A8&"|B|"&$W8&"|wl")),IFERROR((SUMIFS(HLTV_Long!$B$2:$B$337,HLTV_Long!$A$2:$A$337,$A8&"|A|"&"ALL"&"|lw")+SUMIFS(HLTV_Long!$B$2:$B$337,HLTV_Long!$A$2:$A$337,$A8&"|B|"&"ALL"&"|wl"))/(COUNTIFS(HLTV_Long!$A$2:$A$337,$A8&"|A|"&"ALL"&"|lw")+COUNTIFS(HLTV_Long!$A$2:$A$337,$A8&"|B|"&"ALL"&"|wl")),""))) -> 6.335 | AL8: =IF($W8="","",IFERROR((SUMIFS(HLTV_Long!$B$2:$B$337,HLTV_Long!$A$2:$A$337,$A8&"|B|"&$W8&"|lw")+SUMIFS(HLTV_Long!$B$2:$B$337,HLTV_Long!$A$2:$A$337,$A8&"|A|"&$W8&"|wl"))/(COUNTIFS(HLTV_Long!$A$2:$A$337,$A8&"|B|"&$W8&"|lw")+COUNTIFS(HLTV_Long!$A$2:$A$337,$A8&"|A|"&$W8&"|wl")),IFERROR((SUMIFS(HLTV_Long!$B$2:$B$337,HLTV_Long!$A$2:$A$337,$A8&"|B|"&"ALL"&"|lw")+SUMIFS(HLTV_Long!$B$2:$B$337,HLTV_Long!$A$2:$A$337,$A8&"|A|"&"ALL"&"|wl"))/(COUNTIFS(HLTV_Long!$A$2:$A$337,$A8&"|B|"&"ALL"&"|lw")+COUNTIFS(HLTV_Long!$A$2:$A$337,$A8&"|A|"&"ALL"&"|wl")),""))) -> 9.4 | AM8: =IF($W8="","",COUNTIFS(HLTV_Long!$A$2:$A$337,$A8&"|A|"&$W8&"|lw")+COUNTIFS(HLTV_Long!$A$2:$A$337,$A8&"|B|"&$W8&"|wl")+COUNTIFS(HLTV_Long!$A$2:$A$337,$A8&"|B|"&$W8&"|lw")+COUNTIFS(HLTV_Long!$A$2:$A$337,$A8&"|A|"&$W8&"|wl")) -> 4 | AN8: =IF(OR($AK8="",$AL8="",$AF8=""),"",13+$AF8*$AK8+(1-$AF8)*$AL8) -> 21.114846 | AO8: =IF($AN8="","",$AF8*(13-$AK8)-(1-$AF8)*(13-$AL8)) -> 0.7041145 | AP8: =IF($AN8="","",($AF8*13+(1-$AF8)*$AL8)/$AN8) -> 0.51667345 | AQ8: =IF($X8="","",IFERROR((SUMIFS(HLTV_Long!$B$2:$B$337,HLTV_Long!$A$2:$A$337,$A8&"|A|"&$X8&"|lw")+SUMIFS(HLTV_Long!$B$2:$B$337,HLTV_Long!$A$2:$A$337,$A8&"|B|"&$X8&"|wl"))/(COUNTIFS(HLTV_Long!$A$2:$A$337,$A8&"|A|"&$X8&"|lw")+COUNTIFS(HLTV_Long!$A$2:$A$337,$A8&"|B|"&$X8&"|wl")),IFERROR((SUMIFS(HLTV_Long!$B$2:$B$337,HLTV_Long!$A$2:$A$337,$A8&"|A|"&"ALL"&"|lw")+SUMIFS(HLTV_Long!$B$2:$B$337,HLTV_Long!$A$2:$A$337,$A8&"|B|"&"ALL"&"|wl"))/(COUNTIFS(HLTV_Long!$A$2:$A$337,$A8&"|A|"&"ALL"&"|lw")+COUNTIFS(HLTV_Long!$A$2:$A$337,$A8&"|B|"&"ALL"&"|wl")),""))) -> 9.42 | AR8: =IF($X8="","",IFERROR((SUMIFS(HLTV_Long!$B$2:$B$337,HLTV_Long!$A$2:$A$337,$A8&"|B|"&$X8&"|lw")+SUMIFS(HLTV_Long!$B$2:$B$337,HLTV_Long!$A$2:$A$337,$A8&"|A|"&$X8&"|wl"))/(COUNTIFS(HLTV_Long!$A$2:$A$337,$A8&"|B|"&$X8&"|lw")+COUNTIFS(HLTV_Long!$A$2:$A$337,$A8&"|A|"&$X8&"|wl")),IFERROR((SUMIFS(HLTV_Long!$B$2:$B$337,HLTV_Long!$A$2:$A$337,$A8&"|B|"&"ALL"&"|lw")+SUMIFS(HLTV_Long!$B$2:$B$337,HLTV_Long!$A$2:$A$337,$A8&"|A|"&"ALL"&"|wl"))/(COUNTIFS(HLTV_Long!$A$2:$A$337,$A8&"|B|"&"ALL"&"|lw")+COUNTIFS(HLTV_Long!$A$2:$A$337,$A8&"|A|"&"ALL"&"|wl")),""))) -> 8.2 | AS8: =IF($X8="","",COUNTIFS(HLTV_Long!$A$2:$A$337,$A8&"|A|"&$X8&"|lw")+COUNTIFS(HLTV_Long!$A$2:$A$337,$A8&"|B|"&$X8&"|wl")+COUNTIFS(HLTV_Long!$A$2:$A$337,$A8&"|B|"&$X8&"|lw")+COUNTIFS(HLTV_Long!$A$2:$A$337,$A8&"|A|"&$X8&"|wl")) -> 4 | AT8: =IF(OR($AQ8="",$AR8="",$AG8=""),"",13+$AG8*$AQ8+(1-$AG8)*$AR8) -> 21.711546 | AU8: =IF($AT8="","",$AG8*(13-$AQ8)-(1-$AG8)*(13-$AR8)) -> -1.286266 | AV8: =IF($AT8="","",($AG8*13+(1-$AG8)*$AR8)/$AT8) -> 0.4703783 | AW8: =IF($Y8="","",IFERROR((SUMIFS(HLTV_Long!$B$2:$B$337,HLTV_Long!$A$2:$A$337,$A8&"|A|"&$Y8&"|lw")+SUMIFS(HLTV_Long!$B$2:$B$337,HLTV_Long!$A$2:$A$337,$A8&"|B|"&$Y8&"|wl"))/(COUNTIFS(HLTV_Long!$A$2:$A$337,$A8&"|A|"&$Y8&"|lw")+COUNTIFS(HLTV_Long!$A$2:$A$337,$A8&"|B|"&$Y8&"|wl")),IFERROR((SUMIFS(HLTV_Long!$B$2:$B$337,HLTV_Long!$A$2:$A$337,$A8&"|A|"&"ALL"&"|lw")+SUMIFS(HLTV_Long!$B$2:$B$337,HLTV_Long!$A$2:$A$337,$A8&"|B|"&"ALL"&"|wl"))/(COUNTIFS(HLTV_Long!$A$2:$A$337,$A8&"|A|"&"ALL"&"|lw")+COUNTIFS(HLTV_Long!$A$2:$A$337,$A8&"|B|"&"ALL"&"|wl")),""))) -> 5.915 | AX8: =IF($Y8="","",IFERROR((SUMIFS(HLTV_Long!$B$2:$B$337,HLTV_Long!$A$2:$A$337,$A8&"|B|"&$Y8&"|lw")+SUMIFS(HLTV_Long!$B$2:$B$337,HLTV_Long!$A$2:$A$337,$A8&"|A|"&$Y8&"|wl"))/(COUNTIFS(HLTV_Long!$A$2:$A$337,$A8&"|B|"&$Y8&"|lw")+COUNTIFS(HLTV_Long!$A$2:$A$337,$A8&"|A|"&$Y8&"|wl")),IFERROR((SUMIFS(HLTV_Long!$B$2:$B$337,HLTV_Long!$A$2:$A$337,$A8&"|B|"&"ALL"&"|lw")+SUMIFS(HLTV_Long!$B$2:$B$337,HLTV_Long!$A$2:$A$337,$A8&"|A|"&"ALL"&"|wl"))/(COUNTIFS(HLTV_Long!$A$2:$A$337,$A8&"|B|"&"ALL"&"|lw")+COUNTIFS(HLTV_Long!$A$2:$A$337,$A8&"|A|"&"ALL"&"|wl")),""))) -> 8.125 | AY8: =IF($Y8="","",COUNTIFS(HLTV_Long!$A$2:$A$337,$A8&"|A|"&$Y8&"|lw")+COUNTIFS(HLTV_Long!$A$2:$A$337,$A8&"|B|"&$Y8&"|wl")+COUNTIFS(HLTV_Long!$A$2:$A$337,$A8&"|B|"&$Y8&"|lw")+COUNTIFS(HLTV_Long!$A$2:$A$337,$A8&"|A|"&$Y8&"|wl")) -> 4 | AZ8: =IF(OR($AW8="",$AX8="",$AH8=""),"",13+$AH8*$AW8+(1-$AH8)*$AX8) -> 20.256691 | BA8: =IF($AZ8="","",$AH8*(13-$AW8)-(1-$AH8)*(13-$AX8)) -> -0.175916 | BB8: =IF($AZ8="","",($AH8*13+(1-$AH8)*$AX8)/$AZ8) -> 0.49565783
A9: CS2 · INF vs EF | B9: CS2 | C9: Tue 06:00 | D9: 3 | E9: Infinite Gaming (INF) | F9: Eternal Fire (EF) | G9: 0.31712963 | H9: 0.16071088 | I9: 0.40743603 | J9: 0.43185309 | K9: Ancient 32% | L9: Dust2 31% | M9: Mirage 11% | N9: PF Map Picks | O9: 21.019333 | P9: 21.013158 | R9: 0.14248021 | S9: -3.1025336 | T9: 10.238095 | V9: 316 | W9: Ancient | X9: Dust2 | Y9: Mirage | Z9: 21.02 | AA9: 21.01 | AB9: =Config!$B$7 -> 21.5 | AC9: 0.4319 | AD9: INF | AE9: EF | AF9: 0.3648 | AG9: 0.3672 | AH9: 0.3171 | AI9: =IFERROR(INDEX(HLTV_Teams!$N$2:$N$25,MATCH($A9&"|A",HLTV_Teams!$A$2:$A$25,0)),"") -> 0.48716142 | AJ9: =IFERROR(INDEX(HLTV_Teams!$N$2:$N$25,MATCH($A9&"|B",HLTV_Teams!$A$2:$A$25,0)),"") -> 0.52469893 | AK9: =IF($W9="","",IFERROR((SUMIFS(HLTV_Long!$B$2:$B$337,HLTV_Long!$A$2:$A$337,$A9&"|A|"&$W9&"|lw")+SUMIFS(HLTV_Long!$B$2:$B$337,HLTV_Long!$A$2:$A$337,$A9&"|B|"&$W9&"|wl"))/(COUNTIFS(HLTV_Long!$A$2:$A$337,$A9&"|A|"&$W9&"|lw")+COUNTIFS(HLTV_Long!$A$2:$A$337,$A9&"|B|"&$W9&"|wl")),IFERROR((SUMIFS(HLTV_Long!$B$2:$B$337,HLTV_Long!$A$2:$A$337,$A9&"|A|"&"ALL"&"|lw")+SUMIFS(HLTV_Long!$B$2:$B$337,HLTV_Long!$A$2:$A$337,$A9&"|B|"&"ALL"&"|wl"))/(COUNTIFS(HLTV_Long!$A$2:$A$337,$A9&"|A|"&"ALL"&"|lw")+COUNTIFS(HLTV_Long!$A$2:$A$337,$A9&"|B|"&"ALL"&"|wl")),""))) -> 9 | AL9: =IF($W9="","",IFERROR((SUMIFS(HLTV_Long!$B$2:$B$337,HLTV_Long!$A$2:$A$337,$A9&"|B|"&$W9&"|lw")+SUMIFS(HLTV_Long!$B$2:$B$337,HLTV_Long!$A$2:$A$337,$A9&"|A|"&$W9&"|wl"))/(COUNTIFS(HLTV_Long!$A$2:$A$337,$A9&"|B|"&$W9&"|lw")+COUNTIFS(HLTV_Long!$A$2:$A$337,$A9&"|A|"&$W9&"|wl")),IFERROR((SUMIFS(HLTV_Long!$B$2:$B$337,HLTV_Long!$A$2:$A$337,$A9&"|B|"&"ALL"&"|lw")+SUMIFS(HLTV_Long!$B$2:$B$337,HLTV_Long!$A$2:$A$337,$A9&"|A|"&"ALL"&"|wl"))/(COUNTIFS(HLTV_Long!$A$2:$A$337,$A9&"|B|"&"ALL"&"|lw")+COUNTIFS(HLTV_Long!$A$2:$A$337,$A9&"|A|"&"ALL"&"|wl")),""))) -> 8.605 | AM9: =IF($W9="","",COUNTIFS(HLTV_Long!$A$2:$A$337,$A9&"|A|"&$W9&"|lw")+COUNTIFS(HLTV_Long!$A$2:$A$337,$A9&"|B|"&$W9&"|wl")+COUNTIFS(HLTV_Long!$A$2:$A$337,$A9&"|B|"&$W9&"|lw")+COUNTIFS(HLTV_Long!$A$2:$A$337,$A9&"|A|"&$W9&"|wl")) -> 4 | AN9: =IF(OR($AK9="",$AL9="",$AF9=""),"",13+$AF9*$AK9+(1-$AF9)*$AL9) -> 21.749096 | AO9: =IF($AN9="","",$AF9*(13-$AK9)-(1-$AF9)*(13-$AL9)) -> -1.332504 | AP9: =IF($AN9="","",($AF9*13+(1-$AF9)*$AL9)/$AN9) -> 0.46936645 | AQ9: =IF($X9="","",IFERROR((SUMIFS(HLTV_Long!$B$2:$B$337,HLTV_Long!$A$2:$A$337,$A9&"|A|"&$X9&"|lw")+SUMIFS(HLTV_Long!$B$2:$B$337,HLTV_Long!$A$2:$A$337,$A9&"|B|"&$X9&"|wl"))/(COUNTIFS(HLTV_Long!$A$2:$A$337,$A9&"|A|"&$X9&"|lw")+COUNTIFS(HLTV_Long!$A$2:$A$337,$A9&"|B|"&$X9&"|wl")),IFERROR((SUMIFS(HLTV_Long!$B$2:$B$337,HLTV_Long!$A$2:$A$337,$A9&"|A|"&"ALL"&"|lw")+SUMIFS(HLTV_Long!$B$2:$B$337,HLTV_Long!$A$2:$A$337,$A9&"|B|"&"ALL"&"|wl"))/(COUNTIFS(HLTV_Long!$A$2:$A$337,$A9&"|A|"&"ALL"&"|lw")+COUNTIFS(HLTV_Long!$A$2:$A$337,$A9&"|B|"&"ALL"&"|wl")),""))) -> 10.9 | AR9: =IF($X9="","",IFERROR((SUMIFS(HLTV_Long!$B$2:$B$337,HLTV_Long!$A$2:$A$337,$A9&"|B|"&$X9&"|lw")+SUMIFS(HLTV_Long!$B$2:$B$337,HLTV_Long!$A$2:$A$337,$A9&"|A|"&$X9&"|wl"))/(COUNTIFS(HLTV_Long!$A$2:$A$337,$A9&"|B|"&$X9&"|lw")+COUNTIFS(HLTV_Long!$A$2:$A$337,$A9&"|A|"&$X9&"|wl")),IFERROR((SUMIFS(HLTV_Long!$B$2:$B$337,HLTV_Long!$A$2:$A$337,$A9&"|B|"&"ALL"&"|lw")+SUMIFS(HLTV_Long!$B$2:$B$337,HLTV_Long!$A$2:$A$337,$A9&"|A|"&"ALL"&"|wl"))/(COUNTIFS(HLTV_Long!$A$2:$A$337,$A9&"|B|"&"ALL"&"|lw")+COUNTIFS(HLTV_Long!$A$2:$A$337,$A9&"|A|"&"ALL"&"|wl")),""))) -> 8.015 | AS9: =IF($X9="","",COUNTIFS(HLTV_Long!$A$2:$A$337,$A9&"|A|"&$X9&"|lw")+COUNTIFS(HLTV_Long!$A$2:$A$337,$A9&"|B|"&$X9&"|wl")+COUNTIFS(HLTV_Long!$A$2:$A$337,$A9&"|B|"&$X9&"|lw")+COUNTIFS(HLTV_Long!$A$2:$A$337,$A9&"|A|"&$X9&"|wl")) -> 4 | AT9: =IF(OR($AQ9="",$AR9="",$AG9=""),"",13+$AG9*$AQ9+(1-$AG9)*$AR9) -> 22.074372 | AU9: =IF($AT9="","",$AG9*(13-$AQ9)-(1-$AG9)*(13-$AR9)) -> -2.383388 | AV9: =IF($AT9="","",($AG9*13+(1-$AG9)*$AR9)/$AT9) -> 0.44601459 | AW9: =IF($Y9="","",IFERROR((SUMIFS(HLTV_Long!$B$2:$B$337,HLTV_Long!$A$2:$A$337,$A9&"|A|"&$Y9&"|lw")+SUMIFS(HLTV_Long!$B$2:$B$337,HLTV_Long!$A$2:$A$337,$A9&"|B|"&$Y9&"|wl"))/(COUNTIFS(HLTV_Long!$A$2:$A$337,$A9&"|A|"&$Y9&"|lw")+COUNTIFS(HLTV_Long!$A$2:$A$337,$A9&"|B|"&$Y9&"|wl")),IFERROR((SUMIFS(HLTV_Long!$B$2:$B$337,HLTV_Long!$A$2:$A$337,$A9&"|A|"&"ALL"&"|lw")+SUMIFS(HLTV_Long!$B$2:$B$337,HLTV_Long!$A$2:$A$337,$A9&"|B|"&"ALL"&"|wl"))/(COUNTIFS(HLTV_Long!$A$2:$A$337,$A9&"|A|"&"ALL"&"|lw")+COUNTIFS(HLTV_Long!$A$2:$A$337,$A9&"|B|"&"ALL"&"|wl")),""))) -> 9.45 | AX9: =IF($Y9="","",IFERROR((SUMIFS(HLTV_Long!$B$2:$B$337,HLTV_Long!$A$2:$A$337,$A9&"|B|"&$Y9&"|lw")+SUMIFS(HLTV_Long!$B$2:$B$337,HLTV_Long!$A$2:$A$337,$A9&"|A|"&$Y9&"|wl"))/(COUNTIFS(HLTV_Long!$A$2:$A$337,$A9&"|B|"&$Y9&"|lw")+COUNTIFS(HLTV_Long!$A$2:$A$337,$A9&"|A|"&$Y9&"|wl")),IFERROR((SUMIFS(HLTV_Long!$B$2:$B$337,HLTV_Long!$A$2:$A$337,$A9&"|B|"&"ALL"&"|lw")+SUMIFS(HLTV_Long!$B$2:$B$337,HLTV_Long!$A$2:$A$337,$A9&"|A|"&"ALL"&"|wl"))/(COUNTIFS(HLTV_Long!$A$2:$A$337,$A9&"|B|"&"ALL"&"|lw")+COUNTIFS(HLTV_Long!$A$2:$A$337,$A9&"|A|"&"ALL"&"|wl")),""))) -> 9.56 | AY9: =IF($Y9="","",COUNTIFS(HLTV_Long!$A$2:$A$337,$A9&"|A|"&$Y9&"|lw")+COUNTIFS(HLTV_Long!$A$2:$A$337,$A9&"|B|"&$Y9&"|wl")+COUNTIFS(HLTV_Long!$A$2:$A$337,$A9&"|B|"&$Y9&"|lw")+COUNTIFS(HLTV_Long!$A$2:$A$337,$A9&"|A|"&$Y9&"|wl")) -> 4 | AZ9: =IF(OR($AW9="",$AX9="",$AH9=""),"",13+$AH9*$AW9+(1-$AH9)*$AX9) -> 22.525119 | BA9: =IF($AZ9="","",$AH9*(13-$AW9)-(1-$AH9)*(13-$AX9)) -> -1.223471 | BB9: =IF($AZ9="","",($AH9*13+(1-$AH9)*$AX9)/$AZ9) -> 0.47284207
A10: CS2 · TL vs MGC | B10: CS2 | C10: Tue 07:00 | D10: 3 | E10: Liquid (TL) | F10: Magic (MGC) | G10: 0.5974026 | H10: 0.3052101 | I10: 0.19422461 | J10: 0.50056529 | K10: Mirage 25% | L10: Dust2 20% | M10: Anubis 18% | N10: PF Map Picks | O10: 21.5 | P10: 21.423154 | Q10: 21.5 | R10: 0.15942029 | S10: 0.70611867 | V10: 226 | W10: Mirage | X10: Dust2 | Y10: Anubis | Z10: 21.5 | AA10: 21.42 | AB10: 21.5 | AC10: 0.5006 | AD10: TL | AE10: MGC | AF10: 0.527 | AG10: 0.5974 | AH10: 0.56 | AI10: =IFERROR(INDEX(HLTV_Teams!$N$2:$N$25,MATCH($A10&"|A",HLTV_Teams!$A$2:$A$25,0)),"") -> 0.54738482 | AJ10: =IFERROR(INDEX(HLTV_Teams!$N$2:$N$25,MATCH($A10&"|B",HLTV_Teams!$A$2:$A$25,0)),"") -> 0.48082958 | AK10: =IF($W10="","",IFERROR((SUMIFS(HLTV_Long!$B$2:$B$337,HLTV_Long!$A$2:$A$337,$A10&"|A|"&$W10&"|lw")+SUMIFS(HLTV_Long!$B$2:$B$337,HLTV_Long!$A$2:$A$337,$A10&"|B|"&$W10&"|wl"))/(COUNTIFS(HLTV_Long!$A$2:$A$337,$A10&"|A|"&$W10&"|lw")+COUNTIFS(HLTV_Long!$A$2:$A$337,$A10&"|B|"&$W10&"|wl")),IFERROR((SUMIFS(HLTV_Long!$B$2:$B$337,HLTV_Long!$A$2:$A$337,$A10&"|A|"&"ALL"&"|lw")+SUMIFS(HLTV_Long!$B$2:$B$337,HLTV_Long!$A$2:$A$337,$A10&"|B|"&"ALL"&"|wl"))/(COUNTIFS(HLTV_Long!$A$2:$A$337,$A10&"|A|"&"ALL"&"|lw")+COUNTIFS(HLTV_Long!$A$2:$A$337,$A10&"|B|"&"ALL"&"|wl")),""))) -> 8.115 | AL10: =IF($W10="","",IFERROR((SUMIFS(HLTV_Long!$B$2:$B$337,HLTV_Long!$A$2:$A$337,$A10&"|B|"&$W10&"|lw")+SUMIFS(HLTV_Long!$B$2:$B$337,HLTV_Long!$A$2:$A$337,$A10&"|A|"&$W10&"|wl"))/(COUNTIFS(HLTV_Long!$A$2:$A$337,$A10&"|B|"&$W10&"|lw")+COUNTIFS(HLTV_Long!$A$2:$A$337,$A10&"|A|"&$W10&"|wl")),IFERROR((SUMIFS(HLTV_Long!$B$2:$B$337,HLTV_Long!$A$2:$A$337,$A10&"|B|"&"ALL"&"|lw")+SUMIFS(HLTV_Long!$B$2:$B$337,HLTV_Long!$A$2:$A$337,$A10&"|A|"&"ALL"&"|wl"))/(COUNTIFS(HLTV_Long!$A$2:$A$337,$A10&"|B|"&"ALL"&"|lw")+COUNTIFS(HLTV_Long!$A$2:$A$337,$A10&"|A|"&"ALL"&"|wl")),""))) -> 8.165 | AM10: =IF($W10="","",COUNTIFS(HLTV_Long!$A$2:$A$337,$A10&"|A|"&$W10&"|lw")+COUNTIFS(HLTV_Long!$A$2:$A$337,$A10&"|B|"&$W10&"|wl")+COUNTIFS(HLTV_Long!$A$2:$A$337,$A10&"|B|"&$W10&"|lw")+COUNTIFS(HLTV_Long!$A$2:$A$337,$A10&"|A|"&$W10&"|wl")) -> 4 | AN10: =IF(OR($AK10="",$AL10="",$AF10=""),"",13+$AF10*$AK10+(1-$AF10)*$AL10) -> 21.13865 | AO10: =IF($AN10="","",$AF10*(13-$AK10)-(1-$AF10)*(13-$AL10)) -> 0.28744 | AP10: =IF($AN10="","",($AF10*13+(1-$AF10)*$AL10)/$AN10) -> 0.50679892 | AQ10: =IF($X10="","",IFERROR((SUMIFS(HLTV_Long!$B$2:$B$337,HLTV_Long!$A$2:$A$337,$A10&"|A|"&$X10&"|lw")+SUMIFS(HLTV_Long!$B$2:$B$337,HLTV_Long!$A$2:$A$337,$A10&"|B|"&$X10&"|wl"))/(COUNTIFS(HLTV_Long!$A$2:$A$337,$A10&"|A|"&$X10&"|lw")+COUNTIFS(HLTV_Long!$A$2:$A$337,$A10&"|B|"&$X10&"|wl")),IFERROR((SUMIFS(HLTV_Long!$B$2:$B$337,HLTV_Long!$A$2:$A$337,$A10&"|A|"&"ALL"&"|lw")+SUMIFS(HLTV_Long!$B$2:$B$337,HLTV_Long!$A$2:$A$337,$A10&"|B|"&"ALL"&"|wl"))/(COUNTIFS(HLTV_Long!$A$2:$A$337,$A10&"|A|"&"ALL"&"|lw")+COUNTIFS(HLTV_Long!$A$2:$A$337,$A10&"|B|"&"ALL"&"|wl")),""))) -> 8.365 | AR10: =IF($X10="","",IFERROR((SUMIFS(HLTV_Long!$B$2:$B$337,HLTV_Long!$A$2:$A$337,$A10&"|B|"&$X10&"|lw")+SUMIFS(HLTV_Long!$B$2:$B$337,HLTV_Long!$A$2:$A$337,$A10&"|A|"&$X10&"|wl"))/(COUNTIFS(HLTV_Long!$A$2:$A$337,$A10&"|B|"&$X10&"|lw")+COUNTIFS(HLTV_Long!$A$2:$A$337,$A10&"|A|"&$X10&"|wl")),IFERROR((SUMIFS(HLTV_Long!$B$2:$B$337,HLTV_Long!$A$2:$A$337,$A10&"|B|"&"ALL"&"|lw")+SUMIFS(HLTV_Long!$B$2:$B$337,HLTV_Long!$A$2:$A$337,$A10&"|A|"&"ALL"&"|wl"))/(COUNTIFS(HLTV_Long!$A$2:$A$337,$A10&"|B|"&"ALL"&"|lw")+COUNTIFS(HLTV_Long!$A$2:$A$337,$A10&"|A|"&"ALL"&"|wl")),""))) -> 5.625 | AS10: =IF($X10="","",COUNTIFS(HLTV_Long!$A$2:$A$337,$A10&"|A|"&$X10&"|lw")+COUNTIFS(HLTV_Long!$A$2:$A$337,$A10&"|B|"&$X10&"|wl")+COUNTIFS(HLTV_Long!$A$2:$A$337,$A10&"|B|"&$X10&"|lw")+COUNTIFS(HLTV_Long!$A$2:$A$337,$A10&"|A|"&$X10&"|wl")) -> 4 | AT10: =IF(OR($AQ10="",$AR10="",$AG10=""),"",13+$AG10*$AQ10+(1-$AG10)*$AR10) -> 20.261876 | AU10: =IF($AT10="","",$AG10*(13-$AQ10)-(1-$AG10)*(13-$AR10)) -> -0.200226 | AV10: =IF($AT10="","",($AG10*13+(1-$AG10)*$AR10)/$AT10) -> 0.49505905 | AW10: =IF($Y10="","",IFERROR((SUMIFS(HLTV_Long!$B$2:$B$337,HLTV_Long!$A$2:$A$337,$A10&"|A|"&$Y10&"|lw")+SUMIFS(HLTV_Long!$B$2:$B$337,HLTV_Long!$A$2:$A$337,$A10&"|B|"&$Y10&"|wl"))/(COUNTIFS(HLTV_Long!$A$2:$A$337,$A10&"|A|"&$Y10&"|lw")+COUNTIFS(HLTV_Long!$A$2:$A$337,$A10&"|B|"&$Y10&"|wl")),IFERROR((SUMIFS(HLTV_Long!$B$2:$B$337,HLTV_Long!$A$2:$A$337,$A10&"|A|"&"ALL"&"|lw")+SUMIFS(HLTV_Long!$B$2:$B$337,HLTV_Long!$A$2:$A$337,$A10&"|B|"&"ALL"&"|wl"))/(COUNTIFS(HLTV_Long!$A$2:$A$337,$A10&"|A|"&"ALL"&"|lw")+COUNTIFS(HLTV_Long!$A$2:$A$337,$A10&"|B|"&"ALL"&"|wl")),""))) -> 6.945 | AX10: =IF($Y10="","",IFERROR((SUMIFS(HLTV_Long!$B$2:$B$337,HLTV_Long!$A$2:$A$337,$A10&"|B|"&$Y10&"|lw")+SUMIFS(HLTV_Long!$B$2:$B$337,HLTV_Long!$A$2:$A$337,$A10&"|A|"&$Y10&"|wl"))/(COUNTIFS(HLTV_Long!$A$2:$A$337,$A10&"|B|"&$Y10&"|lw")+COUNTIFS(HLTV_Long!$A$2:$A$337,$A10&"|A|"&$Y10&"|wl")),IFERROR((SUMIFS(HLTV_Long!$B$2:$B$337,HLTV_Long!$A$2:$A$337,$A10&"|B|"&"ALL"&"|lw")+SUMIFS(HLTV_Long!$B$2:$B$337,HLTV_Long!$A$2:$A$337,$A10&"|A|"&"ALL"&"|wl"))/(COUNTIFS(HLTV_Long!$A$2:$A$337,$A10&"|B|"&"ALL"&"|lw")+COUNTIFS(HLTV_Long!$A$2:$A$337,$A10&"|A|"&"ALL"&"|wl")),""))) -> 7.665 | AY10: =IF($Y10="","",COUNTIFS(HLTV_Long!$A$2:$A$337,$A10&"|A|"&$Y10&"|lw")+COUNTIFS(HLTV_Long!$A$2:$A$337,$A10&"|B|"&$Y10&"|wl")+COUNTIFS(HLTV_Long!$A$2:$A$337,$A10&"|B|"&$Y10&"|lw")+COUNTIFS(HLTV_Long!$A$2:$A$337,$A10&"|A|"&$Y10&"|wl")) -> 4 | AZ10: =IF(OR($AW10="",$AX10="",$AH10=""),"",13+$AH10*$AW10+(1-$AH10)*$AX10) -> 20.2618 | BA10: =IF($AZ10="","",$AH10*(13-$AW10)-(1-$AH10)*(13-$AX10)) -> 1.0434 | BB10: =IF($AZ10="","",($AH10*13+(1-$AH10)*$AX10)/$AZ10) -> 0.52574796
A11: CS2 · HERO vs HS | B11: CS2 | C11: Tue 09:00 | D11: 3 | E11: HEROIC (HERO) | F11: HyperSpirit (HS) | G11: 0.86741016 | H11: 0.6114467 | I11: 0.068971187 | J11: 0.31958212 | K11: Cache 50% | L11: Inferno 20% | M11: Ancient 8% | N11: PF Map Picks | O11: 20.188421 | P11: 20.188421 | R11: 0.12138728 | S11: 5.1237391 | U11: 7.8762609 | V11: 276 | W11: Cache | X11: Inferno | Y11: Ancient | Z11: 20.19 | AA11: 20.19 | AB11: =Config!$B$7 -> 21.5 | AC11: 0.3196 | AD11: HERO | AE11: HS | AF11: 0.7944 | AG11: 0.7937 | AH11: 0.8674 | AI11: =IFERROR(INDEX(HLTV_Teams!$N$2:$N$25,MATCH($A11&"|A",HLTV_Teams!$A$2:$A$25,0)),"") -> 0.56505827 | AJ11: =IFERROR(INDEX(HLTV_Teams!$N$2:$N$25,MATCH($A11&"|B",HLTV_Teams!$A$2:$A$25,0)),"") -> 0.50264694 | AK11: =IF($W11="","",IFERROR((SUMIFS(HLTV_Long!$B$2:$B$337,HLTV_Long!$A$2:$A$337,$A11&"|A|"&$W11&"|lw")+SUMIFS(HLTV_Long!$B$2:$B$337,HLTV_Long!$A$2:$A$337,$A11&"|B|"&$W11&"|wl"))/(COUNTIFS(HLTV_Long!$A$2:$A$337,$A11&"|A|"&$W11&"|lw")+COUNTIFS(HLTV_Long!$A$2:$A$337,$A11&"|B|"&$W11&"|wl")),IFERROR((SUMIFS(HLTV_Long!$B$2:$B$337,HLTV_Long!$A$2:$A$337,$A11&"|A|"&"ALL"&"|lw")+SUMIFS(HLTV_Long!$B$2:$B$337,HLTV_Long!$A$2:$A$337,$A11&"|B|"&"ALL"&"|wl"))/(COUNTIFS(HLTV_Long!$A$2:$A$337,$A11&"|A|"&"ALL"&"|lw")+COUNTIFS(HLTV_Long!$A$2:$A$337,$A11&"|B|"&"ALL"&"|wl")),""))) -> 7.69 | AL11: =IF($W11="","",IFERROR((SUMIFS(HLTV_Long!$B$2:$B$337,HLTV_Long!$A$2:$A$337,$A11&"|B|"&$W11&"|lw")+SUMIFS(HLTV_Long!$B$2:$B$337,HLTV_Long!$A$2:$A$337,$A11&"|A|"&$W11&"|wl"))/(COUNTIFS(HLTV_Long!$A$2:$A$337,$A11&"|B|"&$W11&"|lw")+COUNTIFS(HLTV_Long!$A$2:$A$337,$A11&"|A|"&$W11&"|wl")),IFERROR((SUMIFS(HLTV_Long!$B$2:$B$337,HLTV_Long!$A$2:$A$337,$A11&"|B|"&"ALL"&"|lw")+SUMIFS(HLTV_Long!$B$2:$B$337,HLTV_Long!$A$2:$A$337,$A11&"|A|"&"ALL"&"|wl"))/(COUNTIFS(HLTV_Long!$A$2:$A$337,$A11&"|B|"&"ALL"&"|lw")+COUNTIFS(HLTV_Long!$A$2:$A$337,$A11&"|A|"&"ALL"&"|wl")),""))) -> 7.3 | AM11: =IF($W11="","",COUNTIFS(HLTV_Long!$A$2:$A$337,$A11&"|A|"&$W11&"|lw")+COUNTIFS(HLTV_Long!$A$2:$A$337,$A11&"|B|"&$W11&"|wl")+COUNTIFS(HLTV_Long!$A$2:$A$337,$A11&"|B|"&$W11&"|lw")+COUNTIFS(HLTV_Long!$A$2:$A$337,$A11&"|A|"&$W11&"|wl")) -> 4 | AN11: =IF(OR($AK11="",$AL11="",$AF11=""),"",13+$AF11*$AK11+(1-$AF11)*$AL11) -> 20.609816 | AO11: =IF($AN11="","",$AF11*(13-$AK11)-(1-$AF11)*(13-$AL11)) -> 3.046344 | AP11: =IF($AN11="","",($AF11*13+(1-$AF11)*$AL11)/$AN11) -> 0.57390517 | AQ11: =IF($X11="","",IFERROR((SUMIFS(HLTV_Long!$B$2:$B$337,HLTV_Long!$A$2:$A$337,$A11&"|A|"&$X11&"|lw")+SUMIFS(HLTV_Long!$B$2:$B$337,HLTV_Long!$A$2:$A$337,$A11&"|B|"&$X11&"|wl"))/(COUNTIFS(HLTV_Long!$A$2:$A$337,$A11&"|A|"&$X11&"|lw")+COUNTIFS(HLTV_Long!$A$2:$A$337,$A11&"|B|"&$X11&"|wl")),IFERROR((SUMIFS(HLTV_Long!$B$2:$B$337,HLTV_Long!$A$2:$A$337,$A11&"|A|"&"ALL"&"|lw")+SUMIFS(HLTV_Long!$B$2:$B$337,HLTV_Long!$A$2:$A$337,$A11&"|B|"&"ALL"&"|wl"))/(COUNTIFS(HLTV_Long!$A$2:$A$337,$A11&"|A|"&"ALL"&"|lw")+COUNTIFS(HLTV_Long!$A$2:$A$337,$A11&"|B|"&"ALL"&"|wl")),""))) -> 6.1 | AR11: =IF($X11="","",IFERROR((SUMIFS(HLTV_Long!$B$2:$B$337,HLTV_Long!$A$2:$A$337,$A11&"|B|"&$X11&"|lw")+SUMIFS(HLTV_Long!$B$2:$B$337,HLTV_Long!$A$2:$A$337,$A11&"|A|"&$X11&"|wl"))/(COUNTIFS(HLTV_Long!$A$2:$A$337,$A11&"|B|"&$X11&"|lw")+COUNTIFS(HLTV_Long!$A$2:$A$337,$A11&"|A|"&$X11&"|wl")),IFERROR((SUMIFS(HLTV_Long!$B$2:$B$337,HLTV_Long!$A$2:$A$337,$A11&"|B|"&"ALL"&"|lw")+SUMIFS(HLTV_Long!$B$2:$B$337,HLTV_Long!$A$2:$A$337,$A11&"|A|"&"ALL"&"|wl"))/(COUNTIFS(HLTV_Long!$A$2:$A$337,$A11&"|B|"&"ALL"&"|lw")+COUNTIFS(HLTV_Long!$A$2:$A$337,$A11&"|A|"&"ALL"&"|wl")),""))) -> 7.425 | AS11: =IF($X11="","",COUNTIFS(HLTV_Long!$A$2:$A$337,$A11&"|A|"&$X11&"|lw")+COUNTIFS(HLTV_Long!$A$2:$A$337,$A11&"|B|"&$X11&"|wl")+COUNTIFS(HLTV_Long!$A$2:$A$337,$A11&"|B|"&$X11&"|lw")+COUNTIFS(HLTV_Long!$A$2:$A$337,$A11&"|A|"&$X11&"|wl")) -> 4 | AT11: =IF(OR($AQ11="",$AR11="",$AG11=""),"",13+$AG11*$AQ11+(1-$AG11)*$AR11) -> 19.373348 | AU11: =IF($AT11="","",$AG11*(13-$AQ11)-(1-$AG11)*(13-$AR11)) -> 4.3264075 | AV11: =IF($AT11="","",($AG11*13+(1-$AG11)*$AR11)/$AT11) -> 0.61165875 | AW11: =IF($Y11="","",IFERROR((SUMIFS(HLTV_Long!$B$2:$B$337,HLTV_Long!$A$2:$A$337,$A11&"|A|"&$Y11&"|lw")+SUMIFS(HLTV_Long!$B$2:$B$337,HLTV_Long!$A$2:$A$337,$A11&"|B|"&$Y11&"|wl"))/(COUNTIFS(HLTV_Long!$A$2:$A$337,$A11&"|A|"&$Y11&"|lw")+COUNTIFS(HLTV_Long!$A$2:$A$337,$A11&"|B|"&$Y11&"|wl")),IFERROR((SUMIFS(HLTV_Long!$B$2:$B$337,HLTV_Long!$A$2:$A$337,$A11&"|A|"&"ALL"&"|lw")+SUMIFS(HLTV_Long!$B$2:$B$337,HLTV_Long!$A$2:$A$337,$A11&"|B|"&"ALL"&"|wl"))/(COUNTIFS(HLTV_Long!$A$2:$A$337,$A11&"|A|"&"ALL"&"|lw")+COUNTIFS(HLTV_Long!$A$2:$A$337,$A11&"|B|"&"ALL"&"|wl")),""))) -> 8.035 | AX11: =IF($Y11="","",IFERROR((SUMIFS(HLTV_Long!$B$2:$B$337,HLTV_Long!$A$2:$A$337,$A11&"|B|"&$Y11&"|lw")+SUMIFS(HLTV_Long!$B$2:$B$337,HLTV_Long!$A$2:$A$337,$A11&"|A|"&$Y11&"|wl"))/(COUNTIFS(HLTV_Long!$A$2:$A$337,$A11&"|B|"&$Y11&"|lw")+COUNTIFS(HLTV_Long!$A$2:$A$337,$A11&"|A|"&$Y11&"|wl")),IFERROR((SUMIFS(HLTV_Long!$B$2:$B$337,HLTV_Long!$A$2:$A$337,$A11&"|B|"&"ALL"&"|lw")+SUMIFS(HLTV_Long!$B$2:$B$337,HLTV_Long!$A$2:$A$337,$A11&"|A|"&"ALL"&"|wl"))/(COUNTIFS(HLTV_Long!$A$2:$A$337,$A11&"|B|"&"ALL"&"|lw")+COUNTIFS(HLTV_Long!$A$2:$A$337,$A11&"|A|"&"ALL"&"|wl")),""))) -> 9.3 | AY11: =IF($Y11="","",COUNTIFS(HLTV_Long!$A$2:$A$337,$A11&"|A|"&$Y11&"|lw")+COUNTIFS(HLTV_Long!$A$2:$A$337,$A11&"|B|"&$Y11&"|wl")+COUNTIFS(HLTV_Long!$A$2:$A$337,$A11&"|B|"&$Y11&"|lw")+COUNTIFS(HLTV_Long!$A$2:$A$337,$A11&"|A|"&$Y11&"|wl")) -> 4 | AZ11: =IF(OR($AW11="",$AX11="",$AH11=""),"",13+$AH11*$AW11+(1-$AH11)*$AX11) -> 21.202739 | BA11: =IF($AZ11="","",$AH11*(13-$AW11)-(1-$AH11)*(13-$AX11)) -> 3.816021 | BB11: =IF($AZ11="","",($AH11*13+(1-$AH11)*$AX11)/$AZ11) -> 0.58998887
A12: CS2 · JJH vs IS | B12: CS2 | C12: Tue 09:00 | D12: 3 | E12: JiJieHao (JJH) | F12: Iberian Soul (IS) | G12: 0.54907162 | H12: 0.29255657 | I12: 0.24420688 | J12: 0.46323655 | K12: Mirage 43% | L12: Inferno 20% | M12: Ancient 9% | N12: PF Map Picks | O12: 21.195113 | P12: 21.172398 | R12: 0.14749662 | S12: 0.73275862 | V12: 275 | W12: Mirage | X12: Inferno | Y12: Ancient | Z12: 21.2 | AA12: 21.17 | AB12: =Config!$B$7 -> 21.5 | AC12: 0.4632 | AD12: JJH | AE12: IS | AF12: 0.5253 | AG12: 0.5253 | AH12: 0.5491 | AI12: =IFERROR(INDEX(HLTV_Teams!$N$2:$N$25,MATCH($A12&"|A",HLTV_Teams!$A$2:$A$25,0)),"") -> 0.49503004 | AJ12: =IFERROR(INDEX(HLTV_Teams!$N$2:$N$25,MATCH($A12&"|B",HLTV_Teams!$A$2:$A$25,0)),"") -> 0.5128564 | AK12: =IF($W12="","",IFERROR((SUMIFS(HLTV_Long!$B$2:$B$337,HLTV_Long!$A$2:$A$337,$A12&"|A|"&$W12&"|lw")+SUMIFS(HLTV_Long!$B$2:$B$337,HLTV_Long!$A$2:$A$337,$A12&"|B|"&$W12&"|wl"))/(COUNTIFS(HLTV_Long!$A$2:$A$337,$A12&"|A|"&$W12&"|lw")+COUNTIFS(HLTV_Long!$A$2:$A$337,$A12&"|B|"&$W12&"|wl")),IFERROR((SUMIFS(HLTV_Long!$B$2:$B$337,HLTV_Long!$A$2:$A$337,$A12&"|A|"&"ALL"&"|lw")+SUMIFS(HLTV_Long!$B$2:$B$337,HLTV_Long!$A$2:$A$337,$A12&"|B|"&"ALL"&"|wl"))/(COUNTIFS(HLTV_Long!$A$2:$A$337,$A12&"|A|"&"ALL"&"|lw")+COUNTIFS(HLTV_Long!$A$2:$A$337,$A12&"|B|"&"ALL"&"|wl")),""))) -> 6.285 | AL12: =IF($W12="","",IFERROR((SUMIFS(HLTV_Long!$B$2:$B$337,HLTV_Long!$A$2:$A$337,$A12&"|B|"&$W12&"|lw")+SUMIFS(HLTV_Long!$B$2:$B$337,HLTV_Long!$A$2:$A$337,$A12&"|A|"&$W12&"|wl"))/(COUNTIFS(HLTV_Long!$A$2:$A$337,$A12&"|B|"&$W12&"|lw")+COUNTIFS(HLTV_Long!$A$2:$A$337,$A12&"|A|"&$W12&"|wl")),IFERROR((SUMIFS(HLTV_Long!$B$2:$B$337,HLTV_Long!$A$2:$A$337,$A12&"|B|"&"ALL"&"|lw")+SUMIFS(HLTV_Long!$B$2:$B$337,HLTV_Long!$A$2:$A$337,$A12&"|A|"&"ALL"&"|wl"))/(COUNTIFS(HLTV_Long!$A$2:$A$337,$A12&"|B|"&"ALL"&"|lw")+COUNTIFS(HLTV_Long!$A$2:$A$337,$A12&"|A|"&"ALL"&"|wl")),""))) -> 9 | AM12: =IF($W12="","",COUNTIFS(HLTV_Long!$A$2:$A$337,$A12&"|A|"&$W12&"|lw")+COUNTIFS(HLTV_Long!$A$2:$A$337,$A12&"|B|"&$W12&"|wl")+COUNTIFS(HLTV_Long!$A$2:$A$337,$A12&"|B|"&$W12&"|lw")+COUNTIFS(HLTV_Long!$A$2:$A$337,$A12&"|A|"&$W12&"|wl")) -> 4 | AN12: =IF(OR($AK12="",$AL12="",$AF12=""),"",13+$AF12*$AK12+(1-$AF12)*$AL12) -> 20.573811 | AO12: =IF($AN12="","",$AF12*(13-$AK12)-(1-$AF12)*(13-$AL12)) -> 1.6285895 | AP12: =IF($AN12="","",($AF12*13+(1-$AF12)*$AL12)/$AN12) -> 0.53957919 | AQ12: =IF($X12="","",IFERROR((SUMIFS(HLTV_Long!$B$2:$B$337,HLTV_Long!$A$2:$A$337,$A12&"|A|"&$X12&"|lw")+SUMIFS(HLTV_Long!$B$2:$B$337,HLTV_Long!$A$2:$A$337,$A12&"|B|"&$X12&"|wl"))/(COUNTIFS(HLTV_Long!$A$2:$A$337,$A12&"|A|"&$X12&"|lw")+COUNTIFS(HLTV_Long!$A$2:$A$337,$A12&"|B|"&$X12&"|wl")),IFERROR((SUMIFS(HLTV_Long!$B$2:$B$337,HLTV_Long!$A$2:$A$337,$A12&"|A|"&"ALL"&"|lw")+SUMIFS(HLTV_Long!$B$2:$B$337,HLTV_Long!$A$2:$A$337,$A12&"|B|"&"ALL"&"|wl"))/(COUNTIFS(HLTV_Long!$A$2:$A$337,$A12&"|A|"&"ALL"&"|lw")+COUNTIFS(HLTV_Long!$A$2:$A$337,$A12&"|B|"&"ALL"&"|wl")),""))) -> 8.25 | AR12: =IF($X12="","",IFERROR((SUMIFS(HLTV_Long!$B$2:$B$337,HLTV_Long!$A$2:$A$337,$A12&"|B|"&$X12&"|lw")+SUMIFS(HLTV_Long!$B$2:$B$337,HLTV_Long!$A$2:$A$337,$A12&"|A|"&$X12&"|wl"))/(COUNTIFS(HLTV_Long!$A$2:$A$337,$A12&"|B|"&$X12&"|lw")+COUNTIFS(HLTV_Long!$A$2:$A$337,$A12&"|A|"&$X12&"|wl")),IFERROR((SUMIFS(HLTV_Long!$B$2:$B$337,HLTV_Long!$A$2:$A$337,$A12&"|B|"&"ALL"&"|lw")+SUMIFS(HLTV_Long!$B$2:$B$337,HLTV_Long!$A$2:$A$337,$A12&"|A|"&"ALL"&"|wl"))/(COUNTIFS(HLTV_Long!$A$2:$A$337,$A12&"|B|"&"ALL"&"|lw")+COUNTIFS(HLTV_Long!$A$2:$A$337,$A12&"|A|"&"ALL"&"|wl")),""))) -> 7.215 | AS12: =IF($X12="","",COUNTIFS(HLTV_Long!$A$2:$A$337,$A12&"|A|"&$X12&"|lw")+COUNTIFS(HLTV_Long!$A$2:$A$337,$A12&"|B|"&$X12&"|wl")+COUNTIFS(HLTV_Long!$A$2:$A$337,$A12&"|B|"&$X12&"|lw")+COUNTIFS(HLTV_Long!$A$2:$A$337,$A12&"|A|"&$X12&"|wl")) -> 4 | AT12: =IF(OR($AQ12="",$AR12="",$AG12=""),"",13+$AG12*$AQ12+(1-$AG12)*$AR12) -> 20.758685 | AU12: =IF($AT12="","",$AG12*(13-$AQ12)-(1-$AG12)*(13-$AR12)) -> -0.2509645 | AV12: =IF($AT12="","",($AG12*13+(1-$AG12)*$AR12)/$AT12) -> 0.49395519 | AW12: =IF($Y12="","",IFERROR((SUMIFS(HLTV_Long!$B$2:$B$337,HLTV_Long!$A$2:$A$337,$A12&"|A|"&$Y12&"|lw")+SUMIFS(HLTV_Long!$B$2:$B$337,HLTV_Long!$A$2:$A$337,$A12&"|B|"&$Y12&"|wl"))/(COUNTIFS(HLTV_Long!$A$2:$A$337,$A12&"|A|"&$Y12&"|lw")+COUNTIFS(HLTV_Long!$A$2:$A$337,$A12&"|B|"&$Y12&"|wl")),IFERROR((SUMIFS(HLTV_Long!$B$2:$B$337,HLTV_Long!$A$2:$A$337,$A12&"|A|"&"ALL"&"|lw")+SUMIFS(HLTV_Long!$B$2:$B$337,HLTV_Long!$A$2:$A$337,$A12&"|B|"&"ALL"&"|wl"))/(COUNTIFS(HLTV_Long!$A$2:$A$337,$A12&"|A|"&"ALL"&"|lw")+COUNTIFS(HLTV_Long!$A$2:$A$337,$A12&"|B|"&"ALL"&"|wl")),""))) -> 11 | AX12: =IF($Y12="","",IFERROR((SUMIFS(HLTV_Long!$B$2:$B$337,HLTV_Long!$A$2:$A$337,$A12&"|B|"&$Y12&"|lw")+SUMIFS(HLTV_Long!$B$2:$B$337,HLTV_Long!$A$2:$A$337,$A12&"|A|"&$Y12&"|wl"))/(COUNTIFS(HLTV_Long!$A$2:$A$337,$A12&"|B|"&$Y12&"|lw")+COUNTIFS(HLTV_Long!$A$2:$A$337,$A12&"|A|"&$Y12&"|wl")),IFERROR((SUMIFS(HLTV_Long!$B$2:$B$337,HLTV_Long!$A$2:$A$337,$A12&"|B|"&"ALL"&"|lw")+SUMIFS(HLTV_Long!$B$2:$B$337,HLTV_Long!$A$2:$A$337,$A12&"|A|"&"ALL"&"|wl"))/(COUNTIFS(HLTV_Long!$A$2:$A$337,$A12&"|B|"&"ALL"&"|lw")+COUNTIFS(HLTV_Long!$A$2:$A$337,$A12&"|A|"&"ALL"&"|wl")),""))) -> 8.69 | AY12: =IF($Y12="","",COUNTIFS(HLTV_Long!$A$2:$A$337,$A12&"|A|"&$Y12&"|lw")+COUNTIFS(HLTV_Long!$A$2:$A$337,$A12&"|B|"&$Y12&"|wl")+COUNTIFS(HLTV_Long!$A$2:$A$337,$A12&"|B|"&$Y12&"|lw")+COUNTIFS(HLTV_Long!$A$2:$A$337,$A12&"|A|"&$Y12&"|wl")) -> 4 | AZ12: =IF(OR($AW12="",$AX12="",$AH12=""),"",13+$AH12*$AW12+(1-$AH12)*$AX12) -> 22.958421 | BA12: =IF($AZ12="","",$AH12*(13-$AW12)-(1-$AH12)*(13-$AX12)) -> -0.845179 | BB12: =IF($AZ12="","",($AH12*13+(1-$AH12)*$AX12)/$AZ12) -> 0.48159327
A13: CS2 · SAW vs SIN | B13: CS2 | C13: Tue 09:00 | D13: 3 | E13: SAw (SAW) | F13: SINNERS (SIN) | G13: 0.3857868 | H13: 0.19952494 | I13: 0.34600158 | J13: 0.45447348 | K13: Cache 24% | L13: Nuke 23% | M13: Ancient 17% | N13: PF Map Picks | O13: 21.198502 | P13: 21.07268 | R13: 0.14749662 | S13: -0.68397706 | V13: 315 | W13: Cache | X13: Nuke | Y13: Ancient | Z13: 21.2 | AA13: 21.07 | AB13: =Config!$B$7 -> 21.5 | AC13: 0.4545 | AD13: SAW | AE13: SIN | AF13: 0.4601 | AG13: 0.3813 | AH13: 0.3858 | AI13: =IFERROR(INDEX(HLTV_Teams!$N$2:$N$25,MATCH($A13&"|A",HLTV_Teams!$A$2:$A$25,0)),"") -> 0.52086765 | AJ13: =IFERROR(INDEX(HLTV_Teams!$N$2:$N$25,MATCH($A13&"|B",HLTV_Teams!$A$2:$A$25,0)),"") -> 0.51558916 | AK13: =IF($W13="","",IFERROR((SUMIFS(HLTV_Long!$B$2:$B$337,HLTV_Long!$A$2:$A$337,$A13&"|A|"&$W13&"|lw")+SUMIFS(HLTV_Long!$B$2:$B$337,HLTV_Long!$A$2:$A$337,$A13&"|B|"&$W13&"|wl"))/(COUNTIFS(HLTV_Long!$A$2:$A$337,$A13&"|A|"&$W13&"|lw")+COUNTIFS(HLTV_Long!$A$2:$A$337,$A13&"|B|"&$W13&"|wl")),IFERROR((SUMIFS(HLTV_Long!$B$2:$B$337,HLTV_Long!$A$2:$A$337,$A13&"|A|"&"ALL"&"|lw")+SUMIFS(HLTV_Long!$B$2:$B$337,HLTV_Long!$A$2:$A$337,$A13&"|B|"&"ALL"&"|wl"))/(COUNTIFS(HLTV_Long!$A$2:$A$337,$A13&"|A|"&"ALL"&"|lw")+COUNTIFS(HLTV_Long!$A$2:$A$337,$A13&"|B|"&"ALL"&"|wl")),""))) -> 9.185 | AL13: =IF($W13="","",IFERROR((SUMIFS(HLTV_Long!$B$2:$B$337,HLTV_Long!$A$2:$A$337,$A13&"|B|"&$W13&"|lw")+SUMIFS(HLTV_Long!$B$2:$B$337,HLTV_Long!$A$2:$A$337,$A13&"|A|"&$W13&"|wl"))/(COUNTIFS(HLTV_Long!$A$2:$A$337,$A13&"|B|"&$W13&"|lw")+COUNTIFS(HLTV_Long!$A$2:$A$337,$A13&"|A|"&$W13&"|wl")),IFERROR((SUMIFS(HLTV_Long!$B$2:$B$337,HLTV_Long!$A$2:$A$337,$A13&"|B|"&"ALL"&"|lw")+SUMIFS(HLTV_Long!$B$2:$B$337,HLTV_Long!$A$2:$A$337,$A13&"|A|"&"ALL"&"|wl"))/(COUNTIFS(HLTV_Long!$A$2:$A$337,$A13&"|B|"&"ALL"&"|lw")+COUNTIFS(HLTV_Long!$A$2:$A$337,$A13&"|A|"&"ALL"&"|wl")),""))) -> 8.605 | AM13: =IF($W13="","",COUNTIFS(HLTV_Long!$A$2:$A$337,$A13&"|A|"&$W13&"|lw")+COUNTIFS(HLTV_Long!$A$2:$A$337,$A13&"|B|"&$W13&"|wl")+COUNTIFS(HLTV_Long!$A$2:$A$337,$A13&"|B|"&$W13&"|lw")+COUNTIFS(HLTV_Long!$A$2:$A$337,$A13&"|A|"&$W13&"|wl")) -> 4 | AN13: =IF(OR($AK13="",$AL13="",$AF13=""),"",13+$AF13*$AK13+(1-$AF13)*$AL13) -> 21.871858 | AO13: =IF($AN13="","",$AF13*(13-$AK13)-(1-$AF13)*(13-$AL13)) -> -0.617579 | AP13: =IF($AN13="","",($AF13*13+(1-$AF13)*$AL13)/$AN13) -> 0.48588188 | AQ13: =IF($X13="","",IFERROR((SUMIFS(HLTV_Long!$B$2:$B$337,HLTV_Long!$A$2:$A$337,$A13&"|A|"&$X13&"|lw")+SUMIFS(HLTV_Long!$B$2:$B$337,HLTV_Long!$A$2:$A$337,$A13&"|B|"&$X13&"|wl"))/(COUNTIFS(HLTV_Long!$A$2:$A$337,$A13&"|A|"&$X13&"|lw")+COUNTIFS(HLTV_Long!$A$2:$A$337,$A13&"|B|"&$X13&"|wl")),IFERROR((SUMIFS(HLTV_Long!$B$2:$B$337,HLTV_Long!$A$2:$A$337,$A13&"|A|"&"ALL"&"|lw")+SUMIFS(HLTV_Long!$B$2:$B$337,HLTV_Long!$A$2:$A$337,$A13&"|B|"&"ALL"&"|wl"))/(COUNTIFS(HLTV_Long!$A$2:$A$337,$A13&"|A|"&"ALL"&"|lw")+COUNTIFS(HLTV_Long!$A$2:$A$337,$A13&"|B|"&"ALL"&"|wl")),""))) -> 8.465 | AR13: =IF($X13="","",IFERROR((SUMIFS(HLTV_Long!$B$2:$B$337,HLTV_Long!$A$2:$A$337,$A13&"|B|"&$X13&"|lw")+SUMIFS(HLTV_Long!$B$2:$B$337,HLTV_Long!$A$2:$A$337,$A13&"|A|"&$X13&"|wl"))/(COUNTIFS(HLTV_Long!$A$2:$A$337,$A13&"|B|"&$X13&"|lw")+COUNTIFS(HLTV_Long!$A$2:$A$337,$A13&"|A|"&$X13&"|wl")),IFERROR((SUMIFS(HLTV_Long!$B$2:$B$337,HLTV_Long!$A$2:$A$337,$A13&"|B|"&"ALL"&"|lw")+SUMIFS(HLTV_Long!$B$2:$B$337,HLTV_Long!$A$2:$A$337,$A13&"|A|"&"ALL"&"|wl"))/(COUNTIFS(HLTV_Long!$A$2:$A$337,$A13&"|B|"&"ALL"&"|lw")+COUNTIFS(HLTV_Long!$A$2:$A$337,$A13&"|A|"&"ALL"&"|wl")),""))) -> 6.585 | AS13: =IF($X13="","",COUNTIFS(HLTV_Long!$A$2:$A$337,$A13&"|A|"&$X13&"|lw")+COUNTIFS(HLTV_Long!$A$2:$A$337,$A13&"|B|"&$X13&"|wl")+COUNTIFS(HLTV_Long!$A$2:$A$337,$A13&"|B|"&$X13&"|lw")+COUNTIFS(HLTV_Long!$A$2:$A$337,$A13&"|A|"&$X13&"|wl")) -> 4 | AT13: =IF(OR($AQ13="",$AR13="",$AG13=""),"",13+$AG13*$AQ13+(1-$AG13)*$AR13) -> 20.301844 | AU13: =IF($AT13="","",$AG13*(13-$AQ13)-(1-$AG13)*(13-$AR13)) -> -2.239765 | AV13: =IF($AT13="","",($AG13*13+(1-$AG13)*$AR13)/$AT13) -> 0.44483839 | AW13: =IF($Y13="","",IFERROR((SUMIFS(HLTV_Long!$B$2:$B$337,HLTV_Long!$A$2:$A$337,$A13&"|A|"&$Y13&"|lw")+SUMIFS(HLTV_Long!$B$2:$B$337,HLTV_Long!$A$2:$A$337,$A13&"|B|"&$Y13&"|wl"))/(COUNTIFS(HLTV_Long!$A$2:$A$337,$A13&"|A|"&$Y13&"|lw")+COUNTIFS(HLTV_Long!$A$2:$A$337,$A13&"|B|"&$Y13&"|wl")),IFERROR((SUMIFS(HLTV_Long!$B$2:$B$337,HLTV_Long!$A$2:$A$337,$A13&"|A|"&"ALL"&"|lw")+SUMIFS(HLTV_Long!$B$2:$B$337,HLTV_Long!$A$2:$A$337,$A13&"|B|"&"ALL"&"|wl"))/(COUNTIFS(HLTV_Long!$A$2:$A$337,$A13&"|A|"&"ALL"&"|lw")+COUNTIFS(HLTV_Long!$A$2:$A$337,$A13&"|B|"&"ALL"&"|wl")),""))) -> 7.475 | AX13: =IF($Y13="","",IFERROR((SUMIFS(HLTV_Long!$B$2:$B$337,HLTV_Long!$A$2:$A$337,$A13&"|B|"&$Y13&"|lw")+SUMIFS(HLTV_Long!$B$2:$B$337,HLTV_Long!$A$2:$A$337,$A13&"|A|"&$Y13&"|wl"))/(COUNTIFS(HLTV_Long!$A$2:$A$337,$A13&"|B|"&$Y13&"|lw")+COUNTIFS(HLTV_Long!$A$2:$A$337,$A13&"|A|"&$Y13&"|wl")),IFERROR((SUMIFS(HLTV_Long!$B$2:$B$337,HLTV_Long!$A$2:$A$337,$A13&"|B|"&"ALL"&"|lw")+SUMIFS(HLTV_Long!$B$2:$B$337,HLTV_Long!$A$2:$A$337,$A13&"|A|"&"ALL"&"|wl"))/(COUNTIFS(HLTV_Long!$A$2:$A$337,$A13&"|B|"&"ALL"&"|lw")+COUNTIFS(HLTV_Long!$A$2:$A$337,$A13&"|A|"&"ALL"&"|wl")),""))) -> 7.965 | AY13: =IF($Y13="","",COUNTIFS(HLTV_Long!$A$2:$A$337,$A13&"|A|"&$Y13&"|lw")+COUNTIFS(HLTV_Long!$A$2:$A$337,$A13&"|B|"&$Y13&"|wl")+COUNTIFS(HLTV_Long!$A$2:$A$337,$A13&"|B|"&$Y13&"|lw")+COUNTIFS(HLTV_Long!$A$2:$A$337,$A13&"|A|"&$Y13&"|wl")) -> 4 | AZ13: =IF(OR($AW13="",$AX13="",$AH13=""),"",13+$AH13*$AW13+(1-$AH13)*$AX13) -> 20.775958 | BA13: =IF($AZ13="","",$AH13*(13-$AW13)-(1-$AH13)*(13-$AX13)) -> -0.960952 | BB13: =IF($AZ13="","",($AH13*13+(1-$AH13)*$AX13)/$AZ13) -> 0.47687346
A14: CS2 [NO MARKET] · ASTR vs LG | B14: CS2 | C14: Tue 09:00 | D14: 3 | E14: ASTR (ASTR) | F14: LG (LG) | K14: Inferno 41% | L14: Dust2 17% | M14: Ancient 13% | N14: PF Map Picks | V14: 0 | W14: Inferno | X14: Dust2 | Y14: Ancient | Z14: =Config!$B$7 -> 21.5 | AA14: =Config!$B$7 -> 21.5 | AB14: =Config!$B$7 -> 21.5 | AC14: 0 | AD14: ASTR | AE14: LG
A15: CS2 · BIG vs MGLZ | B15: CS2 | C15: Tue 10:00 | D15: 3 | E15: BIG (BIG) | F15: MongolZ (MGLZ) | G15: 0.47297297 | H15: 0.22417934 | I15: 0.26621297 | J15: 0.50960769 | K15: Inferno 46% | L15: Dust2 36% | M15: Nuke 9% | N15: PF Map Picks | O15: 21.5 | P15: 21.5 | Q15: 21.5 | R15: 0.15942029 | S15: -1.3648957 | T15: 11.5 | V15: 227 | W15: Inferno | X15: Dust2 | Y15: Nuke | Z15: 21.5 | AA15: 21.5 | AB15: 21.5 | AC15: 0.5096 | AD15: BIG | AE15: MGLZ | AF15: 0.44 | AG15: 0.5135 | AH15: 0.4811 | AI15: =IFERROR(INDEX(HLTV_Teams!$N$2:$N$25,MATCH($A15&"|A",HLTV_Teams!$A$2:$A$25,0)),"") -> 0.51610058 | AJ15: =IFERROR(INDEX(HLTV_Teams!$N$2:$N$25,MATCH($A15&"|B",HLTV_Teams!$A$2:$A$25,0)),"") -> 0.49778606 | AK15: =IF($W15="","",IFERROR((SUMIFS(HLTV_Long!$B$2:$B$337,HLTV_Long!$A$2:$A$337,$A15&"|A|"&$W15&"|lw")+SUMIFS(HLTV_Long!$B$2:$B$337,HLTV_Long!$A$2:$A$337,$A15&"|B|"&$W15&"|wl"))/(COUNTIFS(HLTV_Long!$A$2:$A$337,$A15&"|A|"&$W15&"|lw")+COUNTIFS(HLTV_Long!$A$2:$A$337,$A15&"|B|"&$W15&"|wl")),IFERROR((SUMIFS(HLTV_Long!$B$2:$B$337,HLTV_Long!$A$2:$A$337,$A15&"|A|"&"ALL"&"|lw")+SUMIFS(HLTV_Long!$B$2:$B$337,HLTV_Long!$A$2:$A$337,$A15&"|B|"&"ALL"&"|wl"))/(COUNTIFS(HLTV_Long!$A$2:$A$337,$A15&"|A|"&"ALL"&"|lw")+COUNTIFS(HLTV_Long!$A$2:$A$337,$A15&"|B|"&"ALL"&"|wl")),""))) -> 7.71 | AL15: =IF($W15="","",IFERROR((SUMIFS(HLTV_Long!$B$2:$B$337,HLTV_Long!$A$2:$A$337,$A15&"|B|"&$W15&"|lw")+SUMIFS(HLTV_Long!$B$2:$B$337,HLTV_Long!$A$2:$A$337,$A15&"|A|"&$W15&"|wl"))/(COUNTIFS(HLTV_Long!$A$2:$A$337,$A15&"|B|"&$W15&"|lw")+COUNTIFS(HLTV_Long!$A$2:$A$337,$A15&"|A|"&$W15&"|wl")),IFERROR((SUMIFS(HLTV_Long!$B$2:$B$337,HLTV_Long!$A$2:$A$337,$A15&"|B|"&"ALL"&"|lw")+SUMIFS(HLTV_Long!$B$2:$B$337,HLTV_Long!$A$2:$A$337,$A15&"|A|"&"ALL"&"|wl"))/(COUNTIFS(HLTV_Long!$A$2:$A$337,$A15&"|B|"&"ALL"&"|lw")+COUNTIFS(HLTV_Long!$A$2:$A$337,$A15&"|A|"&"ALL"&"|wl")),""))) -> 6 | AM15: =IF($W15="","",COUNTIFS(HLTV_Long!$A$2:$A$337,$A15&"|A|"&$W15&"|lw")+COUNTIFS(HLTV_Long!$A$2:$A$337,$A15&"|B|"&$W15&"|wl")+COUNTIFS(HLTV_Long!$A$2:$A$337,$A15&"|B|"&$W15&"|lw")+COUNTIFS(HLTV_Long!$A$2:$A$337,$A15&"|A|"&$W15&"|wl")) -> 4 | AN15: =IF(OR($AK15="",$AL15="",$AF15=""),"",13+$AF15*$AK15+(1-$AF15)*$AL15) -> 19.7524 | AO15: =IF($AN15="","",$AF15*(13-$AK15)-(1-$AF15)*(13-$AL15)) -> -1.5924 | AP15: =IF($AN15="","",($AF15*13+(1-$AF15)*$AL15)/$AN15) -> 0.45969097 | AQ15: =IF($X15="","",IFERROR((SUMIFS(HLTV_Long!$B$2:$B$337,HLTV_Long!$A$2:$A$337,$A15&"|A|"&$X15&"|lw")+SUMIFS(HLTV_Long!$B$2:$B$337,HLTV_Long!$A$2:$A$337,$A15&"|B|"&$X15&"|wl"))/(COUNTIFS(HLTV_Long!$A$2:$A$337,$A15&"|A|"&$X15&"|lw")+COUNTIFS(HLTV_Long!$A$2:$A$337,$A15&"|B|"&$X15&"|wl")),IFERROR((SUMIFS(HLTV_Long!$B$2:$B$337,HLTV_Long!$A$2:$A$337,$A15&"|A|"&"ALL"&"|lw")+SUMIFS(HLTV_Long!$B$2:$B$337,HLTV_Long!$A$2:$A$337,$A15&"|B|"&"ALL"&"|wl"))/(COUNTIFS(HLTV_Long!$A$2:$A$337,$A15&"|A|"&"ALL"&"|lw")+COUNTIFS(HLTV_Long!$A$2:$A$337,$A15&"|B|"&"ALL"&"|wl")),""))) -> 8.75 | AR15: =IF($X15="","",IFERROR((SUMIFS(HLTV_Long!$B$2:$B$337,HLTV_Long!$A$2:$A$337,$A15&"|B|"&$X15&"|lw")+SUMIFS(HLTV_Long!$B$2:$B$337,HLTV_Long!$A$2:$A$337,$A15&"|A|"&$X15&"|wl"))/(COUNTIFS(HLTV_Long!$A$2:$A$337,$A15&"|B|"&$X15&"|lw")+COUNTIFS(HLTV_Long!$A$2:$A$337,$A15&"|A|"&$X15&"|wl")),IFERROR((SUMIFS(HLTV_Long!$B$2:$B$337,HLTV_Long!$A$2:$A$337,$A15&"|B|"&"ALL"&"|lw")+SUMIFS(HLTV_Long!$B$2:$B$337,HLTV_Long!$A$2:$A$337,$A15&"|A|"&"ALL"&"|wl"))/(COUNTIFS(HLTV_Long!$A$2:$A$337,$A15&"|B|"&"ALL"&"|lw")+COUNTIFS(HLTV_Long!$A$2:$A$337,$A15&"|A|"&"ALL"&"|wl")),""))) -> 10.665 | AS15: =IF($X15="","",COUNTIFS(HLTV_Long!$A$2:$A$337,$A15&"|A|"&$X15&"|lw")+COUNTIFS(HLTV_Long!$A$2:$A$337,$A15&"|B|"&$X15&"|wl")+COUNTIFS(HLTV_Long!$A$2:$A$337,$A15&"|B|"&$X15&"|lw")+COUNTIFS(HLTV_Long!$A$2:$A$337,$A15&"|A|"&$X15&"|wl")) -> 4 | AT15: =IF(OR($AQ15="",$AR15="",$AG15=""),"",13+$AG15*$AQ15+(1-$AG15)*$AR15) -> 22.681648 | AU15: =IF($AT15="","",$AG15*(13-$AQ15)-(1-$AG15)*(13-$AR15)) -> 1.0463975 | AV15: =IF($AT15="","",($AG15*13+(1-$AG15)*$AR15)/$AT15) -> 0.52306705 | AW15: =IF($Y15="","",IFERROR((SUMIFS(HLTV_Long!$B$2:$B$337,HLTV_Long!$A$2:$A$337,$A15&"|A|"&$Y15&"|lw")+SUMIFS(HLTV_Long!$B$2:$B$337,HLTV_Long!$A$2:$A$337,$A15&"|B|"&$Y15&"|wl"))/(COUNTIFS(HLTV_Long!$A$2:$A$337,$A15&"|A|"&$Y15&"|lw")+COUNTIFS(HLTV_Long!$A$2:$A$337,$A15&"|B|"&$Y15&"|wl")),IFERROR((SUMIFS(HLTV_Long!$B$2:$B$337,HLTV_Long!$A$2:$A$337,$A15&"|A|"&"ALL"&"|lw")+SUMIFS(HLTV_Long!$B$2:$B$337,HLTV_Long!$A$2:$A$337,$A15&"|B|"&"ALL"&"|wl"))/(COUNTIFS(HLTV_Long!$A$2:$A$337,$A15&"|A|"&"ALL"&"|lw")+COUNTIFS(HLTV_Long!$A$2:$A$337,$A15&"|B|"&"ALL"&"|wl")),""))) -> 7.665 | AX15: =IF($Y15="","",IFERROR((SUMIFS(HLTV_Long!$B$2:$B$337,HLTV_Long!$A$2:$A$337,$A15&"|B|"&$Y15&"|lw")+SUMIFS(HLTV_Long!$B$2:$B$337,HLTV_Long!$A$2:$A$337,$A15&"|A|"&$Y15&"|wl"))/(COUNTIFS(HLTV_Long!$A$2:$A$337,$A15&"|B|"&$Y15&"|lw")+COUNTIFS(HLTV_Long!$A$2:$A$337,$A15&"|A|"&$Y15&"|wl")),IFERROR((SUMIFS(HLTV_Long!$B$2:$B$337,HLTV_Long!$A$2:$A$337,$A15&"|B|"&"ALL"&"|lw")+SUMIFS(HLTV_Long!$B$2:$B$337,HLTV_Long!$A$2:$A$337,$A15&"|A|"&"ALL"&"|wl"))/(COUNTIFS(HLTV_Long!$A$2:$A$337,$A15&"|B|"&"ALL"&"|lw")+COUNTIFS(HLTV_Long!$A$2:$A$337,$A15&"|A|"&"ALL"&"|wl")),""))) -> 9.5 | AY15: =IF($Y15="","",COUNTIFS(HLTV_Long!$A$2:$A$337,$A15&"|A|"&$Y15&"|lw")+COUNTIFS(HLTV_Long!$A$2:$A$337,$A15&"|B|"&$Y15&"|wl")+COUNTIFS(HLTV_Long!$A$2:$A$337,$A15&"|B|"&$Y15&"|lw")+COUNTIFS(HLTV_Long!$A$2:$A$337,$A15&"|A|"&$Y15&"|wl")) -> 4 | AZ15: =IF(OR($AW15="",$AX15="",$AH15=""),"",13+$AH15*$AW15+(1-$AH15)*$AX15) -> 21.617182 | BA15: =IF($AZ15="","",$AH15*(13-$AW15)-(1-$AH15)*(13-$AX15)) -> 0.7505185 | BB15: =IF($AZ15="","",($AH15*13+(1-$AH15)*$AX15)/$AZ15) -> 0.51735931
A16: CS2 [NO MARKET] · FOKUS vs ex-ZT | B16: CS2 | C16: Tue 10:00 | D16: 3 | E16: FOKUS (FOKUS) | F16: ex-ZT (ex-ZT) | K16: Cache 58% | L16: Dust2 17% | M16: Nuke 10% | N16: PF Map Picks | V16: 0 | W16: Cache | X16: Dust2 | Y16: Nuke | Z16: =Config!$B$7 -> 21.5 | AA16: =Config!$B$7 -> 21.5 | AB16: =Config!$B$7 -> 21.5 | AC16: 0 | AD16: FOKUS | AE16: ex-ZT | AI16: =IFERROR(INDEX(HLTV_Teams!$N$2:$N$25,MATCH($A16&"|A",HLTV_Teams!$A$2:$A$25,0)),"") -> 0.5051746 | AJ16: =IFERROR(INDEX(HLTV_Teams!$N$2:$N$25,MATCH($A16&"|B",HLTV_Teams!$A$2:$A$25,0)),"") -> 0.54819008 | AK16: =IF($W16="","",IFERROR((SUMIFS(HLTV_Long!$B$2:$B$337,HLTV_Long!$A$2:$A$337,$A16&"|A|"&$W16&"|lw")+SUMIFS(HLTV_Long!$B$2:$B$337,HLTV_Long!$A$2:$A$337,$A16&"|B|"&$W16&"|wl"))/(COUNTIFS(HLTV_Long!$A$2:$A$337,$A16&"|A|"&$W16&"|lw")+COUNTIFS(HLTV_Long!$A$2:$A$337,$A16&"|B|"&$W16&"|wl")),IFERROR((SUMIFS(HLTV_Long!$B$2:$B$337,HLTV_Long!$A$2:$A$337,$A16&"|A|"&"ALL"&"|lw")+SUMIFS(HLTV_Long!$B$2:$B$337,HLTV_Long!$A$2:$A$337,$A16&"|B|"&"ALL"&"|wl"))/(COUNTIFS(HLTV_Long!$A$2:$A$337,$A16&"|A|"&"ALL"&"|lw")+COUNTIFS(HLTV_Long!$A$2:$A$337,$A16&"|B|"&"ALL"&"|wl")),""))) -> 8.665 | AL16: =IF($W16="","",IFERROR((SUMIFS(HLTV_Long!$B$2:$B$337,HLTV_Long!$A$2:$A$337,$A16&"|B|"&$W16&"|lw")+SUMIFS(HLTV_Long!$B$2:$B$337,HLTV_Long!$A$2:$A$337,$A16&"|A|"&$W16&"|wl"))/(COUNTIFS(HLTV_Long!$A$2:$A$337,$A16&"|B|"&$W16&"|lw")+COUNTIFS(HLTV_Long!$A$2:$A$337,$A16&"|A|"&$W16&"|wl")),IFERROR((SUMIFS(HLTV_Long!$B$2:$B$337,HLTV_Long!$A$2:$A$337,$A16&"|B|"&"ALL"&"|lw")+SUMIFS(HLTV_Long!$B$2:$B$337,HLTV_Long!$A$2:$A$337,$A16&"|A|"&"ALL"&"|wl"))/(COUNTIFS(HLTV_Long!$A$2:$A$337,$A16&"|B|"&"ALL"&"|lw")+COUNTIFS(HLTV_Long!$A$2:$A$337,$A16&"|A|"&"ALL"&"|wl")),""))) -> 7.075 | AM16: =IF($W16="","",COUNTIFS(HLTV_Long!$A$2:$A$337,$A16&"|A|"&$W16&"|lw")+COUNTIFS(HLTV_Long!$A$2:$A$337,$A16&"|B|"&$W16&"|wl")+COUNTIFS(HLTV_Long!$A$2:$A$337,$A16&"|B|"&$W16&"|lw")+COUNTIFS(HLTV_Long!$A$2:$A$337,$A16&"|A|"&$W16&"|wl")) -> 4 | AN16: =IF(OR($AK16="",$AL16="",$AF16=""),"",13+$AF16*$AK16+(1-$AF16)*$AL16) | AO16: =IF($AN16="","",$AF16*(13-$AK16)-(1-$AF16)*(13-$AL16)) | AP16: =IF($AN16="","",($AF16*13+(1-$AF16)*$AL16)/$AN16) | AQ16: =IF($X16="","",IFERROR((SUMIFS(HLTV_Long!$B$2:$B$337,HLTV_Long!$A$2:$A$337,$A16&"|A|"&$X16&"|lw")+SUMIFS(HLTV_Long!$B$2:$B$337,HLTV_Long!$A$2:$A$337,$A16&"|B|"&$X16&"|wl"))/(COUNTIFS(HLTV_Long!$A$2:$A$337,$A16&"|A|"&$X16&"|lw")+COUNTIFS(HLTV_Long!$A$2:$A$337,$A16&"|B|"&$X16&"|wl")),IFERROR((SUMIFS(HLTV_Long!$B$2:$B$337,HLTV_Long!$A$2:$A$337,$A16&"|A|"&"ALL"&"|lw")+SUMIFS(HLTV_Long!$B$2:$B$337,HLTV_Long!$A$2:$A$337,$A16&"|B|"&"ALL"&"|wl"))/(COUNTIFS(HLTV_Long!$A$2:$A$337,$A16&"|A|"&"ALL"&"|lw")+COUNTIFS(HLTV_Long!$A$2:$A$337,$A16&"|B|"&"ALL"&"|wl")),""))) -> 8.46 | AR16: =IF($X16="","",IFERROR((SUMIFS(HLTV_Long!$B$2:$B$337,HLTV_Long!$A$2:$A$337,$A16&"|B|"&$X16&"|lw")+SUMIFS(HLTV_Long!$B$2:$B$337,HLTV_Long!$A$2:$A$337,$A16&"|A|"&$X16&"|wl"))/(COUNTIFS(HLTV_Long!$A$2:$A$337,$A16&"|B|"&$X16&"|lw")+COUNTIFS(HLTV_Long!$A$2:$A$337,$A16&"|A|"&$X16&"|wl")),IFERROR((SUMIFS(HLTV_Long!$B$2:$B$337,HLTV_Long!$A$2:$A$337,$A16&"|B|"&"ALL"&"|lw")+SUMIFS(HLTV_Long!$B$2:$B$337,HLTV_Long!$A$2:$A$337,$A16&"|A|"&"ALL"&"|wl"))/(COUNTIFS(HLTV_Long!$A$2:$A$337,$A16&"|B|"&"ALL"&"|lw")+COUNTIFS(HLTV_Long!$A$2:$A$337,$A16&"|A|"&"ALL"&"|wl")),""))) -> 7.66 | AS16: =IF($X16="","",COUNTIFS(HLTV_Long!$A$2:$A$337,$A16&"|A|"&$X16&"|lw")+COUNTIFS(HLTV_Long!$A$2:$A$337,$A16&"|B|"&$X16&"|wl")+COUNTIFS(HLTV_Long!$A$2:$A$337,$A16&"|B|"&$X16&"|lw")+COUNTIFS(HLTV_Long!$A$2:$A$337,$A16&"|A|"&$X16&"|wl")) -> 4 | AT16: =IF(OR($AQ16="",$AR16="",$AG16=""),"",13+$AG16*$AQ16+(1-$AG16)*$AR16) | AU16: =IF($AT16="","",$AG16*(13-$AQ16)-(1-$AG16)*(13-$AR16)) | AV16: =IF($AT16="","",($AG16*13+(1-$AG16)*$AR16)/$AT16) | AW16: =IF($Y16="","",IFERROR((SUMIFS(HLTV_Long!$B$2:$B$337,HLTV_Long!$A$2:$A$337,$A16&"|A|"&$Y16&"|lw")+SUMIFS(HLTV_Long!$B$2:$B$337,HLTV_Long!$A$2:$A$337,$A16&"|B|"&$Y16&"|wl"))/(COUNTIFS(HLTV_Long!$A$2:$A$337,$A16&"|A|"&$Y16&"|lw")+COUNTIFS(HLTV_Long!$A$2:$A$337,$A16&"|B|"&$Y16&"|wl")),IFERROR((SUMIFS(HLTV_Long!$B$2:$B$337,HLTV_Long!$A$2:$A$337,$A16&"|A|"&"ALL"&"|lw")+SUMIFS(HLTV_Long!$B$2:$B$337,HLTV_Long!$A$2:$A$337,$A16&"|B|"&"ALL"&"|wl"))/(COUNTIFS(HLTV_Long!$A$2:$A$337,$A16&"|A|"&"ALL"&"|lw")+COUNTIFS(HLTV_Long!$A$2:$A$337,$A16&"|B|"&"ALL"&"|wl")),""))) -> 8.195 | AX16: =IF($Y16="","",IFERROR((SUMIFS(HLTV_Long!$B$2:$B$337,HLTV_Long!$A$2:$A$337,$A16&"|B|"&$Y16&"|lw")+SUMIFS(HLTV_Long!$B$2:$B$337,HLTV_Long!$A$2:$A$337,$A16&"|A|"&$Y16&"|wl"))/(COUNTIFS(HLTV_Long!$A$2:$A$337,$A16&"|B|"&$Y16&"|lw")+COUNTIFS(HLTV_Long!$A$2:$A$337,$A16&"|A|"&$Y16&"|wl")),IFERROR((SUMIFS(HLTV_Long!$B$2:$B$337,HLTV_Long!$A$2:$A$337,$A16&"|B|"&"ALL"&"|lw")+SUMIFS(HLTV_Long!$B$2:$B$337,HLTV_Long!$A$2:$A$337,$A16&"|A|"&"ALL"&"|wl"))/(COUNTIFS(HLTV_Long!$A$2:$A$337,$A16&"|B|"&"ALL"&"|lw")+COUNTIFS(HLTV_Long!$A$2:$A$337,$A16&"|A|"&"ALL"&"|wl")),""))) -> 7.735 | AY16: =IF($Y16="","",COUNTIFS(HLTV_Long!$A$2:$A$337,$A16&"|A|"&$Y16&"|lw")+COUNTIFS(HLTV_Long!$A$2:$A$337,$A16&"|B|"&$Y16&"|wl")+COUNTIFS(HLTV_Long!$A$2:$A$337,$A16&"|B|"&$Y16&"|lw")+COUNTIFS(HLTV_Long!$A$2:$A$337,$A16&"|A|"&$Y16&"|wl")) -> 4 | AZ16: =IF(OR($AW16="",$AX16="",$AH16=""),"",13+$AH16*$AW16+(1-$AH16)*$AX16) | BA16: =IF($AZ16="","",$AH16*(13-$AW16)-(1-$AH16)*(13-$AX16)) | BB16: =IF($AZ16="","",($AH16*13+(1-$AH16)*$AX16)/$AZ16)
A17: CS2 · FNC vs PRV | B17: CS2 | C17: Tue 13:00 | D17: 3 | E17: fnatic (FNC) | F17: PARIVISION (PRV) | G17: 0.3718593 | H17: 0.17393522 | I17: 0.34787044 | J17: 0.47819434 | K17: Ancient 54% | L17: Inferno 12% | M17: Dust2 12% | N17: PF Map Picks | O17: 21.5 | P17: 21.312553 | Q17: 21.423154 | R17: 0.15942029 | S17: -1.3648957 | T17: 11.5 | V17: 227 | W17: Ancient | X17: Inferno | Y17: Dust2 | Z17: 21.5 | AA17: 21.31 | AB17: 21.42 | AC17: 0.4782 | AD17: FNC | AE17: PRV | AF17: 0.44 | AG17: 0.3846 | AH17: 0.4026 | AI17: =IFERROR(INDEX(HLTV_Teams!$N$2:$N$25,MATCH($A17&"|A",HLTV_Teams!$A$2:$A$25,0)),"") -> 0.54826124 | AJ17: =IFERROR(INDEX(HLTV_Teams!$N$2:$N$25,MATCH($A17&"|B",HLTV_Teams!$A$2:$A$25,0)),"") -> 0.48854497 | AK17: =IF($W17="","",IFERROR((SUMIFS(HLTV_Long!$B$2:$B$337,HLTV_Long!$A$2:$A$337,$A17&"|A|"&$W17&"|lw")+SUMIFS(HLTV_Long!$B$2:$B$337,HLTV_Long!$A$2:$A$337,$A17&"|B|"&$W17&"|wl"))/(COUNTIFS(HLTV_Long!$A$2:$A$337,$A17&"|A|"&$W17&"|lw")+COUNTIFS(HLTV_Long!$A$2:$A$337,$A17&"|B|"&$W17&"|wl")),IFERROR((SUMIFS(HLTV_Long!$B$2:$B$337,HLTV_Long!$A$2:$A$337,$A17&"|A|"&"ALL"&"|lw")+SUMIFS(HLTV_Long!$B$2:$B$337,HLTV_Long!$A$2:$A$337,$A17&"|B|"&"ALL"&"|wl"))/(COUNTIFS(HLTV_Long!$A$2:$A$337,$A17&"|A|"&"ALL"&"|lw")+COUNTIFS(HLTV_Long!$A$2:$A$337,$A17&"|B|"&"ALL"&"|wl")),""))) -> 6.915 | AL17: =IF($W17="","",IFERROR((SUMIFS(HLTV_Long!$B$2:$B$337,HLTV_Long!$A$2:$A$337,$A17&"|B|"&$W17&"|lw")+SUMIFS(HLTV_Long!$B$2:$B$337,HLTV_Long!$A$2:$A$337,$A17&"|A|"&$W17&"|wl"))/(COUNTIFS(HLTV_Long!$A$2:$A$337,$A17&"|B|"&$W17&"|lw")+COUNTIFS(HLTV_Long!$A$2:$A$337,$A17&"|A|"&$W17&"|wl")),IFERROR((SUMIFS(HLTV_Long!$B$2:$B$337,HLTV_Long!$A$2:$A$337,$A17&"|B|"&"ALL"&"|lw")+SUMIFS(HLTV_Long!$B$2:$B$337,HLTV_Long!$A$2:$A$337,$A17&"|A|"&"ALL"&"|wl"))/(COUNTIFS(HLTV_Long!$A$2:$A$337,$A17&"|B|"&"ALL"&"|lw")+COUNTIFS(HLTV_Long!$A$2:$A$337,$A17&"|A|"&"ALL"&"|wl")),""))) -> 7.035 | AM17: =IF($W17="","",COUNTIFS(HLTV_Long!$A$2:$A$337,$A17&"|A|"&$W17&"|lw")+COUNTIFS(HLTV_Long!$A$2:$A$337,$A17&"|B|"&$W17&"|wl")+COUNTIFS(HLTV_Long!$A$2:$A$337,$A17&"|B|"&$W17&"|lw")+COUNTIFS(HLTV_Long!$A$2:$A$337,$A17&"|A|"&$W17&"|wl")) -> 4 | AN17: =IF(OR($AK17="",$AL17="",$AF17=""),"",13+$AF17*$AK17+(1-$AF17)*$AL17) -> 19.9822 | AO17: =IF($AN17="","",$AF17*(13-$AK17)-(1-$AF17)*(13-$AL17)) -> -0.663 | AP17: =IF($AN17="","",($AF17*13+(1-$AF17)*$AL17)/$AN17) -> 0.48341024 | AQ17: =IF($X17="","",IFERROR((SUMIFS(HLTV_Long!$B$2:$B$337,HLTV_Long!$A$2:$A$337,$A17&"|A|"&$X17&"|lw")+SUMIFS(HLTV_Long!$B$2:$B$337,HLTV_Long!$A$2:$A$337,$A17&"|B|"&$X17&"|wl"))/(COUNTIFS(HLTV_Long!$A$2:$A$337,$A17&"|A|"&$X17&"|lw")+COUNTIFS(HLTV_Long!$A$2:$A$337,$A17&"|B|"&$X17&"|wl")),IFERROR((SUMIFS(HLTV_Long!$B$2:$B$337,HLTV_Long!$A$2:$A$337,$A17&"|A|"&"ALL"&"|lw")+SUMIFS(HLTV_Long!$B$2:$B$337,HLTV_Long!$A$2:$A$337,$A17&"|B|"&"ALL"&"|wl"))/(COUNTIFS(HLTV_Long!$A$2:$A$337,$A17&"|A|"&"ALL"&"|lw")+COUNTIFS(HLTV_Long!$A$2:$A$337,$A17&"|B|"&"ALL"&"|wl")),""))) -> 8.64 | AR17: =IF($X17="","",IFERROR((SUMIFS(HLTV_Long!$B$2:$B$337,HLTV_Long!$A$2:$A$337,$A17&"|B|"&$X17&"|lw")+SUMIFS(HLTV_Long!$B$2:$B$337,HLTV_Long!$A$2:$A$337,$A17&"|A|"&$X17&"|wl"))/(COUNTIFS(HLTV_Long!$A$2:$A$337,$A17&"|B|"&$X17&"|lw")+COUNTIFS(HLTV_Long!$A$2:$A$337,$A17&"|A|"&$X17&"|wl")),IFERROR((SUMIFS(HLTV_Long!$B$2:$B$337,HLTV_Long!$A$2:$A$337,$A17&"|B|"&"ALL"&"|lw")+SUMIFS(HLTV_Long!$B$2:$B$337,HLTV_Long!$A$2:$A$337,$A17&"|A|"&"ALL"&"|wl"))/(COUNTIFS(HLTV_Long!$A$2:$A$337,$A17&"|B|"&"ALL"&"|lw")+COUNTIFS(HLTV_Long!$A$2:$A$337,$A17&"|A|"&"ALL"&"|wl")),""))) -> 8.375 | AS17: =IF($X17="","",COUNTIFS(HLTV_Long!$A$2:$A$337,$A17&"|A|"&$X17&"|lw")+COUNTIFS(HLTV_Long!$A$2:$A$337,$A17&"|B|"&$X17&"|wl")+COUNTIFS(HLTV_Long!$A$2:$A$337,$A17&"|B|"&$X17&"|lw")+COUNTIFS(HLTV_Long!$A$2:$A$337,$A17&"|A|"&$X17&"|wl")) -> 4 | AT17: =IF(OR($AQ17="",$AR17="",$AG17=""),"",13+$AG17*$AQ17+(1-$AG17)*$AR17) -> 21.476919 | AU17: =IF($AT17="","",$AG17*(13-$AQ17)-(1-$AG17)*(13-$AR17)) -> -1.169369 | AV17: =IF($AT17="","",($AG17*13+(1-$AG17)*$AR17)/$AT17) -> 0.47277615 | AW17: =IF($Y17="","",IFERROR((SUMIFS(HLTV_Long!$B$2:$B$337,HLTV_Long!$A$2:$A$337,$A17&"|A|"&$Y17&"|lw")+SUMIFS(HLTV_Long!$B$2:$B$337,HLTV_Long!$A$2:$A$337,$A17&"|B|"&$Y17&"|wl"))/(COUNTIFS(HLTV_Long!$A$2:$A$337,$A17&"|A|"&$Y17&"|lw")+COUNTIFS(HLTV_Long!$A$2:$A$337,$A17&"|B|"&$Y17&"|wl")),IFERROR((SUMIFS(HLTV_Long!$B$2:$B$337,HLTV_Long!$A$2:$A$337,$A17&"|A|"&"ALL"&"|lw")+SUMIFS(HLTV_Long!$B$2:$B$337,HLTV_Long!$A$2:$A$337,$A17&"|B|"&"ALL"&"|wl"))/(COUNTIFS(HLTV_Long!$A$2:$A$337,$A17&"|A|"&"ALL"&"|lw")+COUNTIFS(HLTV_Long!$A$2:$A$337,$A17&"|B|"&"ALL"&"|wl")),""))) -> 7.1 | AX17: =IF($Y17="","",IFERROR((SUMIFS(HLTV_Long!$B$2:$B$337,HLTV_Long!$A$2:$A$337,$A17&"|B|"&$Y17&"|lw")+SUMIFS(HLTV_Long!$B$2:$B$337,HLTV_Long!$A$2:$A$337,$A17&"|A|"&$Y17&"|wl"))/(COUNTIFS(HLTV_Long!$A$2:$A$337,$A17&"|B|"&$Y17&"|lw")+COUNTIFS(HLTV_Long!$A$2:$A$337,$A17&"|A|"&$Y17&"|wl")),IFERROR((SUMIFS(HLTV_Long!$B$2:$B$337,HLTV_Long!$A$2:$A$337,$A17&"|B|"&"ALL"&"|lw")+SUMIFS(HLTV_Long!$B$2:$B$337,HLTV_Long!$A$2:$A$337,$A17&"|A|"&"ALL"&"|wl"))/(COUNTIFS(HLTV_Long!$A$2:$A$337,$A17&"|B|"&"ALL"&"|lw")+COUNTIFS(HLTV_Long!$A$2:$A$337,$A17&"|A|"&"ALL"&"|wl")),""))) -> 6.215 | AY17: =IF($Y17="","",COUNTIFS(HLTV_Long!$A$2:$A$337,$A17&"|A|"&$Y17&"|lw")+COUNTIFS(HLTV_Long!$A$2:$A$337,$A17&"|B|"&$Y17&"|wl")+COUNTIFS(HLTV_Long!$A$2:$A$337,$A17&"|B|"&$Y17&"|lw")+COUNTIFS(HLTV_Long!$A$2:$A$337,$A17&"|A|"&$Y17&"|wl")) -> 4 | AZ17: =IF(OR($AW17="",$AX17="",$AH17=""),"",13+$AH17*$AW17+(1-$AH17)*$AX17) -> 19.571301 | BA17: =IF($AZ17="","",$AH17*(13-$AW17)-(1-$AH17)*(13-$AX17)) -> -1.678019 | BB17: =IF($AZ17="","",($AH17*13+(1-$AH17)*$AX17)/$AZ17) -> 0.45713062

Sheet Projections
A1: Title | B1: Match | C1: Player | D1: Team | E1: Market | F1: Line | G1: Proj | H1: Sigma | I1: P(over) | J1: P(under) | K1: P(push) | L1: Model side (paper) | M1: TP book median | N1: PF Avg L10 | O1: PF L5 | P1: PF L10 | Q1: PF L15 | R1: PF H2H | S1: PF streak | T1: Maps used | U1: Rounds used | V1: Flags | W1: Calc key | X1: Code | Y1: Lookup | Z1: Proj adj | AA1: Sigma adj | AB1: P(over) adj | AC1: P(under) adj | AD1: Side adj (paper) | AE1: Diff mult
A2: CS2 | B2: CS2 [NO MARKET] · AE vs RA | C2: 3gl | D2: RA | E2: Maps 1-2 Kills | F2: 27 | G2: =IFERROR(INDEX(CHOOSE(MATCH($X2,{"K1","K2","K3","K12","K13","H1","H2","H3","H12","H13"},0),Calc!$V$2:$V$105,Calc!$AC$2:$AC$105,Calc!$AJ$2:$AJ$105,Calc!$AL$2:$AL$105,Calc!$AM$2:$AM$105,Calc!$W$2:$W$105,Calc!$AD$2:$AD$105,Calc!$AK$2:$AK$105,Calc!$AN$2:$AN$105,Calc!$AO$2:$AO$105),MATCH($W2,Calc!$A$2:$A$105,0)),"") -> 27.460278 | H2: =IF(G2="","",IF(LEFT($X2,1)="H",SQRT(G2*(IFERROR(INDEX(Calc!$AP$2:$AP$105,MATCH($W2,Calc!$A$2:$A$105,0)),0.5)*Config!$B$5+1-IFERROR(INDEX(Calc!$AP$2:$AP$105,MATCH($W2,Calc!$A$2:$A$105,0)),0.5))),SQRT(G2*Config!$B$5))) -> 6.2003539 | I2: =IF(OR(F2="",G2="",N(H2)<=0),"",1-NORMDIST(FLOOR(F2,1)+0.5,G2,H2,TRUE())) -> 0.49744422 | J2: =IF(I2="","",NORMDIST(CEILING(F2,1)-0.5,G2,H2,TRUE())) -> 0.43846006 | K2: =IF(I2="","",MAX(0,1-I2-J2)) -> 0.064095723 | L2: =IF(I2="","",IF(I2>=0.5+Config!$B$6,"OVER",IF(J2>=0.5+Config!$B$6,"UNDER","—"))) -> — | N2: 25.2 | O2: 0.6 | P2: 0.5 | Q2: 0.6 | R2: 100%/1/1 | S2: 1 | T2: =INDEX(Calc!$G$2:$G$105,MATCH($W2,Calc!$A$2:$A$105,0))&" / "&INDEX(Calc!$H$2:$H$105,MATCH($W2,Calc!$A$2:$A$105,0)) -> Dust2 / Cache | U2: =TEXT(INDEX(Calc!$J$2:$J$105,MATCH($W2,Calc!$A$2:$A$105,0)),"0.0")&" / "&TEXT(INDEX(Calc!$K$2:$K$105,MATCH($W2,Calc!$A$2:$A$105,0)),"0.0") -> 21.5 / 21.5 | V2: =IFERROR(INDEX(Calc!$AQ$2:$AQ$105,MATCH($W2,Calc!$A$2:$A$105,0)),"") | W2: kn6f2ad0sktmmzc|CS2 [NO MARKET] · AE vs RA | X2: K12 | Y2: =W2&"|"&X2 -> kn6f2ad0sktmmzc|CS2 [NO MARKET] · AE vs RA|K12 | Z2: =IFERROR(INDEX(CHOOSE(MATCH($X2,{"K1","K2","K3","K12","K13","H1","H2","H3","H12","H13"},0),Calc!$BA$2:$BA$105,Calc!$BB$2:$BB$105,Calc!$BC$2:$BC$105,Calc!$BD$2:$BD$105,Calc!$BE$2:$BE$105,Calc!$BF$2:$BF$105,Calc!$BG$2:$BG$105,Calc!$BH$2:$BH$105,Calc!$BI$2:$BI$105,Calc!$BJ$2:$BJ$105),MATCH($W2,Calc!$A$2:$A$105,0)),"") -> 27.460278 | AA2: =IF(Z2="","",IF(LEFT($X2,1)="H",SQRT(Z2*(IFERROR(INDEX(Calc!$AP$2:$AP$105,MATCH($W2,Calc!$A$2:$A$105,0)),0.5)*Config!$B$5+1-IFERROR(INDEX(Calc!$AP$2:$AP$105,MATCH($W2,Calc!$A$2:$A$105,0)),0.5))),SQRT(Z2*Config!$B$5))) -> 6.2003539 | AB2: =IF(OR(F2="",Z2="",N(AA2)<=0),"",1-NORMDIST(FLOOR(F2,1)+0.5,Z2,AA2,TRUE())) -> 0.49744422 | AC2: =IF(AB2="","",NORMDIST(CEILING(F2,1)-0.5,Z2,AA2,TRUE())) -> 0.43846006 | AD2: =IF(AB2="","",IF(AB2>=0.5+Config!$B$6,"OVER",IF(AC2>=0.5+Config!$B$6,"UNDER","—"))) -> — | AE2: =IFERROR(Z2/G2,"") -> 1
A3: CS2 | B3: CS2 [NO MARKET] · AE vs RA | C3: ChildKing | D3: RA | E3: Maps 1-2 HS | F3: 20.5 | G3: =IFERROR(INDEX(CHOOSE(MATCH($X3,{"K1","K2","K3","K12","K13","H1","H2","H3","H12","H13"},0),Calc!$V$2:$V$105,Calc!$AC$2:$AC$105,Calc!$AJ$2:$AJ$105,Calc!$AL$2:$AL$105,Calc!$AM$2:$AM$105,Calc!$W$2:$W$105,Calc!$AD$2:$AD$105,Calc!$AK$2:$AK$105,Calc!$AN$2:$AN$105,Calc!$AO$2:$AO$105),MATCH($W3,Calc!$A$2:$A$105,0)),"") -> 22.268352 | H3: =IF(G3="","",IF(LEFT($X3,1)="H",SQRT(G3*(IFERROR(INDEX(Calc!$AP$2:$AP$105,MATCH($W3,Calc!$A$2:$A$105,0)),0.5)*Config!$B$5+1-IFERROR(INDEX(Calc!$AP$2:$AP$105,MATCH($W3,Calc!$A$2:$A$105,0)),0.5))),SQRT(G3*Config!$B$5))) -> 5.2840822 | I3: =IF(OR(F3="",G3="",N(H3)<=0),"",1-NORMDIST(FLOOR(F3,1)+0.5,G3,H3,TRUE())) -> 0.63105784 | J3: =IF(I3="","",NORMDIST(CEILING(F3,1)-0.5,G3,H3,TRUE())) -> 0.36894216 | K3: =IF(I3="","",MAX(0,1-I3-J3)) -> 0 | L3: =IF(I3="","",IF(I3>=0.5+Config!$B$6,"OVER",IF(J3>=0.5+Config!$B$6,"UNDER","—"))) -> OVER | N3: 21.4 | O3: 0.6 | P3: 0.5 | Q3: 0.53 | R3: 0%/0/1 | S3: 1 | T3: =INDEX(Calc!$G$2:$G$105,MATCH($W3,Calc!$A$2:$A$105,0))&" / "&INDEX(Calc!$H$2:$H$105,MATCH($W3,Calc!$A$2:$A$105,0)) -> Dust2 / Cache | U3: =TEXT(INDEX(Calc!$J$2:$J$105,MATCH($W3,Calc!$A$2:$A$105,0)),"0.0")&" / "&TEXT(INDEX(Calc!$K$2:$K$105,MATCH($W3,Calc!$A$2:$A$105,0)),"0.0") -> 21.5 / 21.5 | V3: =IFERROR(INDEX(Calc!$AQ$2:$AQ$105,MATCH($W3,Calc!$A$2:$A$105,0)),"") | W3: f9wcr2x423brdzr|CS2 [NO MARKET] · AE vs RA | X3: H12 | Y3: =W3&"|"&X3 -> f9wcr2x423brdzr|CS2 [NO MARKET] · AE vs RA|H12 | Z3: =IFERROR(INDEX(CHOOSE(MATCH($X3,{"K1","K2","K3","K12","K13","H1","H2","H3","H12","H13"},0),Calc!$BA$2:$BA$105,Calc!$BB$2:$BB$105,Calc!$BC$2:$BC$105,Calc!$BD$2:$BD$105,Calc!$BE$2:$BE$105,Calc!$BF$2:$BF$105,Calc!$BG$2:$BG$105,Calc!$BH$2:$BH$105,Calc!$BI$2:$BI$105,Calc!$BJ$2:$BJ$105),MATCH($W3,Calc!$A$2:$A$105,0)),"") -> 22.268352 | AA3: =IF(Z3="","",IF(LEFT($X3,1)="H",SQRT(Z3*(IFERROR(INDEX(Calc!$AP$2:$AP$105,MATCH($W3,Calc!$A$2:$A$105,0)),0.5)*Config!$B$5+1-IFERROR(INDEX(Calc!$AP$2:$AP$105,MATCH($W3,Calc!$A$2:$A$105,0)),0.5))),SQRT(Z3*Config!$B$5))) -> 5.2840822 | AB3: =IF(OR(F3="",Z3="",N(AA3)<=0),"",1-NORMDIST(FLOOR(F3,1)+0.5,Z3,AA3,TRUE())) -> 0.63105784 | AC3: =IF(AB3="","",NORMDIST(CEILING(F3,1)-0.5,Z3,AA3,TRUE())) -> 0.36894216 | AD3: =IF(AB3="","",IF(AB3>=0.5+Config!$B$6,"OVER",IF(AC3>=0.5+Config!$B$6,"UNDER","—"))) -> OVER | AE3: =IFERROR(Z3/G3,"") -> 1
A4: CS2 | B4: CS2 [NO MARKET] · AE vs RA | C4: ChildKing | D4: RA | E4: Maps 1-2 Kills | F4: 32.5 | G4: =IFERROR(INDEX(CHOOSE(MATCH($X4,{"K1","K2","K3","K12","K13","H1","H2","H3","H12","H13"},0),Calc!$V$2:$V$105,Calc!$AC$2:$AC$105,Calc!$AJ$2:$AJ$105,Calc!$AL$2:$AL$105,Calc!$AM$2:$AM$105,Calc!$W$2:$W$105,Calc!$AD$2:$AD$105,Calc!$AK$2:$AK$105,Calc!$AN$2:$AN$105,Calc!$AO$2:$AO$105),MATCH($W4,Calc!$A$2:$A$105,0)),"") -> 35.086806 | H4: =IF(G4="","",IF(LEFT($X4,1)="H",SQRT(G4*(IFERROR(INDEX(Calc!$AP$2:$AP$105,MATCH($W4,Calc!$A$2:$A$105,0)),0.5)*Config!$B$5+1-IFERROR(INDEX(Calc!$AP$2:$AP$105,MATCH($W4,Calc!$A$2:$A$105,0)),0.5))),SQRT(G4*Config!$B$5))) -> 7.0086752 | I4: =IF(OR(F4="",G4="",N(H4)<=0),"",1-NORMDIST(FLOOR(F4,1)+0.5,G4,H4,TRUE())) -> 0.64396828 | J4: =IF(I4="","",NORMDIST(CEILING(F4,1)-0.5,G4,H4,TRUE())) -> 0.35603172 | K4: =IF(I4="","",MAX(0,1-I4-J4)) -> 0 | L4: =IF(I4="","",IF(I4>=0.5+Config!$B$6,"OVER",IF(J4>=0.5+Config!$B$6,"UNDER","—"))) -> OVER | N4: 34.3 | O4: 0.4 | P4: 0.5 | Q4: 0.53 | R4: 0%/0/1 | S4: 1 | T4: =INDEX(Calc!$G$2:$G$105,MATCH($W4,Calc!$A$2:$A$105,0))&" / "&INDEX(Calc!$H$2:$H$105,MATCH($W4,Calc!$A$2:$A$105,0)) -> Dust2 / Cache | U4: =TEXT(INDEX(Calc!$J$2:$J$105,MATCH($W4,Calc!$A$2:$A$105,0)),"0.0")&" / "&TEXT(INDEX(Calc!$K$2:$K$105,MATCH($W4,Calc!$A$2:$A$105,0)),"0.0") -> 21.5 / 21.5 | V4: =IFERROR(INDEX(Calc!$AQ$2:$AQ$105,MATCH($W4,Calc!$A$2:$A$105,0)),"") | W4: f9wcr2x423brdzr|CS2 [NO MARKET] · AE vs RA | X4: K12 | Y4: =W4&"|"&X4 -> f9wcr2x423brdzr|CS2 [NO MARKET] · AE vs RA|K12 | Z4: =IFERROR(INDEX(CHOOSE(MATCH($X4,{"K1","K2","K3","K12","K13","H1","H2","H3","H12","H13"},0),Calc!$BA$2:$BA$105,Calc!$BB$2:$BB$105,Calc!$BC$2:$BC$105,Calc!$BD$2:$BD$105,Calc!$BE$2:$BE$105,Calc!$BF$2:$BF$105,Calc!$BG$2:$BG$105,Calc!$BH$2:$BH$105,Calc!$BI$2:$BI$105,Calc!$BJ$2:$BJ$105),MATCH($W4,Calc!$A$2:$A$105,0)),"") -> 35.086806 | AA4: =IF(Z4="","",IF(LEFT($X4,1)="H",SQRT(Z4*(IFERROR(INDEX(Calc!$AP$2:$AP$105,MATCH($W4,Calc!$A$2:$A$105,0)),0.5)*Config!$B$5+1-IFERROR(INDEX(Calc!$AP$2:$AP$105,MATCH($W4,Calc!$A$2:$A$105,0)),0.5))),SQRT(Z4*Config!$B$5))) -> 7.0086752 | AB4: =IF(OR(F4="",Z4="",N(AA4)<=0),"",1-NORMDIST(FLOOR(F4,1)+0.5,Z4,AA4,TRUE())) -> 0.64396828 | AC4: =IF(AB4="","",NORMDIST(CEILING(F4,1)-0.5,Z4,AA4,TRUE())) -> 0.35603172 | AD4: =IF(AB4="","",IF(AB4>=0.5+Config!$B$6,"OVER",IF(AC4>=0.5+Config!$B$6,"UNDER","—"))) -> OVER | AE4: =IFERROR(Z4/G4,"") -> 1
A5: CS2 | B5: CS2 [NO MARKET] · AE vs RA | C5: Kaze | D5: RA | E5: Maps 1-2 HS | F5: 10.5 | G5: =IFERROR(INDEX(CHOOSE(MATCH($X5,{"K1","K2","K3","K12","K13","H1","H2","H3","H12","H13"},0),Calc!$V$2:$V$105,Calc!$AC$2:$AC$105,Calc!$AJ$2:$AJ$105,Calc!$AL$2:$AL$105,Calc!$AM$2:$AM$105,Calc!$W$2:$W$105,Calc!$AD$2:$AD$105,Calc!$AK$2:$AK$105,Calc!$AN$2:$AN$105,Calc!$AO$2:$AO$105),MATCH($W5,Calc!$A$2:$A$105,0)),"") -> 13.416178 | H5: =IF(G5="","",IF(LEFT($X5,1)="H",SQRT(G5*(IFERROR(INDEX(Calc!$AP$2:$AP$105,MATCH($W5,Calc!$A$2:$A$105,0)),0.5)*Config!$B$5+1-IFERROR(INDEX(Calc!$AP$2:$AP$105,MATCH($W5,Calc!$A$2:$A$105,0)),0.5))),SQRT(G5*Config!$B$5))) -> 3.9627299 | I5: =IF(OR(F5="",G5="",N(H5)<=0),"",1-NORMDIST(FLOOR(F5,1)+0.5,G5,H5,TRUE())) -> 0.76910462 | J5: =IF(I5="","",NORMDIST(CEILING(F5,1)-0.5,G5,H5,TRUE())) -> 0.23089538 | K5: =IF(I5="","",MAX(0,1-I5-J5)) -> 0 | L5: =IF(I5="","",IF(I5>=0.5+Config!$B$6,"OVER",IF(J5>=0.5+Config!$B$6,"UNDER","—"))) -> OVER | N5: 11.4 | O5: 0.4 | P5: 0.5 | Q5: 0.6 | R5: 100%/1/1 | S5: 2 | T5: =INDEX(Calc!$G$2:$G$105,MATCH($W5,Calc!$A$2:$A$105,0))&" / "&INDEX(Calc!$H$2:$H$105,MATCH($W5,Calc!$A$2:$A$105,0)) -> Dust2 / Cache | U5: =TEXT(INDEX(Calc!$J$2:$J$105,MATCH($W5,Calc!$A$2:$A$105,0)),"0.0")&" / "&TEXT(INDEX(Calc!$K$2:$K$105,MATCH($W5,Calc!$A$2:$A$105,0)),"0.0") -> 21.5 / 21.5 | V5: =IFERROR(INDEX(Calc!$AQ$2:$AQ$105,MATCH($W5,Calc!$A$2:$A$105,0)),"") | W5: ughyxb03plt3xrp|CS2 [NO MARKET] · AE vs RA | X5: H12 | Y5: =W5&"|"&X5 -> ughyxb03plt3xrp|CS2 [NO MARKET] · AE vs RA|H12 | Z5: =IFERROR(INDEX(CHOOSE(MATCH($X5,{"K1","K2","K3","K12","K13","H1","H2","H3","H12","H13"},0),Calc!$BA$2:$BA$105,Calc!$BB$2:$BB$105,Calc!$BC$2:$BC$105,Calc!$BD$2:$BD$105,Calc!$BE$2:$BE$105,Calc!$BF$2:$BF$105,Calc!$BG$2:$BG$105,Calc!$BH$2:$BH$105,Calc!$BI$2:$BI$105,Calc!$BJ$2:$BJ$105),MATCH($W5,Calc!$A$2:$A$105,0)),"") -> 13.416178 | AA5: =IF(Z5="","",IF(LEFT($X5,1)="H",SQRT(Z5*(IFERROR(INDEX(Calc!$AP$2:$AP$105,MATCH($W5,Calc!$A$2:$A$105,0)),0.5)*Config!$B$5+1-IFERROR(INDEX(Calc!$AP$2:$AP$105,MATCH($W5,Calc!$A$2:$A$105,0)),0.5))),SQRT(Z5*Config!$B$5))) -> 3.9627299 | AB5: =IF(OR(F5="",Z5="",N(AA5)<=0),"",1-NORMDIST(FLOOR(F5,1)+0.5,Z5,AA5,TRUE())) -> 0.76910462 | AC5: =IF(AB5="","",NORMDIST(CEILING(F5,1)-0.5,Z5,AA5,TRUE())) -> 0.23089538 | AD5: =IF(AB5="","",IF(AB5>=0.5+Config!$B$6,"OVER",IF(AC5>=0.5+Config!$B$6,"UNDER","—"))) -> OVER | AE5: =IFERROR(Z5/G5,"") -> 1
A6: CS2 | B6: CS2 [NO MARKET] · AE vs RA | C6: Kaze | D6: RA | E6: Maps 1-2 Kills | F6: 30.5 | G6: =IFERROR(INDEX(CHOOSE(MATCH($X6,{"K1","K2","K3","K12","K13","H1","H2","H3","H12","H13"},0),Calc!$V$2:$V$105,Calc!$AC$2:$AC$105,Calc!$AJ$2:$AJ$105,Calc!$AL$2:$AL$105,Calc!$AM$2:$AM$105,Calc!$W$2:$W$105,Calc!$AD$2:$AD$105,Calc!$AK$2:$AK$105,Calc!$AN$2:$AN$105,Calc!$AO$2:$AO$105),MATCH($W6,Calc!$A$2:$A$105,0)),"") -> 31.480526 | H6: =IF(G6="","",IF(LEFT($X6,1)="H",SQRT(G6*(IFERROR(INDEX(Calc!$AP$2:$AP$105,MATCH($W6,Calc!$A$2:$A$105,0)),0.5)*Config!$B$5+1-IFERROR(INDEX(Calc!$AP$2:$AP$105,MATCH($W6,Calc!$A$2:$A$105,0)),0.5))),SQRT(G6*Config!$B$5))) -> 6.6387301 | I6: =IF(OR(F6="",G6="",N(H6)<=0),"",1-NORMDIST(FLOOR(F6,1)+0.5,G6,H6,TRUE())) -> 0.5587094 | J6: =IF(I6="","",NORMDIST(CEILING(F6,1)-0.5,G6,H6,TRUE())) -> 0.4412906 | K6: =IF(I6="","",MAX(0,1-I6-J6)) -> 0 | L6: =IF(I6="","",IF(I6>=0.5+Config!$B$6,"OVER",IF(J6>=0.5+Config!$B$6,"UNDER","—"))) -> OVER | N6: 31.5 | O6: 0.4 | P6: 0.5 | Q6: 0.47 | R6: 100%/1/1 | S6: 2 | T6: =INDEX(Calc!$G$2:$G$105,MATCH($W6,Calc!$A$2:$A$105,0))&" / "&INDEX(Calc!$H$2:$H$105,MATCH($W6,Calc!$A$2:$A$105,0)) -> Dust2 / Cache | U6: =TEXT(INDEX(Calc!$J$2:$J$105,MATCH($W6,Calc!$A$2:$A$105,0)),"0.0")&" / "&TEXT(INDEX(Calc!$K$2:$K$105,MATCH($W6,Calc!$A$2:$A$105,0)),"0.0") -> 21.5 / 21.5 | V6: =IFERROR(INDEX(Calc!$AQ$2:$AQ$105,MATCH($W6,Calc!$A$2:$A$105,0)),"") | W6: ughyxb03plt3xrp|CS2 [NO MARKET] · AE vs RA | X6: K12 | Y6: =W6&"|"&X6 -> ughyxb03plt3xrp|CS2 [NO MARKET] · AE vs RA|K12 | Z6: =IFERROR(INDEX(CHOOSE(MATCH($X6,{"K1","K2","K3","K12","K13","H1","H2","H3","H12","H13"},0),Calc!$BA$2:$BA$105,Calc!$BB$2:$BB$105,Calc!$BC$2:$BC$105,Calc!$BD$2:$BD$105,Calc!$BE$2:$BE$105,Calc!$BF$2:$BF$105,Calc!$BG$2:$BG$105,Calc!$BH$2:$BH$105,Calc!$BI$2:$BI$105,Calc!$BJ$2:$BJ$105),MATCH($W6,Calc!$A$2:$A$105,0)),"") -> 31.480526 | AA6: =IF(Z6="","",IF(LEFT($X6,1)="H",SQRT(Z6*(IFERROR(INDEX(Calc!$AP$2:$AP$105,MATCH($W6,Calc!$A$2:$A$105,0)),0.5)*Config!$B$5+1-IFERROR(INDEX(Calc!$AP$2:$AP$105,MATCH($W6,Calc!$A$2:$A$105,0)),0.5))),SQRT(Z6*Config!$B$5))) -> 6.6387301 | AB6: =IF(OR(F6="",Z6="",N(AA6)<=0),"",1-NORMDIST(FLOOR(F6,1)+0.5,Z6,AA6,TRUE())) -> 0.5587094 | AC6: =IF(AB6="","",NORMDIST(CEILING(F6,1)-0.5,Z6,AA6,TRUE())) -> 0.4412906 | AD6: =IF(AB6="","",IF(AB6>=0.5+Config!$B$6,"OVER",IF(AC6>=0.5+Config!$B$6,"UNDER","—"))) -> OVER | AE6: =IFERROR(Z6/G6,"") -> 1
A7: CS2 | B7: CS2 [NO MARKET] · AE vs RA | C7: L1haNg | D7: RA | E7: Maps 1-2 HS | F7: 17.5 | G7: =IFERROR(INDEX(CHOOSE(MATCH($X7,{"K1","K2","K3","K12","K13","H1","H2","H3","H12","H13"},0),Calc!$V$2:$V$105,Calc!$AC$2:$AC$105,Calc!$AJ$2:$AJ$105,Calc!$AL$2:$AL$105,Calc!$AM$2:$AM$105,Calc!$W$2:$W$105,Calc!$AD$2:$AD$105,Calc!$AK$2:$AK$105,Calc!$AN$2:$AN$105,Calc!$AO$2:$AO$105),MATCH($W7,Calc!$A$2:$A$105,0)),"") -> 18.347694 | H7: =IF(G7="","",IF(LEFT($X7,1)="H",SQRT(G7*(IFERROR(INDEX(Calc!$AP$2:$AP$105,MATCH($W7,Calc!$A$2:$A$105,0)),0.5)*Config!$B$5+1-IFERROR(INDEX(Calc!$AP$2:$AP$105,MATCH($W7,Calc!$A$2:$A$105,0)),0.5))),SQRT(G7*Config!$B$5))) -> 4.7630847 | I7: =IF(OR(F7="",G7="",N(H7)<=0),"",1-NORMDIST(FLOOR(F7,1)+0.5,G7,H7,TRUE())) -> 0.57062737 | J7: =IF(I7="","",NORMDIST(CEILING(F7,1)-0.5,G7,H7,TRUE())) -> 0.42937263 | K7: =IF(I7="","",MAX(0,1-I7-J7)) -> 0 | L7: =IF(I7="","",IF(I7>=0.5+Config!$B$6,"OVER",IF(J7>=0.5+Config!$B$6,"UNDER","—"))) -> OVER | N7: 20 | O7: 0.2 | P7: 0.5 | Q7: 0.4 | R7: 67%/2/3 | S7: 1 | T7: =INDEX(Calc!$G$2:$G$105,MATCH($W7,Calc!$A$2:$A$105,0))&" / "&INDEX(Calc!$H$2:$H$105,MATCH($W7,Calc!$A$2:$A$105,0)) -> Dust2 / Cache | U7: =TEXT(INDEX(Calc!$J$2:$J$105,MATCH($W7,Calc!$A$2:$A$105,0)),"0.0")&" / "&TEXT(INDEX(Calc!$K$2:$K$105,MATCH($W7,Calc!$A$2:$A$105,0)),"0.0") -> 21.5 / 21.5 | V7: =IFERROR(INDEX(Calc!$AQ$2:$AQ$105,MATCH($W7,Calc!$A$2:$A$105,0)),"") | W7: je1olgjbcmc9iwy|CS2 [NO MARKET] · AE vs RA | X7: H12 | Y7: =W7&"|"&X7 -> je1olgjbcmc9iwy|CS2 [NO MARKET] · AE vs RA|H12 | Z7: =IFERROR(INDEX(CHOOSE(MATCH($X7,{"K1","K2","K3","K12","K13","H1","H2","H3","H12","H13"},0),Calc!$BA$2:$BA$105,Calc!$BB$2:$BB$105,Calc!$BC$2:$BC$105,Calc!$BD$2:$BD$105,Calc!$BE$2:$BE$105,Calc!$BF$2:$BF$105,Calc!$BG$2:$BG$105,Calc!$BH$2:$BH$105,Calc!$BI$2:$BI$105,Calc!$BJ$2:$BJ$105),MATCH($W7,Calc!$A$2:$A$105,0)),"") -> 18.347694 | AA7: =IF(Z7="","",IF(LEFT($X7,1)="H",SQRT(Z7*(IFERROR(INDEX(Calc!$AP$2:$AP$105,MATCH($W7,Calc!$A$2:$A$105,0)),0.5)*Config!$B$5+1-IFERROR(INDEX(Calc!$AP$2:$AP$105,MATCH($W7,Calc!$A$2:$A$105,0)),0.5))),SQRT(Z7*Config!$B$5))) -> 4.7630847 | AB7: =IF(OR(F7="",Z7="",N(AA7)<=0),"",1-NORMDIST(FLOOR(F7,1)+0.5,Z7,AA7,TRUE())) -> 0.57062737 | AC7: =IF(AB7="","",NORMDIST(CEILING(F7,1)-0.5,Z7,AA7,TRUE())) -> 0.42937263 | AD7: =IF(AB7="","",IF(AB7>=0.5+Config!$B$6,"OVER",IF(AC7>=0.5+Config!$B$6,"UNDER","—"))) -> OVER | AE7: =IFERROR(Z7/G7,"") -> 1
A8: CS2 | B8: CS2 [NO MARKET] · AE vs RA | C8: L1haNg | D8: RA | E8: Maps 1-2 Kills | F8: 31.5 | G8: =IFERROR(INDEX(CHOOSE(MATCH($X8,{"K1","K2","K3","K12","K13","H1","H2","H3","H12","H13"},0),Calc!$V$2:$V$105,Calc!$AC$2:$AC$105,Calc!$AJ$2:$AJ$105,Calc!$AL$2:$AL$105,Calc!$AM$2:$AM$105,Calc!$W$2:$W$105,Calc!$AD$2:$AD$105,Calc!$AK$2:$AK$105,Calc!$AN$2:$AN$105,Calc!$AO$2:$AO$105),MATCH($W8,Calc!$A$2:$A$105,0)),"") -> 31.031667 | H8: =IF(G8="","",IF(LEFT($X8,1)="H",SQRT(G8*(IFERROR(INDEX(Calc!$AP$2:$AP$105,MATCH($W8,Calc!$A$2:$A$105,0)),0.5)*Config!$B$5+1-IFERROR(INDEX(Calc!$AP$2:$AP$105,MATCH($W8,Calc!$A$2:$A$105,0)),0.5))),SQRT(G8*Config!$B$5))) -> 6.5912315 | I8: =IF(OR(F8="",G8="",N(H8)<=0),"",1-NORMDIST(FLOOR(F8,1)+0.5,G8,H8,TRUE())) -> 0.47167739 | J8: =IF(I8="","",NORMDIST(CEILING(F8,1)-0.5,G8,H8,TRUE())) -> 0.52832261 | K8: =IF(I8="","",MAX(0,1-I8-J8)) -> 0 | L8: =IF(I8="","",IF(I8>=0.5+Config!$B$6,"OVER",IF(J8>=0.5+Config!$B$6,"UNDER","—"))) -> — | N8: 33.7 | O8: 0.2 | P8: 0.4 | Q8: 0.33 | R8: 0%/0/3 | S8: 1 | T8: =INDEX(Calc!$G$2:$G$105,MATCH($W8,Calc!$A$2:$A$105,0))&" / "&INDEX(Calc!$H$2:$H$105,MATCH($W8,Calc!$A$2:$A$105,0)) -> Dust2 / Cache | U8: =TEXT(INDEX(Calc!$J$2:$J$105,MATCH($W8,Calc!$A$2:$A$105,0)),"0.0")&" / "&TEXT(INDEX(Calc!$K$2:$K$105,MATCH($W8,Calc!$A$2:$A$105,0)),"0.0") -> 21.5 / 21.5 | V8: =IFERROR(INDEX(Calc!$AQ$2:$AQ$105,MATCH($W8,Calc!$A$2:$A$105,0)),"") | W8: je1olgjbcmc9iwy|CS2 [NO MARKET] · AE vs RA | X8: K12 | Y8: =W8&"|"&X8 -> je1olgjbcmc9iwy|CS2 [NO MARKET] · AE vs RA|K12 | Z8: =IFERROR(INDEX(CHOOSE(MATCH($X8,{"K1","K2","K3","K12","K13","H1","H2","H3","H12","H13"},0),Calc!$BA$2:$BA$105,Calc!$BB$2:$BB$105,Calc!$BC$2:$BC$105,Calc!$BD$2:$BD$105,Calc!$BE$2:$BE$105,Calc!$BF$2:$BF$105,Calc!$BG$2:$BG$105,Calc!$BH$2:$BH$105,Calc!$BI$2:$BI$105,Calc!$BJ$2:$BJ$105),MATCH($W8,Calc!$A$2:$A$105,0)),"") -> 31.031667 | AA8: =IF(Z8="","",IF(LEFT($X8,1)="H",SQRT(Z8*(IFERROR(INDEX(Calc!$AP$2:$AP$105,MATCH($W8,Calc!$A$2:$A$105,0)),0.5)*Config!$B$5+1-IFERROR(INDEX(Calc!$AP$2:$AP$105,MATCH($W8,Calc!$A$2:$A$105,0)),0.5))),SQRT(Z8*Config!$B$5))) -> 6.5912315 | AB8: =IF(OR(F8="",Z8="",N(AA8)<=0),"",1-NORMDIST(FLOOR(F8,1)+0.5,Z8,AA8,TRUE())) -> 0.47167739 | AC8: =IF(AB8="","",NORMDIST(CEILING(F8,1)-0.5,Z8,AA8,TRUE())) -> 0.52832261 | AD8: =IF(AB8="","",IF(AB8>=0.5+Config!$B$6,"OVER",IF(AC8>=0.5+Config!$B$6,"UNDER","—"))) -> — | AE8: =IFERROR(Z8/G8,"") -> 1
A9: CS2 | B9: CS2 [NO MARKET] · AE vs RA | C9: Summer | D9: RA | E9: Maps 1-2 HS | F9: 15.5 | G9: =IFERROR(INDEX(CHOOSE(MATCH($X9,{"K1","K2","K3","K12","K13","H1","H2","H3","H12","H13"},0),Calc!$V$2:$V$105,Calc!$AC$2:$AC$105,Calc!$AJ$2:$AJ$105,Calc!$AL$2:$AL$105,Calc!$AM$2:$AM$105,Calc!$W$2:$W$105,Calc!$AD$2:$AD$105,Calc!$AK$2:$AK$105,Calc!$AN$2:$AN$105,Calc!$AO$2:$AO$105),MATCH($W9,Calc!$A$2:$A$105,0)),"") -> 16.736971 | H9: =IF(G9="","",IF(LEFT($X9,1)="H",SQRT(G9*(IFERROR(INDEX(Calc!$AP$2:$AP$105,MATCH($W9,Calc!$A$2:$A$105,0)),0.5)*Config!$B$5+1-IFERROR(INDEX(Calc!$AP$2:$AP$105,MATCH($W9,Calc!$A$2:$A$105,0)),0.5))),SQRT(G9*Config!$B$5))) -> 4.575091 | I9: =IF(OR(F9="",G9="",N(H9)<=0),"",1-NORMDIST(FLOOR(F9,1)+0.5,G9,H9,TRUE())) -> 0.60656247 | J9: =IF(I9="","",NORMDIST(CEILING(F9,1)-0.5,G9,H9,TRUE())) -> 0.39343753 | K9: =IF(I9="","",MAX(0,1-I9-J9)) -> 0 | L9: =IF(I9="","",IF(I9>=0.5+Config!$B$6,"OVER",IF(J9>=0.5+Config!$B$6,"UNDER","—"))) -> OVER | N9: 15.2 | O9: 0.4 | P9: 0.5 | Q9: 0.47 | R9: 33%/1/3 | S9: -2 | T9: =INDEX(Calc!$G$2:$G$105,MATCH($W9,Calc!$A$2:$A$105,0))&" / "&INDEX(Calc!$H$2:$H$105,MATCH($W9,Calc!$A$2:$A$105,0)) -> Dust2 / Cache | U9: =TEXT(INDEX(Calc!$J$2:$J$105,MATCH($W9,Calc!$A$2:$A$105,0)),"0.0")&" / "&TEXT(INDEX(Calc!$K$2:$K$105,MATCH($W9,Calc!$A$2:$A$105,0)),"0.0") -> 21.5 / 21.5 | V9: =IFERROR(INDEX(Calc!$AQ$2:$AQ$105,MATCH($W9,Calc!$A$2:$A$105,0)),"") | W9: d0e1cvnzi7r6gn1|CS2 [NO MARKET] · AE vs RA | X9: H12 | Y9: =W9&"|"&X9 -> d0e1cvnzi7r6gn1|CS2 [NO MARKET] · AE vs RA|H12 | Z9: =IFERROR(INDEX(CHOOSE(MATCH($X9,{"K1","K2","K3","K12","K13","H1","H2","H3","H12","H13"},0),Calc!$BA$2:$BA$105,Calc!$BB$2:$BB$105,Calc!$BC$2:$BC$105,Calc!$BD$2:$BD$105,Calc!$BE$2:$BE$105,Calc!$BF$2:$BF$105,Calc!$BG$2:$BG$105,Calc!$BH$2:$BH$105,Calc!$BI$2:$BI$105,Calc!$BJ$2:$BJ$105),MATCH($W9,Calc!$A$2:$A$105,0)),"") -> 16.736971 | AA9: =IF(Z9="","",IF(LEFT($X9,1)="H",SQRT(Z9*(IFERROR(INDEX(Calc!$AP$2:$AP$105,MATCH($W9,Calc!$A$2:$A$105,0)),0.5)*Config!$B$5+1-IFERROR(INDEX(Calc!$AP$2:$AP$105,MATCH($W9,Calc!$A$2:$A$105,0)),0.5))),SQRT(Z9*Config!$B$5))) -> 4.575091 | AB9: =IF(OR(F9="",Z9="",N(AA9)<=0),"",1-NORMDIST(FLOOR(F9,1)+0.5,Z9,AA9,TRUE())) -> 0.60656247 | AC9: =IF(AB9="","",NORMDIST(CEILING(F9,1)-0.5,Z9,AA9,TRUE())) -> 0.39343753 | AD9: =IF(AB9="","",IF(AB9>=0.5+Config!$B$6,"OVER",IF(AC9>=0.5+Config!$B$6,"UNDER","—"))) -> OVER | AE9: =IFERROR(Z9/G9,"") -> 1
A10: CS2 | B10: CS2 [NO MARKET] · AE vs RA | C10: Summer | D10: RA | E10: Maps 1-2 Kills | F10: 27 | G10: =IFERROR(INDEX(CHOOSE(MATCH($X10,{"K1","K2","K3","K12","K13","H1","H2","H3","H12","H13"},0),Calc!$V$2:$V$105,Calc!$AC$2:$AC$105,Calc!$AJ$2:$AJ$105,Calc!$AL$2:$AL$105,Calc!$AM$2:$AM$105,Calc!$W$2:$W$105,Calc!$AD$2:$AD$105,Calc!$AK$2:$AK$105,Calc!$AN$2:$AN$105,Calc!$AO$2:$AO$105),MATCH($W10,Calc!$A$2:$A$105,0)),"") -> 26.71375 | H10: =IF(G10="","",IF(LEFT($X10,1)="H",SQRT(G10*(IFERROR(INDEX(Calc!$AP$2:$AP$105,MATCH($W10,Calc!$A$2:$A$105,0)),0.5)*Config!$B$5+1-IFERROR(INDEX(Calc!$AP$2:$AP$105,MATCH($W10,Calc!$A$2:$A$105,0)),0.5))),SQRT(G10*Config!$B$5))) -> 6.1154926 | I10: =IF(OR(F10="",G10="",N(H10)<=0),"",1-NORMDIST(FLOOR(F10,1)+0.5,G10,H10,TRUE())) -> 0.44885017 | J10: =IF(I10="","",NORMDIST(CEILING(F10,1)-0.5,G10,H10,TRUE())) -> 0.48605892 | K10: =IF(I10="","",MAX(0,1-I10-J10)) -> 0.065090902 | L10: =IF(I10="","",IF(I10>=0.5+Config!$B$6,"OVER",IF(J10>=0.5+Config!$B$6,"UNDER","—"))) -> — | N10: 26.7 | O10: 0.6 | P10: 0.4 | Q10: 0.33 | R10: 67%/2/3 | S10: 1 | T10: =INDEX(Calc!$G$2:$G$105,MATCH($W10,Calc!$A$2:$A$105,0))&" / "&INDEX(Calc!$H$2:$H$105,MATCH($W10,Calc!$A$2:$A$105,0)) -> Dust2 / Cache | U10: =TEXT(INDEX(Calc!$J$2:$J$105,MATCH($W10,Calc!$A$2:$A$105,0)),"0.0")&" / "&TEXT(INDEX(Calc!$K$2:$K$105,MATCH($W10,Calc!$A$2:$A$105,0)),"0.0") -> 21.5 / 21.5 | V10: =IFERROR(INDEX(Calc!$AQ$2:$AQ$105,MATCH($W10,Calc!$A$2:$A$105,0)),"") | W10: d0e1cvnzi7r6gn1|CS2 [NO MARKET] · AE vs RA | X10: K12 | Y10: =W10&"|"&X10 -> d0e1cvnzi7r6gn1|CS2 [NO MARKET] · AE vs RA|K12 | Z10: =IFERROR(INDEX(CHOOSE(MATCH($X10,{"K1","K2","K3","K12","K13","H1","H2","H3","H12","H13"},0),Calc!$BA$2:$BA$105,Calc!$BB$2:$BB$105,Calc!$BC$2:$BC$105,Calc!$BD$2:$BD$105,Calc!$BE$2:$BE$105,Calc!$BF$2:$BF$105,Calc!$BG$2:$BG$105,Calc!$BH$2:$BH$105,Calc!$BI$2:$BI$105,Calc!$BJ$2:$BJ$105),MATCH($W10,Calc!$A$2:$A$105,0)),"") -> 26.71375 | AA10: =IF(Z10="","",IF(LEFT($X10,1)="H",SQRT(Z10*(IFERROR(INDEX(Calc!$AP$2:$AP$105,MATCH($W10,Calc!$A$2:$A$105,0)),0.5)*Config!$B$5+1-IFERROR(INDEX(Calc!$AP$2:$AP$105,MATCH($W10,Calc!$A$2:$A$105,0)),0.5))),SQRT(Z10*Config!$B$5))) -> 6.1154926 | AB10: =IF(OR(F10="",Z10="",N(AA10)<=0),"",1-NORMDIST(FLOOR(F10,1)+0.5,Z10,AA10,TRUE())) -> 0.44885017 | AC10: =IF(AB10="","",NORMDIST(CEILING(F10,1)-0.5,Z10,AA10,TRUE())) -> 0.48605892 | AD10: =IF(AB10="","",IF(AB10>=0.5+Config!$B$6,"OVER",IF(AC10>=0.5+Config!$B$6,"UNDER","—"))) -> — | AE10: =IFERROR(Z10/G10,"") -> 1
A11: CS2 | B11: CS2 [NO MARKET] · ASTR vs LG | C11: afro | D11: LG | E11: Maps 1-2 HS | F11: 11.5 | G11: =IFERROR(INDEX(CHOOSE(MATCH($X11,{"K1","K2","K3","K12","K13","H1","H2","H3","H12","H13"},0),Calc!$V$2:$V$105,Calc!$AC$2:$AC$105,Calc!$AJ$2:$AJ$105,Calc!$AL$2:$AL$105,Calc!$AM$2:$AM$105,Calc!$W$2:$W$105,Calc!$AD$2:$AD$105,Calc!$AK$2:$AK$105,Calc!$AN$2:$AN$105,Calc!$AO$2:$AO$105),MATCH($W11,Calc!$A$2:$A$105,0)),"") -> 10.829482 | H11: =IF(G11="","",IF(LEFT($X11,1)="H",SQRT(G11*(IFERROR(INDEX(Calc!$AP$2:$AP$105,MATCH($W11,Calc!$A$2:$A$105,0)),0.5)*Config!$B$5+1-IFERROR(INDEX(Calc!$AP$2:$AP$105,MATCH($W11,Calc!$A$2:$A$105,0)),0.5))),SQRT(G11*Config!$B$5))) -> 3.5140481 | I11: =IF(OR(F11="",G11="",N(H11)<=0),"",1-NORMDIST(FLOOR(F11,1)+0.5,G11,H11,TRUE())) -> 0.424337 | J11: =IF(I11="","",NORMDIST(CEILING(F11,1)-0.5,G11,H11,TRUE())) -> 0.575663 | K11: =IF(I11="","",MAX(0,1-I11-J11)) -> 0 | L11: =IF(I11="","",IF(I11>=0.5+Config!$B$6,"OVER",IF(J11>=0.5+Config!$B$6,"UNDER","—"))) -> UNDER | N11: 11.6 | O11: 1 | P11: 0.6 | Q11: 0.4 | R11: - | S11: 6 | T11: =INDEX(Calc!$G$2:$G$105,MATCH($W11,Calc!$A$2:$A$105,0))&" / "&INDEX(Calc!$H$2:$H$105,MATCH($W11,Calc!$A$2:$A$105,0)) -> Inferno / Dust2 | U11: =TEXT(INDEX(Calc!$J$2:$J$105,MATCH($W11,Calc!$A$2:$A$105,0)),"0.0")&" / "&TEXT(INDEX(Calc!$K$2:$K$105,MATCH($W11,Calc!$A$2:$A$105,0)),"0.0") -> 21.5 / 21.5 | V11: =IFERROR(INDEX(Calc!$AQ$2:$AQ$105,MATCH($W11,Calc!$A$2:$A$105,0)),"") | W11: now9yw1c0z61fxl|CS2 [NO MARKET] · ASTR vs LG | X11: H12 | Y11: =W11&"|"&X11 -> now9yw1c0z61fxl|CS2 [NO MARKET] · ASTR vs LG|H12 | Z11: =IFERROR(INDEX(CHOOSE(MATCH($X11,{"K1","K2","K3","K12","K13","H1","H2","H3","H12","H13"},0),Calc!$BA$2:$BA$105,Calc!$BB$2:$BB$105,Calc!$BC$2:$BC$105,Calc!$BD$2:$BD$105,Calc!$BE$2:$BE$105,Calc!$BF$2:$BF$105,Calc!$BG$2:$BG$105,Calc!$BH$2:$BH$105,Calc!$BI$2:$BI$105,Calc!$BJ$2:$BJ$105),MATCH($W11,Calc!$A$2:$A$105,0)),"") -> 10.829482 | AA11: =IF(Z11="","",IF(LEFT($X11,1)="H",SQRT(Z11*(IFERROR(INDEX(Calc!$AP$2:$AP$105,MATCH($W11,Calc!$A$2:$A$105,0)),0.5)*Config!$B$5+1-IFERROR(INDEX(Calc!$AP$2:$AP$105,MATCH($W11,Calc!$A$2:$A$105,0)),0.5))),SQRT(Z11*Config!$B$5))) -> 3.5140481 | AB11: =IF(OR(F11="",Z11="",N(AA11)<=0),"",1-NORMDIST(FLOOR(F11,1)+0.5,Z11,AA11,TRUE())) -> 0.424337 | AC11: =IF(AB11="","",NORMDIST(CEILING(F11,1)-0.5,Z11,AA11,TRUE())) -> 0.575663 | AD11: =IF(AB11="","",IF(AB11>=0.5+Config!$B$6,"OVER",IF(AC11>=0.5+Config!$B$6,"UNDER","—"))) -> UNDER | AE11: =IFERROR(Z11/G11,"") -> 1
A12: CS2 | B12: CS2 [NO MARKET] · ASTR vs LG | C12: afro | D12: LG | E12: Maps 1-2 Kills | F12: 31.5 | G12: =IFERROR(INDEX(CHOOSE(MATCH($X12,{"K1","K2","K3","K12","K13","H1","H2","H3","H12","H13"},0),Calc!$V$2:$V$105,Calc!$AC$2:$AC$105,Calc!$AJ$2:$AJ$105,Calc!$AL$2:$AL$105,Calc!$AM$2:$AM$105,Calc!$W$2:$W$105,Calc!$AD$2:$AD$105,Calc!$AK$2:$AK$105,Calc!$AN$2:$AN$105,Calc!$AO$2:$AO$105),MATCH($W12,Calc!$A$2:$A$105,0)),"") -> 30.881818 | H12: =IF(G12="","",IF(LEFT($X12,1)="H",SQRT(G12*(IFERROR(INDEX(Calc!$AP$2:$AP$105,MATCH($W12,Calc!$A$2:$A$105,0)),0.5)*Config!$B$5+1-IFERROR(INDEX(Calc!$AP$2:$AP$105,MATCH($W12,Calc!$A$2:$A$105,0)),0.5))),SQRT(G12*Config!$B$5))) -> 6.5752981 | I12: =IF(OR(F12="",G12="",N(H12)<=0),"",1-NORMDIST(FLOOR(F12,1)+0.5,G12,H12,TRUE())) -> 0.46254831 | J12: =IF(I12="","",NORMDIST(CEILING(F12,1)-0.5,G12,H12,TRUE())) -> 0.53745169 | K12: =IF(I12="","",MAX(0,1-I12-J12)) -> 0 | L12: =IF(I12="","",IF(I12>=0.5+Config!$B$6,"OVER",IF(J12>=0.5+Config!$B$6,"UNDER","—"))) -> — | N12: 33.9 | O12: 0.6 | P12: 0.5 | Q12: 0.47 | R12: - | S12: -1 | T12: =INDEX(Calc!$G$2:$G$105,MATCH($W12,Calc!$A$2:$A$105,0))&" / "&INDEX(Calc!$H$2:$H$105,MATCH($W12,Calc!$A$2:$A$105,0)) -> Inferno / Dust2 | U12: =TEXT(INDEX(Calc!$J$2:$J$105,MATCH($W12,Calc!$A$2:$A$105,0)),"0.0")&" / "&TEXT(INDEX(Calc!$K$2:$K$105,MATCH($W12,Calc!$A$2:$A$105,0)),"0.0") -> 21.5 / 21.5 | V12: =IFERROR(INDEX(Calc!$AQ$2:$AQ$105,MATCH($W12,Calc!$A$2:$A$105,0)),"") | W12: now9yw1c0z61fxl|CS2 [NO MARKET] · ASTR vs LG | X12: K12 | Y12: =W12&"|"&X12 -> now9yw1c0z61fxl|CS2 [NO MARKET] · ASTR vs LG|K12 | Z12: =IFERROR(INDEX(CHOOSE(MATCH($X12,{"K1","K2","K3","K12","K13","H1","H2","H3","H12","H13"},0),Calc!$BA$2:$BA$105,Calc!$BB$2:$BB$105,Calc!$BC$2:$BC$105,Calc!$BD$2:$BD$105,Calc!$BE$2:$BE$105,Calc!$BF$2:$BF$105,Calc!$BG$2:$BG$105,Calc!$BH$2:$BH$105,Calc!$BI$2:$BI$105,Calc!$BJ$2:$BJ$105),MATCH($W12,Calc!$A$2:$A$105,0)),"") -> 30.881818 | AA12: =IF(Z12="","",IF(LEFT($X12,1)="H",SQRT(Z12*(IFERROR(INDEX(Calc!$AP$2:$AP$105,MATCH($W12,Calc!$A$2:$A$105,0)),0.5)*Config!$B$5+1-IFERROR(INDEX(Calc!$AP$2:$AP$105,MATCH($W12,Calc!$A$2:$A$105,0)),0.5))),SQRT(Z12*Config!$B$5))) -> 6.5752981 | AB12: =IF(OR(F12="",Z12="",N(AA12)<=0),"",1-NORMDIST(FLOOR(F12,1)+0.5,Z12,AA12,TRUE())) -> 0.46254831 | AC12: =IF(AB12="","",NORMDIST(CEILING(F12,1)-0.5,Z12,AA12,TRUE())) -> 0.53745169 | AD12: =IF(AB12="","",IF(AB12>=0.5+Config!$B$6,"OVER",IF(AC12>=0.5+Config!$B$6,"UNDER","—"))) -> — | AE12: =IFERROR(Z12/G12,"") -> 1
A13: CS2 | B13: CS2 [NO MARKET] · ASTR vs LG | C13: AZUWU | D13: LG | E13: Maps 1-2 HS | F13: 16.5 | G13: =IFERROR(INDEX(CHOOSE(MATCH($X13,{"K1","K2","K3","K12","K13","H1","H2","H3","H12","H13"},0),Calc!$V$2:$V$105,Calc!$AC$2:$AC$105,Calc!$AJ$2:$AJ$105,Calc!$AL$2:$AL$105,Calc!$AM$2:$AM$105,Calc!$W$2:$W$105,Calc!$AD$2:$AD$105,Calc!$AK$2:$AK$105,Calc!$AN$2:$AN$105,Calc!$AO$2:$AO$105),MATCH($W13,Calc!$A$2:$A$105,0)),"") -> 16.573536 | H13: =IF(G13="","",IF(LEFT($X13,1)="H",SQRT(G13*(IFERROR(INDEX(Calc!$AP$2:$AP$105,MATCH($W13,Calc!$A$2:$A$105,0)),0.5)*Config!$B$5+1-IFERROR(INDEX(Calc!$AP$2:$AP$105,MATCH($W13,Calc!$A$2:$A$105,0)),0.5))),SQRT(G13*Config!$B$5))) -> 4.542603 | I13: =IF(OR(F13="",G13="",N(H13)<=0),"",1-NORMDIST(FLOOR(F13,1)+0.5,G13,H13,TRUE())) -> 0.50645784 | J13: =IF(I13="","",NORMDIST(CEILING(F13,1)-0.5,G13,H13,TRUE())) -> 0.49354216 | K13: =IF(I13="","",MAX(0,1-I13-J13)) -> 0 | L13: =IF(I13="","",IF(I13>=0.5+Config!$B$6,"OVER",IF(J13>=0.5+Config!$B$6,"UNDER","—"))) -> — | N13: 15 | O13: 0.2 | P13: 0.3 | Q13: 0.4 | R13: - | S13: -1 | T13: =INDEX(Calc!$G$2:$G$105,MATCH($W13,Calc!$A$2:$A$105,0))&" / "&INDEX(Calc!$H$2:$H$105,MATCH($W13,Calc!$A$2:$A$105,0)) -> Inferno / Dust2 | U13: =TEXT(INDEX(Calc!$J$2:$J$105,MATCH($W13,Calc!$A$2:$A$105,0)),"0.0")&" / "&TEXT(INDEX(Calc!$K$2:$K$105,MATCH($W13,Calc!$A$2:$A$105,0)),"0.0") -> 21.5 / 21.5 | V13: =IFERROR(INDEX(Calc!$AQ$2:$AQ$105,MATCH($W13,Calc!$A$2:$A$105,0)),"") | W13: 5b322opruaopkmm|CS2 [NO MARKET] · ASTR vs LG | X13: H12 | Y13: =W13&"|"&X13 -> 5b322opruaopkmm|CS2 [NO MARKET] · ASTR vs LG|H12 | Z13: =IFERROR(INDEX(CHOOSE(MATCH($X13,{"K1","K2","K3","K12","K13","H1","H2","H3","H12","H13"},0),Calc!$BA$2:$BA$105,Calc!$BB$2:$BB$105,Calc!$BC$2:$BC$105,Calc!$BD$2:$BD$105,Calc!$BE$2:$BE$105,Calc!$BF$2:$BF$105,Calc!$BG$2:$BG$105,Calc!$BH$2:$BH$105,Calc!$BI$2:$BI$105,Calc!$BJ$2:$BJ$105),MATCH($W13,Calc!$A$2:$A$105,0)),"") -> 16.573536 | AA13: =IF(Z13="","",IF(LEFT($X13,1)="H",SQRT(Z13*(IFERROR(INDEX(Calc!$AP$2:$AP$105,MATCH($W13,Calc!$A$2:$A$105,0)),0.5)*Config!$B$5+1-IFERROR(INDEX(Calc!$AP$2:$AP$105,MATCH($W13,Calc!$A$2:$A$105,0)),0.5))),SQRT(Z13*Config!$B$5))) -> 4.542603 | AB13: =IF(OR(F13="",Z13="",N(AA13)<=0),"",1-NORMDIST(FLOOR(F13,1)+0.5,Z13,AA13,TRUE())) -> 0.50645784 | AC13: =IF(AB13="","",NORMDIST(CEILING(F13,1)-0.5,Z13,AA13,TRUE())) -> 0.49354216 | AD13: =IF(AB13="","",IF(AB13>=0.5+Config!$B$6,"OVER",IF(AC13>=0.5+Config!$B$6,"UNDER","—"))) -> — | AE13: =IFERROR(Z13/G13,"") -> 1
... A51: CS2 | B51: CS2 · BBL vs BCG | C51: Leakz | D51: BBL | E51: Maps 1-2 HS | F51: 17.5 | G51: =IFERROR(INDEX(CHOOSE(MATCH($X51,{"K1","K2","K3","K12","K13","H1","H2","H3","H12","H13"},0),Calc!$V$2:$V$105,Calc!$AC$2:$AC$105,Calc!$AJ$2:$AJ$105,Calc!$AL$2:$AL$105,Calc!$AM$2:$AM$105,Calc!$W$2:$W$105,Calc!$AD$2:$AD$105,Calc!$AK$2:$AK$105,Calc!$AN$2:$AN$105,Calc!$AO$2:$AO$105),MATCH($W51,Calc!$A$2:$A$105,0)),"") -> 17.115083 | H51: =IF(G51="","",IF(LEFT($X51,1)="H",SQRT(G51*(IFERROR(INDEX(Calc!$AP$2:$AP$105,MATCH($W51,Calc!$A$2:$A$105,0)),0.5)*Config!$B$5+1-IFERROR(INDEX(Calc!$AP$2:$AP$105,MATCH($W51,Calc!$A$2:$A$105,0)),0.5))),SQRT(G51*Config!$B$5))) -> 4.5712414 | I51: =IF(OR(F51="",G51="",N(H51)<=0),"",1-NORMDIST(FLOOR(F51,1)+0.5,G51,H51,TRUE())) -> 0.46644713 | J51: =IF(I51="","",NORMDIST(CEILING(F51,1)-0.5,G51,H51,TRUE())) -> 0.53355287 | K51: =IF(I51="","",MAX(0,1-I51-J51)) -> 0 | L51: =IF(I51="","",IF(I51>=0.5+Config!$B$6,"OVER",IF(J51>=0.5+Config!$B$6,"UNDER","—"))) -> — | N51: 16.7 | O51: 1 | P51: 0.5 | Q51: 0.53 | R51: 0%/0/2 | S51: 5 | T51: =INDEX(Calc!$G$2:$G$105,MATCH($W51,Calc!$A$2:$A$105,0))&" / "&INDEX(Calc!$H$2:$H$105,MATCH($W51,Calc!$A$2:$A$105,0)) -> Cache / Nuke | U51: =TEXT(INDEX(Calc!$J$2:$J$105,MATCH($W51,Calc!$A$2:$A$105,0)),"0.0")&" / "&TEXT(INDEX(Calc!$K$2:$K$105,MATCH($W51,Calc!$A$2:$A$105,0)),"0.0") -> 21.1 / 21.1 | V51: =IFERROR(INDEX(Calc!$AQ$2:$AQ$105,MATCH($W51,Calc!$A$2:$A$105,0)),"") | W51: aulcxwhkh0pxo6k|CS2 · BBL vs BCG | X51: H12 | Y51: =W51&"|"&X51 -> aulcxwhkh0pxo6k|CS2 · BBL vs BCG|H12 | Z51: =IFERROR(INDEX(CHOOSE(MATCH($X51,{"K1","K2","K3","K12","K13","H1","H2","H3","H12","H13"},0),Calc!$BA$2:$BA$105,Calc!$BB$2:$BB$105,Calc!$BC$2:$BC$105,Calc!$BD$2:$BD$105,Calc!$BE$2:$BE$105,Calc!$BF$2:$BF$105,Calc!$BG$2:$BG$105,Calc!$BH$2:$BH$105,Calc!$BI$2:$BI$105,Calc!$BJ$2:$BJ$105),MATCH($W51,Calc!$A$2:$A$105,0)),"") -> 16.86549 | AA51: =IF(Z51="","",IF(LEFT($X51,1)="H",SQRT(Z51*(IFERROR(INDEX(Calc!$AP$2:$AP$105,MATCH($W51,Calc!$A$2:$A$105,0)),0.5)*Config!$B$5+1-IFERROR(INDEX(Calc!$AP$2:$AP$105,MATCH($W51,Calc!$A$2:$A$105,0)),0.5))),SQRT(Z51*Config!$B$5))) -> 4.5377872 | AB51: =IF(OR(F51="",Z51="",N(AA51)<=0),"",1-NORMDIST(FLOOR(F51,1)+0.5,Z51,AA51,TRUE())) -> 0.4443979 | AC51: =IF(AB51="","",NORMDIST(CEILING(F51,1)-0.5,Z51,AA51,TRUE())) -> 0.5556021 | AD51: =IF(AB51="","",IF(AB51>=0.5+Config!$B$6,"OVER",IF(AC51>=0.5+Config!$B$6,"UNDER","—"))) -> UNDER | AE51: =IFERROR(Z51/G51,"") -> 0.98541675
A52: CS2 | B52: CS2 · BBL vs BCG | C52: Leakz | D52: BBL | E52: Maps 1-2 Kills | F52: 32.5 | G52: =IFERROR(INDEX(CHOOSE(MATCH($X52,{"K1","K2","K3","K12","K13","H1","H2","H3","H12","H13"},0),Calc!$V$2:$V$105,Calc!$AC$2:$AC$105,Calc!$AJ$2:$AJ$105,Calc!$AL$2:$AL$105,Calc!$AM$2:$AM$105,Calc!$W$2:$W$105,Calc!$AD$2:$AD$105,Calc!$AK$2:$AK$105,Calc!$AN$2:$AN$105,Calc!$AO$2:$AO$105),MATCH($W52,Calc!$A$2:$A$105,0)),"") -> 30.987923 | H52: =IF(G52="","",IF(LEFT($X52,1)="H",SQRT(G52*(IFERROR(INDEX(Calc!$AP$2:$AP$105,MATCH($W52,Calc!$A$2:$A$105,0)),0.5)*Config!$B$5+1-IFERROR(INDEX(Calc!$AP$2:$AP$105,MATCH($W52,Calc!$A$2:$A$105,0)),0.5))),SQRT(G52*Config!$B$5))) -> 6.5865843 | I52: =IF(OR(F52="",G52="",N(H52)<=0),"",1-NORMDIST(FLOOR(F52,1)+0.5,G52,H52,TRUE())) -> 0.40921327 | J52: =IF(I52="","",NORMDIST(CEILING(F52,1)-0.5,G52,H52,TRUE())) -> 0.59078673 | K52: =IF(I52="","",MAX(0,1-I52-J52)) -> 0 | L52: =IF(I52="","",IF(I52>=0.5+Config!$B$6,"OVER",IF(J52>=0.5+Config!$B$6,"UNDER","—"))) -> UNDER | M52: 32.33 | N52: 30.5 | O52: 0.8 | P52: 0.5 | Q52: 0.47 | R52: 0%/0/2 | S52: 3 | T52: =INDEX(Calc!$G$2:$G$105,MATCH($W52,Calc!$A$2:$A$105,0))&" / "&INDEX(Calc!$H$2:$H$105,MATCH($W52,Calc!$A$2:$A$105,0)) -> Cache / Nuke | U52: =TEXT(INDEX(Calc!$J$2:$J$105,MATCH($W52,Calc!$A$2:$A$105,0)),"0.0")&" / "&TEXT(INDEX(Calc!$K$2:$K$105,MATCH($W52,Calc!$A$2:$A$105,0)),"0.0") -> 21.1 / 21.1 | V52: =IFERROR(INDEX(Calc!$AQ$2:$AQ$105,MATCH($W52,Calc!$A$2:$A$105,0)),"") | W52: aulcxwhkh0pxo6k|CS2 · BBL vs BCG | X52: K12 | Y52: =W52&"|"&X52 -> aulcxwhkh0pxo6k|CS2 · BBL vs BCG|K12 | Z52: =IFERROR(INDEX(CHOOSE(MATCH($X52,{"K1","K2","K3","K12","K13","H1","H2","H3","H12","H13"},0),Calc!$BA$2:$BA$105,Calc!$BB$2:$BB$105,Calc!$BC$2:$BC$105,Calc!$BD$2:$BD$105,Calc!$BE$2:$BE$105,Calc!$BF$2:$BF$105,Calc!$BG$2:$BG$105,Calc!$BH$2:$BH$105,Calc!$BI$2:$BI$105,Calc!$BJ$2:$BJ$105),MATCH($W52,Calc!$A$2:$A$105,0)),"") -> 30.575468 | AA52: =IF(Z52="","",IF(LEFT($X52,1)="H",SQRT(Z52*(IFERROR(INDEX(Calc!$AP$2:$AP$105,MATCH($W52,Calc!$A$2:$A$105,0)),0.5)*Config!$B$5+1-IFERROR(INDEX(Calc!$AP$2:$AP$105,MATCH($W52,Calc!$A$2:$A$105,0)),0.5))),SQRT(Z52*Config!$B$5))) -> 6.5426031 | AB52: =IF(OR(F52="",Z52="",N(AA52)<=0),"",1-NORMDIST(FLOOR(F52,1)+0.5,Z52,AA52,TRUE())) -> 0.38432015 | AC52: =IF(AB52="","",NORMDIST(CEILING(F52,1)-0.5,Z52,AA52,TRUE())) -> 0.61567985 | AD52: =IF(AB52="","",IF(AB52>=0.5+Config!$B$6,"OVER",IF(AC52>=0.5+Config!$B$6,"UNDER","—"))) -> UNDER | AE52: =IFERROR(Z52/G52,"") -> 0.9866898
A53: CS2 | B53: CS2 · BBL vs BCG | C53: MistR | D53: BBL | E53: Maps 1-2 HS | F53: 14.5 | G53: =IFERROR(INDEX(CHOOSE(MATCH($X53,{"K1","K2","K3","K12","K13","H1","H2","H3","H12","H13"},0),Calc!$V$2:$V$105,Calc!$AC$2:$AC$105,Calc!$AJ$2:$AJ$105,Calc!$AL$2:$AL$105,Calc!$AM$2:$AM$105,Calc!$W$2:$W$105,Calc!$AD$2:$AD$105,Calc!$AK$2:$AK$105,Calc!$AN$2:$AN$105,Calc!$AO$2:$AO$105),MATCH($W53,Calc!$A$2:$A$105,0)),"") -> 13.380047 | H53: =IF(G53="","",IF(LEFT($X53,1)="H",SQRT(G53*(IFERROR(INDEX(Calc!$AP$2:$AP$105,MATCH($W53,Calc!$A$2:$A$105,0)),0.5)*Config!$B$5+1-IFERROR(INDEX(Calc!$AP$2:$AP$105,MATCH($W53,Calc!$A$2:$A$105,0)),0.5))),SQRT(G53*Config!$B$5))) -> 4.0210063 | I53: =IF(OR(F53="",G53="",N(H53)<=0),"",1-NORMDIST(FLOOR(F53,1)+0.5,G53,H53,TRUE())) -> 0.39030445 | J53: =IF(I53="","",NORMDIST(CEILING(F53,1)-0.5,G53,H53,TRUE())) -> 0.60969555 | K53: =IF(I53="","",MAX(0,1-I53-J53)) -> 0 | L53: =IF(I53="","",IF(I53>=0.5+Config!$B$6,"OVER",IF(J53>=0.5+Config!$B$6,"UNDER","—"))) -> UNDER | N53: 14.6 | O53: 0.4 | P53: 0.4 | Q53: 0.6 | R53: 100%/2/2 | S53: 1 | T53: =INDEX(Calc!$G$2:$G$105,MATCH($W53,Calc!$A$2:$A$105,0))&" / "&INDEX(Calc!$H$2:$H$105,MATCH($W53,Calc!$A$2:$A$105,0)) -> Cache / Nuke | U53: =TEXT(INDEX(Calc!$J$2:$J$105,MATCH($W53,Calc!$A$2:$A$105,0)),"0.0")&" / "&TEXT(INDEX(Calc!$K$2:$K$105,MATCH($W53,Calc!$A$2:$A$105,0)),"0.0") -> 21.1 / 21.1 | V53: =IFERROR(INDEX(Calc!$AQ$2:$AQ$105,MATCH($W53,Calc!$A$2:$A$105,0)),"") | W53: 8n1op8gu0s0g5np|CS2 · BBL vs BCG | X53: H12 | Y53: =W53&"|"&X53 -> 8n1op8gu0s0g5np|CS2 · BBL vs BCG|H12 | Z53: =IFERROR(INDEX(CHOOSE(MATCH($X53,{"K1","K2","K3","K12","K13","H1","H2","H3","H12","H13"},0),Calc!$BA$2:$BA$105,Calc!$BB$2:$BB$105,Calc!$BC$2:$BC$105,Calc!$BD$2:$BD$105,Calc!$BE$2:$BE$105,Calc!$BF$2:$BF$105,Calc!$BG$2:$BG$105,Calc!$BH$2:$BH$105,Calc!$BI$2:$BI$105,Calc!$BJ$2:$BJ$105),MATCH($W53,Calc!$A$2:$A$105,0)),"") -> 13.211526 | AA53: =IF(Z53="","",IF(LEFT($X53,1)="H",SQRT(Z53*(IFERROR(INDEX(Calc!$AP$2:$AP$105,MATCH($W53,Calc!$A$2:$A$105,0)),0.5)*Config!$B$5+1-IFERROR(INDEX(Calc!$AP$2:$AP$105,MATCH($W53,Calc!$A$2:$A$105,0)),0.5))),SQRT(Z53*Config!$B$5))) -> 3.9956039 | AB53: =IF(OR(F53="",Z53="",N(AA53)<=0),"",1-NORMDIST(FLOOR(F53,1)+0.5,Z53,AA53,TRUE())) -> 0.37354724 | AC53: =IF(AB53="","",NORMDIST(CEILING(F53,1)-0.5,Z53,AA53,TRUE())) -> 0.62645276 | AD53: =IF(AB53="","",IF(AB53>=0.5+Config!$B$6,"OVER",IF(AC53>=0.5+Config!$B$6,"UNDER","—"))) -> UNDER | AE53: =IFERROR(Z53/G53,"") -> 0.98740508
A54: CS2 | B54: CS2 · BBL vs BCG | C54: MistR | D54: BBL | E54: Maps 1-2 Kills | F54: 26.5 | G54: =IFERROR(INDEX(CHOOSE(MATCH($X54,{"K1","K2","K3","K12","K13","H1","H2","H3","H12","H13"},0),Calc!$V$2:$V$105,Calc!$AC$2:$AC$105,Calc!$AJ$2:$AJ$105,Calc!$AL$2:$AL$105,Calc!$AM$2:$AM$105,Calc!$W$2:$W$105,Calc!$AD$2:$AD$105,Calc!$AK$2:$AK$105,Calc!$AN$2:$AN$105,Calc!$AO$2:$AO$105),MATCH($W54,Calc!$A$2:$A$105,0)),"") -> 25.681077 | H54: =IF(G54="","",IF(LEFT($X54,1)="H",SQRT(G54*(IFERROR(INDEX(Calc!$AP$2:$AP$105,MATCH($W54,Calc!$A$2:$A$105,0)),0.5)*Config!$B$5+1-IFERROR(INDEX(Calc!$AP$2:$AP$105,MATCH($W54,Calc!$A$2:$A$105,0)),0.5))),SQRT(G54*Config!$B$5))) -> 5.9961244 | I54: =IF(OR(F54="",G54="",N(H54)<=0),"",1-NORMDIST(FLOOR(F54,1)+0.5,G54,H54,TRUE())) -> 0.44568321 | J54: =IF(I54="","",NORMDIST(CEILING(F54,1)-0.5,G54,H54,TRUE())) -> 0.55431679 | K54: =IF(I54="","",MAX(0,1-I54-J54)) -> 0 | L54: =IF(I54="","",IF(I54>=0.5+Config!$B$6,"OVER",IF(J54>=0.5+Config!$B$6,"UNDER","—"))) -> UNDER | M54: 26.82 | N54: 27.8 | O54: 0.8 | P54: 0.7 | Q54: 0.73 | R54: 0%/0/2 | S54: 4 | T54: =INDEX(Calc!$G$2:$G$105,MATCH($W54,Calc!$A$2:$A$105,0))&" / "&INDEX(Calc!$H$2:$H$105,MATCH($W54,Calc!$A$2:$A$105,0)) -> Cache / Nuke | U54: =TEXT(INDEX(Calc!$J$2:$J$105,MATCH($W54,Calc!$A$2:$A$105,0)),"0.0")&" / "&TEXT(INDEX(Calc!$K$2:$K$105,MATCH($W54,Calc!$A$2:$A$105,0)),"0.0") -> 21.1 / 21.1 | V54: =IFERROR(INDEX(Calc!$AQ$2:$AQ$105,MATCH($W54,Calc!$A$2:$A$105,0)),"") | W54: 8n1op8gu0s0g5np|CS2 · BBL vs BCG | X54: K12 | Y54: =W54&"|"&X54 -> 8n1op8gu0s0g5np|CS2 · BBL vs BCG|K12 | Z54: =IFERROR(INDEX(CHOOSE(MATCH($X54,{"K1","K2","K3","K12","K13","H1","H2","H3","H12","H13"},0),Calc!$BA$2:$BA$105,Calc!$BB$2:$BB$105,Calc!$BC$2:$BC$105,Calc!$BD$2:$BD$105,Calc!$BE$2:$BE$105,Calc!$BF$2:$BF$105,Calc!$BG$2:$BG$105,Calc!$BH$2:$BH$105,Calc!$BI$2:$BI$105,Calc!$BJ$2:$BJ$105),MATCH($W54,Calc!$A$2:$A$105,0)),"") -> 25.340501 | AA54: =IF(Z54="","",IF(LEFT($X54,1)="H",SQRT(Z54*(IFERROR(INDEX(Calc!$AP$2:$AP$105,MATCH($W54,Calc!$A$2:$A$105,0)),0.5)*Config!$B$5+1-IFERROR(INDEX(Calc!$AP$2:$AP$105,MATCH($W54,Calc!$A$2:$A$105,0)),0.5))),SQRT(Z54*Config!$B$5))) -> 5.9562322 | AB54: =IF(OR(F54="",Z54="",N(AA54)<=0),"",1-NORMDIST(FLOOR(F54,1)+0.5,Z54,AA54,TRUE())) -> 0.4228257 | AC54: =IF(AB54="","",NORMDIST(CEILING(F54,1)-0.5,Z54,AA54,TRUE())) -> 0.5771743 | AD54: =IF(AB54="","",IF(AB54>=0.5+Config!$B$6,"OVER",IF(AC54>=0.5+Config!$B$6,"UNDER","—"))) -> UNDER | AE54: =IFERROR(Z54/G54,"") -> 0.98673826
A55: CS2 | B55: CS2 · BBL vs BCG | C55: NickyB | D55: BBL | E55: Maps 1-2 HS | F55: 14.5 | G55: =IFERROR(INDEX(CHOOSE(MATCH($X55,{"K1","K2","K3","K12","K13","H1","H2","H3","H12","H13"},0),Calc!$V$2:$V$105,Calc!$AC$2:$AC$105,Calc!$AJ$2:$AJ$105,Calc!$AL$2:$AL$105,Calc!$AM$2:$AM$105,Calc!$W$2:$W$105,Calc!$AD$2:$AD$105,Calc!$AK$2:$AK$105,Calc!$AN$2:$AN$105,Calc!$AO$2:$AO$105),MATCH($W55,Calc!$A$2:$A$105,0)),"") -> 15.84557 | H55: =IF(G55="","",IF(LEFT($X55,1)="H",SQRT(G55*(IFERROR(INDEX(Calc!$AP$2:$AP$105,MATCH($W55,Calc!$A$2:$A$105,0)),0.5)*Config!$B$5+1-IFERROR(INDEX(Calc!$AP$2:$AP$105,MATCH($W55,Calc!$A$2:$A$105,0)),0.5))),SQRT(G55*Config!$B$5))) -> 4.3811578 | I55: =IF(OR(F55="",G55="",N(H55)<=0),"",1-NORMDIST(FLOOR(F55,1)+0.5,G55,H55,TRUE())) -> 0.62062649 | J55: =IF(I55="","",NORMDIST(CEILING(F55,1)-0.5,G55,H55,TRUE())) -> 0.37937351 | K55: =IF(I55="","",MAX(0,1-I55-J55)) -> 0 | L55: =IF(I55="","",IF(I55>=0.5+Config!$B$6,"OVER",IF(J55>=0.5+Config!$B$6,"UNDER","—"))) -> OVER | N55: 14.7 | O55: 0.2 | P55: 0.3 | Q55: 0.4 | R55: 100%/1/1 | S55: -2 | T55: =INDEX(Calc!$G$2:$G$105,MATCH($W55,Calc!$A$2:$A$105,0))&" / "&INDEX(Calc!$H$2:$H$105,MATCH($W55,Calc!$A$2:$A$105,0)) -> Cache / Nuke | U55: =TEXT(INDEX(Calc!$J$2:$J$105,MATCH($W55,Calc!$A$2:$A$105,0)),"0.0")&" / "&TEXT(INDEX(Calc!$K$2:$K$105,MATCH($W55,Calc!$A$2:$A$105,0)),"0.0") -> 21.1 / 21.1 | V55: =IFERROR(INDEX(Calc!$AQ$2:$AQ$105,MATCH($W55,Calc!$A$2:$A$105,0)),"") | W55: 4u8b77givp2ury3|CS2 · BBL vs BCG | X55: H12 | Y55: =W55&"|"&X55 -> 4u8b77givp2ury3|CS2 · BBL vs BCG|H12 | Z55: =IFERROR(INDEX(CHOOSE(MATCH($X55,{"K1","K2","K3","K12","K13","H1","H2","H3","H12","H13"},0),Calc!$BA$2:$BA$105,Calc!$BB$2:$BB$105,Calc!$BC$2:$BC$105,Calc!$BD$2:$BD$105,Calc!$BE$2:$BE$105,Calc!$BF$2:$BF$105,Calc!$BG$2:$BG$105,Calc!$BH$2:$BH$105,Calc!$BI$2:$BI$105,Calc!$BJ$2:$BJ$105),MATCH($W55,Calc!$A$2:$A$105,0)),"") -> 15.658748 | AA55: =IF(Z55="","",IF(LEFT($X55,1)="H",SQRT(Z55*(IFERROR(INDEX(Calc!$AP$2:$AP$105,MATCH($W55,Calc!$A$2:$A$105,0)),0.5)*Config!$B$5+1-IFERROR(INDEX(Calc!$AP$2:$AP$105,MATCH($W55,Calc!$A$2:$A$105,0)),0.5))),SQRT(Z55*Config!$B$5))) -> 4.3552539 | AB55: =IF(OR(F55="",Z55="",N(AA55)<=0),"",1-NORMDIST(FLOOR(F55,1)+0.5,Z55,AA55,TRUE())) -> 0.6049025 | AC55: =IF(AB55="","",NORMDIST(CEILING(F55,1)-0.5,Z55,AA55,TRUE())) -> 0.3950975 | AD55: =IF(AB55="","",IF(AB55>=0.5+Config!$B$6,"OVER",IF(AC55>=0.5+Config!$B$6,"UNDER","—"))) -> OVER | AE55: =IFERROR(Z55/G55,"") -> 0.98820979
A56: CS2 | B56: CS2 · BBL vs BCG | C56: NickyB | D56: BBL | E56: Maps 1-2 Kills | F56: 28.5 | G56: =IFERROR(INDEX(CHOOSE(MATCH($X56,{"K1","K2","K3","K12","K13","H1","H2","H3","H12","H13"},0),Calc!$V$2:$V$105,Calc!$AC$2:$AC$105,Calc!$AJ$2:$AJ$105,Calc!$AL$2:$AL$105,Calc!$AM$2:$AM$105,Calc!$W$2:$W$105,Calc!$AD$2:$AD$105,Calc!$AK$2:$AK$105,Calc!$AN$2:$AN$105,Calc!$AO$2:$AO$105),MATCH($W56,Calc!$A$2:$A$105,0)),"") -> 29.989138 | H56: =IF(G56="","",IF(LEFT($X56,1)="H",SQRT(G56*(IFERROR(INDEX(Calc!$AP$2:$AP$105,MATCH($W56,Calc!$A$2:$A$105,0)),0.5)*Config!$B$5+1-IFERROR(INDEX(Calc!$AP$2:$AP$105,MATCH($W56,Calc!$A$2:$A$105,0)),0.5))),SQRT(G56*Config!$B$5))) -> 6.4795674 | I56: =IF(OR(F56="",G56="",N(H56)<=0),"",1-NORMDIST(FLOOR(F56,1)+0.5,G56,H56,TRUE())) -> 0.59088444 | J56: =IF(I56="","",NORMDIST(CEILING(F56,1)-0.5,G56,H56,TRUE())) -> 0.40911556 | K56: =IF(I56="","",MAX(0,1-I56-J56)) -> 0 | L56: =IF(I56="","",IF(I56>=0.5+Config!$B$6,"OVER",IF(J56>=0.5+Config!$B$6,"UNDER","—"))) -> OVER | M56: 28.52 | N56: 29 | O56: 0.4 | P56: 0.4 | Q56: 0.4 | R56: 100%/1/1 | S56: -1 | T56: =INDEX(Calc!$G$2:$G$105,MATCH($W56,Calc!$A$2:$A$105,0))&" / "&INDEX(Calc!$H$2:$H$105,MATCH($W56,Calc!$A$2:$A$105,0)) -> Cache / Nuke | U56: =TEXT(INDEX(Calc!$J$2:$J$105,MATCH($W56,Calc!$A$2:$A$105,0)),"0.0")&" / "&TEXT(INDEX(Calc!$K$2:$K$105,MATCH($W56,Calc!$A$2:$A$105,0)),"0.0") -> 21.1 / 21.1 | V56: =IFERROR(INDEX(Calc!$AQ$2:$AQ$105,MATCH($W56,Calc!$A$2:$A$105,0)),"") | W56: 4u8b77givp2ury3|CS2 · BBL vs BCG | X56: K12 | Y56: =W56&"|"&X56 -> 4u8b77givp2ury3|CS2 · BBL vs BCG|K12 | Z56: =IFERROR(INDEX(CHOOSE(MATCH($X56,{"K1","K2","K3","K12","K13","H1","H2","H3","H12","H13"},0),Calc!$BA$2:$BA$105,Calc!$BB$2:$BB$105,Calc!$BC$2:$BC$105,Calc!$BD$2:$BD$105,Calc!$BE$2:$BE$105,Calc!$BF$2:$BF$105,Calc!$BG$2:$BG$105,Calc!$BH$2:$BH$105,Calc!$BI$2:$BI$105,Calc!$BJ$2:$BJ$105),MATCH($W56,Calc!$A$2:$A$105,0)),"") -> 29.625799 | AA56: =IF(Z56="","",IF(LEFT($X56,1)="H",SQRT(Z56*(IFERROR(INDEX(Calc!$AP$2:$AP$105,MATCH($W56,Calc!$A$2:$A$105,0)),0.5)*Config!$B$5+1-IFERROR(INDEX(Calc!$AP$2:$AP$105,MATCH($W56,Calc!$A$2:$A$105,0)),0.5))),SQRT(Z56*Config!$B$5))) -> 6.4401956 | AB56: =IF(OR(F56="",Z56="",N(AA56)<=0),"",1-NORMDIST(FLOOR(F56,1)+0.5,Z56,AA56,TRUE())) -> 0.56938485 | AC56: =IF(AB56="","",NORMDIST(CEILING(F56,1)-0.5,Z56,AA56,TRUE())) -> 0.43061515 | AD56: =IF(AB56="","",IF(AB56>=0.5+Config!$B$6,"OVER",IF(AC56>=0.5+Config!$B$6,"UNDER","—"))) -> OVER | AE56: =IFERROR(Z56/G56,"") -> 0.98788431
A57: CS2 | B57: CS2 · BBL vs BCG | C57: salazar | D57: BBL | E57: Maps 1-2 HS | F57: 10.5 | G57: =IFERROR(INDEX(CHOOSE(MATCH($X57,{"K1","K2","K3","K12","K13","H1","H2","H3","H12","H13"},0),Calc!$V$2:$V$105,Calc!$AC$2:$AC$105,Calc!$AJ$2:$AJ$105,Calc!$AL$2:$AL$105,Calc!$AM$2:$AM$105,Calc!$W$2:$W$105,Calc!$AD$2:$AD$105,Calc!$AK$2:$AK$105,Calc!$AN$2:$AN$105,Calc!$AO$2:$AO$105),MATCH($W57,Calc!$A$2:$A$105,0)),"") -> 10.213617 | H57: =IF(G57="","",IF(LEFT($X57,1)="H",SQRT(G57*(IFERROR(INDEX(Calc!$AP$2:$AP$105,MATCH($W57,Calc!$A$2:$A$105,0)),0.5)*Config!$B$5+1-IFERROR(INDEX(Calc!$AP$2:$AP$105,MATCH($W57,Calc!$A$2:$A$105,0)),0.5))),SQRT(G57*Config!$B$5))) -> 3.4395136 | I57: =IF(OR(F57="",G57="",N(H57)<=0),"",1-NORMDIST(FLOOR(F57,1)+0.5,G57,H57,TRUE())) -> 0.4668214 | J57: =IF(I57="","",NORMDIST(CEILING(F57,1)-0.5,G57,H57,TRUE())) -> 0.5331786 | K57: =IF(I57="","",MAX(0,1-I57-J57)) -> 0 | L57: =IF(I57="","",IF(I57>=0.5+Config!$B$6,"OVER",IF(J57>=0.5+Config!$B$6,"UNDER","—"))) -> — | N57: 10 | O57: 0.4 | P57: 0.4 | Q57: 0.4 | R57: 0%/0/1 | S57: -1 | T57: =INDEX(Calc!$G$2:$G$105,MATCH($W57,Calc!$A$2:$A$105,0))&" / "&INDEX(Calc!$H$2:$H$105,MATCH($W57,Calc!$A$2:$A$105,0)) -> Cache / Nuke | U57: =TEXT(INDEX(Calc!$J$2:$J$105,MATCH($W57,Calc!$A$2:$A$105,0)),"0.0")&" / "&TEXT(INDEX(Calc!$K$2:$K$105,MATCH($W57,Calc!$A$2:$A$105,0)),"0.0") -> 21.1 / 21.1 | V57: =IFERROR(INDEX(Calc!$AQ$2:$AQ$105,MATCH($W57,Calc!$A$2:$A$105,0)),"") | W57: n7dezrlm3ggjepw|CS2 · BBL vs BCG | X57: H12 | Y57: =W57&"|"&X57 -> n7dezrlm3ggjepw|CS2 · BBL vs BCG|H12 | Z57: =IFERROR(INDEX(CHOOSE(MATCH($X57,{"K1","K2","K3","K12","K13","H1","H2","H3","H12","H13"},0),Calc!$BA$2:$BA$105,Calc!$BB$2:$BB$105,Calc!$BC$2:$BC$105,Calc!$BD$2:$BD$105,Calc!$BE$2:$BE$105,Calc!$BF$2:$BF$105,Calc!$BG$2:$BG$105,Calc!$BH$2:$BH$105,Calc!$BI$2:$BI$105,Calc!$BJ$2:$BJ$105),MATCH($W57,Calc!$A$2:$A$105,0)),"") -> 10.07087 | AA57: =IF(Z57="","",IF(LEFT($X57,1)="H",SQRT(Z57*(IFERROR(INDEX(Calc!$AP$2:$AP$105,MATCH($W57,Calc!$A$2:$A$105,0)),0.5)*Config!$B$5+1-IFERROR(INDEX(Calc!$AP$2:$AP$105,MATCH($W57,Calc!$A$2:$A$105,0)),0.5))),SQRT(Z57*Config!$B$5))) -> 3.4153934 | AB57: =IF(OR(F57="",Z57="",N(AA57)<=0),"",1-NORMDIST(FLOOR(F57,1)+0.5,Z57,AA57,TRUE())) -> 0.45000615 | AC57: =IF(AB57="","",NORMDIST(CEILING(F57,1)-0.5,Z57,AA57,TRUE())) -> 0.54999385 | AD57: =IF(AB57="","",IF(AB57>=0.5+Config!$B$6,"OVER",IF(AC57>=0.5+Config!$B$6,"UNDER","—"))) -> UNDER | AE57: =IFERROR(Z57/G57,"") -> 0.98602383
A58: CS2 | B58: CS2 · BBL vs BCG | C58: salazar | D58: BBL | E58: Maps 1-2 Kills | F58: 26.5 | G58: =IFERROR(INDEX(CHOOSE(MATCH($X58,{"K1","K2","K3","K12","K13","H1","H2","H3","H12","H13"},0),Calc!$V$2:$V$105,Calc!$AC$2:$AC$105,Calc!$AJ$2:$AJ$105,Calc!$AL$2:$AL$105,Calc!$AM$2:$AM$105,Calc!$W$2:$W$105,Calc!$AD$2:$AD$105,Calc!$AK$2:$AK$105,Calc!$AN$2:$AN$105,Calc!$AO$2:$AO$105),MATCH($W58,Calc!$A$2:$A$105,0)),"") -> 25.811123 | H58: =IF(G58="","",IF(LEFT($X58,1)="H",SQRT(G58*(IFERROR(INDEX(Calc!$AP$2:$AP$105,MATCH($W58,Calc!$A$2:$A$105,0)),0.5)*Config!$B$5+1-IFERROR(INDEX(Calc!$AP$2:$AP$105,MATCH($W58,Calc!$A$2:$A$105,0)),0.5))),SQRT(G58*Config!$B$5))) -> 6.0112871 | I58: =IF(OR(F58="",G58="",N(H58)<=0),"",1-NORMDIST(FLOOR(F58,1)+0.5,G58,H58,TRUE())) -> 0.45438218 | J58: =IF(I58="","",NORMDIST(CEILING(F58,1)-0.5,G58,H58,TRUE())) -> 0.54561782 | K58: =IF(I58="","",MAX(0,1-I58-J58)) -> 0 | L58: =IF(I58="","",IF(I58>=0.5+Config!$B$6,"OVER",IF(J58>=0.5+Config!$B$6,"UNDER","—"))) -> UNDER | M58: 26.41 | N58: 26.8 | O58: 0.8 | P58: 0.5 | Q58: 0.6 | R58: 0%/0/1 | S58: -1 | T58: =INDEX(Calc!$G$2:$G$105,MATCH($W58,Calc!$A$2:$A$105,0))&" / "&INDEX(Calc!$H$2:$H$105,MATCH($W58,Calc!$A$2:$A$105,0)) -> Cache / Nuke | U58: =TEXT(INDEX(Calc!$J$2:$J$105,MATCH($W58,Calc!$A$2:$A$105,0)),"0.0")&" / "&TEXT(INDEX(Calc!$K$2:$K$105,MATCH($W58,Calc!$A$2:$A$105,0)),"0.0") -> 21.1 / 21.1 | V58: =IFERROR(INDEX(Calc!$AQ$2:$AQ$105,MATCH($W58,Calc!$A$2:$A$105,0)),"") | W58: n7dezrlm3ggjepw|CS2 · BBL vs BCG | X58: K12 | Y58: =W58&"|"&X58 -> n7dezrlm3ggjepw|CS2 · BBL vs BCG|K12 | Z58: =IFERROR(INDEX(CHOOSE(MATCH($X58,{"K1","K2","K3","K12","K13","H1","H2","H3","H12","H13"},0),Calc!$BA$2:$BA$105,Calc!$BB$2:$BB$105,Calc!$BC$2:$BC$105,Calc!$BD$2:$BD$105,Calc!$BE$2:$BE$105,Calc!$BF$2:$BF$105,Calc!$BG$2:$BG$105,Calc!$BH$2:$BH$105,Calc!$BI$2:$BI$105,Calc!$BJ$2:$BJ$105),MATCH($W58,Calc!$A$2:$A$105,0)),"") -> 25.46949 | AA58: =IF(Z58="","",IF(LEFT($X58,1)="H",SQRT(Z58*(IFERROR(INDEX(Calc!$AP$2:$AP$105,MATCH($W58,Calc!$A$2:$A$105,0)),0.5)*Config!$B$5+1-IFERROR(INDEX(Calc!$AP$2:$AP$105,MATCH($W58,Calc!$A$2:$A$105,0)),0.5))),SQRT(Z58*Config!$B$5))) -> 5.9713722 | AB58: =IF(OR(F58="",Z58="",N(AA58)<=0),"",1-NORMDIST(FLOOR(F58,1)+0.5,Z58,AA58,TRUE())) -> 0.43149272 | AC58: =IF(AB58="","",NORMDIST(CEILING(F58,1)-0.5,Z58,AA58,TRUE())) -> 0.56850728 | AD58: =IF(AB58="","",IF(AB58>=0.5+Config!$B$6,"OVER",IF(AC58>=0.5+Config!$B$6,"UNDER","—"))) -> UNDER | AE58: =IFERROR(Z58/G58,"") -> 0.98676411
A59: CS2 | B59: CS2 · BBL vs BCG | C59: asap | D59: BCG | E59: Maps 1-2 HS | F59: 14.5 | G59: =IFERROR(INDEX(CHOOSE(MATCH($X59,{"K1","K2","K3","K12","K13","H1","H2","H3","H12","H13"},0),Calc!$V$2:$V$105,Calc!$AC$2:$AC$105,Calc!$AJ$2:$AJ$105,Calc!$AL$2:$AL$105,Calc!$AM$2:$AM$105,Calc!$W$2:$W$105,Calc!$AD$2:$AD$105,Calc!$AK$2:$AK$105,Calc!$AN$2:$AN$105,Calc!$AO$2:$AO$105),MATCH($W59,Calc!$A$2:$A$105,0)),"") -> 13.750663 | H59: =IF(G59="","",IF(LEFT($X59,1)="H",SQRT(G59*(IFERROR(INDEX(Calc!$AP$2:$AP$105,MATCH($W59,Calc!$A$2:$A$105,0)),0.5)*Config!$B$5+1-IFERROR(INDEX(Calc!$AP$2:$AP$105,MATCH($W59,Calc!$A$2:$A$105,0)),0.5))),SQRT(G59*Config!$B$5))) -> 4.0817636 | I59: =IF(OR(F59="",G59="",N(H59)<=0),"",1-NORMDIST(FLOOR(F59,1)+0.5,G59,H59,TRUE())) -> 0.42717078 | J59: =IF(I59="","",NORMDIST(CEILING(F59,1)-0.5,G59,H59,TRUE())) -> 0.57282922 | K59: =IF(I59="","",MAX(0,1-I59-J59)) -> 0 | L59: =IF(I59="","",IF(I59>=0.5+Config!$B$6,"OVER",IF(J59>=0.5+Config!$B$6,"UNDER","—"))) -> UNDER | N59: 13.1 | O59: 0.2 | P59: 0.4 | Q59: 0.47 | R59: 0%/0/1 | S59: -4 | T59: =INDEX(Calc!$G$2:$G$105,MATCH($W59,Calc!$A$2:$A$105,0))&" / "&INDEX(Calc!$H$2:$H$105,MATCH($W59,Calc!$A$2:$A$105,0)) -> Cache / Nuke | U59: =TEXT(INDEX(Calc!$J$2:$J$105,MATCH($W59,Calc!$A$2:$A$105,0)),"0.0")&" / "&TEXT(INDEX(Calc!$K$2:$K$105,MATCH($W59,Calc!$A$2:$A$105,0)),"0.0") -> 21.1 / 21.1 | V59: =IFERROR(INDEX(Calc!$AQ$2:$AQ$105,MATCH($W59,Calc!$A$2:$A$105,0)),"") | W59: sr5c0xeb12zshv5|CS2 · BBL vs BCG | X59: H12 | Y59: =W59&"|"&X59 -> sr5c0xeb12zshv5|CS2 · BBL vs BCG|H12 | Z59: =IFERROR(INDEX(CHOOSE(MATCH($X59,{"K1","K2","K3","K12","K13","H1","H2","H3","H12","H13"},0),Calc!$BA$2:$BA$105,Calc!$BB$2:$BB$105,Calc!$BC$2:$BC$105,Calc!$BD$2:$BD$105,Calc!$BE$2:$BE$105,Calc!$BF$2:$BF$105,Calc!$BG$2:$BG$105,Calc!$BH$2:$BH$105,Calc!$BI$2:$BI$105,Calc!$BJ$2:$BJ$105),MATCH($W59,Calc!$A$2:$A$105,0)),"") -> 13.402783 | AA59: =IF(Z59="","",IF(LEFT($X59,1)="H",SQRT(Z59*(IFERROR(INDEX(Calc!$AP$2:$AP$105,MATCH($W59,Calc!$A$2:$A$105,0)),0.5)*Config!$B$5+1-IFERROR(INDEX(Calc!$AP$2:$AP$105,MATCH($W59,Calc!$A$2:$A$105,0)),0.5))),SQRT(Z59*Config!$B$5))) -> 4.0298004 | AB59: =IF(OR(F59="",Z59="",N(AA59)<=0),"",1-NORMDIST(FLOOR(F59,1)+0.5,Z59,AA59,TRUE())) -> 0.39270498 | AC59: =IF(AB59="","",NORMDIST(CEILING(F59,1)-0.5,Z59,AA59,TRUE())) -> 0.60729502 | AD59: =IF(AB59="","",IF(AB59>=0.5+Config!$B$6,"OVER",IF(AC59>=0.5+Config!$B$6,"UNDER","—"))) -> UNDER | AE59: =IFERROR(Z59/G59,"") -> 0.97470087
A60: CS2 | B60: CS2 · BBL vs BCG | C60: asap | D60: BCG | E60: Maps 1-2 Kills | F60: 26.5 | G60: =IFERROR(INDEX(CHOOSE(MATCH($X60,{"K1","K2","K3","K12","K13","H1","H2","H3","H12","H13"},0),Calc!$V$2:$V$105,Calc!$AC$2:$AC$105,Calc!$AJ$2:$AJ$105,Calc!$AL$2:$AL$105,Calc!$AM$2:$AM$105,Calc!$W$2:$W$105,Calc!$AD$2:$AD$105,Calc!$AK$2:$AK$105,Calc!$AN$2:$AN$105,Calc!$AO$2:$AO$105),MATCH($W60,Calc!$A$2:$A$105,0)),"") -> 25.9893 | H60: =IF(G60="","",IF(LEFT($X60,1)="H",SQRT(G60*(IFERROR(INDEX(Calc!$AP$2:$AP$105,MATCH($W60,Calc!$A$2:$A$105,0)),0.5)*Config!$B$5+1-IFERROR(INDEX(Calc!$AP$2:$AP$105,MATCH($W60,Calc!$A$2:$A$105,0)),0.5))),SQRT(G60*Config!$B$5))) -> 6.0319997 | I60: =IF(OR(F60="",G60="",N(H60)<=0),"",1-NORMDIST(FLOOR(F60,1)+0.5,G60,H60,TRUE())) -> 0.46626381 | J60: =IF(I60="","",NORMDIST(CEILING(F60,1)-0.5,G60,H60,TRUE())) -> 0.53373619 | K60: =IF(I60="","",MAX(0,1-I60-J60)) -> 0 | L60: =IF(I60="","",IF(I60>=0.5+Config!$B$6,"OVER",IF(J60>=0.5+Config!$B$6,"UNDER","—"))) -> — | M60: 28.8 | N60: 25.7 | O60: 0.2 | P60: 0.5 | Q60: 0.6 | R60: 0%/0/1 | S60: -4 | T60: =INDEX(Calc!$G$2:$G$105,MATCH($W60,Calc!$A$2:$A$105,0))&" / "&INDEX(Calc!$H$2:$H$105,MATCH($W60,Calc!$A$2:$A$105,0)) -> Cache / Nuke | U60: =TEXT(INDEX(Calc!$J$2:$J$105,MATCH($W60,Calc!$A$2:$A$105,0)),"0.0")&" / "&TEXT(INDEX(Calc!$K$2:$K$105,MATCH($W60,Calc!$A$2:$A$105,0)),"0.0") -> 21.1 / 21.1 | V60: =IFERROR(INDEX(Calc!$AQ$2:$AQ$105,MATCH($W60,Calc!$A$2:$A$105,0)),"") | W60: sr5c0xeb12zshv5|CS2 · BBL vs BCG | X60: K12 | Y60: =W60&"|"&X60 -> sr5c0xeb12zshv5|CS2 · BBL vs BCG|K12 | Z60: =IFERROR(INDEX(CHOOSE(MATCH($X60,{"K1","K2","K3","K12","K13","H1","H2","H3","H12","H13"},0),Calc!$BA$2:$BA$105,Calc!$BB$2:$BB$105,Calc!$BC$2:$BC$105,Calc!$BD$2:$BD$105,Calc!$BE$2:$BE$105,Calc!$BF$2:$BF$105,Calc!$BG$2:$BG$105,Calc!$BH$2:$BH$105,Calc!$BI$2:$BI$105,Calc!$BJ$2:$BJ$105),MATCH($W60,Calc!$A$2:$A$105,0)),"") -> 25.340138 | AA60: =IF(Z60="","",IF(LEFT($X60,1)="H",SQRT(Z60*(IFERROR(INDEX(Calc!$AP$2:$AP$105,MATCH($W60,Calc!$A$2:$A$105,0)),0.5)*Config!$B$5+1-IFERROR(INDEX(Calc!$AP$2:$AP$105,MATCH($W60,Calc!$A$2:$A$105,0)),0.5))),SQRT(Z60*Config!$B$5))) -> 5.9561895 | AB60: =IF(OR(F60="",Z60="",N(AA60)<=0),"",1-NORMDIST(FLOOR(F60,1)+0.5,Z60,AA60,TRUE())) -> 0.42280129 | AC60: =IF(AB60="","",NORMDIST(CEILING(F60,1)-0.5,Z60,AA60,TRUE())) -> 0.57719871 | AD60: =IF(AB60="","",IF(AB60>=0.5+Config!$B$6,"OVER",IF(AC60>=0.5+Config!$B$6,"UNDER","—"))) -> UNDER | AE60: =IFERROR(Z60/G60,"") -> 0.97502195
A61: CS2 | B61: CS2 · BBL vs BCG | C61: Magisk | D61: BCG | E61: Maps 1-2 HS | F61: 14.5 | G61: =IFERROR(INDEX(CHOOSE(MATCH($X61,{"K1","K2","K3","K12","K13","H1","H2","H3","H12","H13"},0),Calc!$V$2:$V$105,Calc!$AC$2:$AC$105,Calc!$AJ$2:$AJ$105,Calc!$AL$2:$AL$105,Calc!$AM$2:$AM$105,Calc!$W$2:$W$105,Calc!$AD$2:$AD$105,Calc!$AK$2:$AK$105,Calc!$AN$2:$AN$105,Calc!$AO$2:$AO$105),MATCH($W61,Calc!$A$2:$A$105,0)),"") -> 14.781567 | H61: =IF(G61="","",IF(LEFT($X61,1)="H",SQRT(G61*(IFERROR(INDEX(Calc!$AP$2:$AP$105,MATCH($W61,Calc!$A$2:$A$105,0)),0.5)*Config!$B$5+1-IFERROR(INDEX(Calc!$AP$2:$AP$105,MATCH($W61,Calc!$A$2:$A$105,0)),0.5))),SQRT(G61*Config!$B$5))) -> 4.2652423 | I61: =IF(OR(F61="",G61="",N(H61)<=0),"",1-NORMDIST(FLOOR(F61,1)+0.5,G61,H61,TRUE())) -> 0.52631681 | J61: =IF(I61="","",NORMDIST(CEILING(F61,1)-0.5,G61,H61,TRUE())) -> 0.47368319 | K61: =IF(I61="","",MAX(0,1-I61-J61)) -> 0 | L61: =IF(I61="","",IF(I61>=0.5+Config!$B$6,"OVER",IF(J61>=0.5+Config!$B$6,"UNDER","—"))) -> — | N61: 15 | O61: 0.4 | P61: 0.6 | Q61: 0.53 | R61: 100%/1/1 | S61: -3 | T61: =INDEX(Calc!$G$2:$G$105,MATCH($W61,Calc!$A$2:$A$105,0))&" / "&INDEX(Calc!$H$2:$H$105,MATCH($W61,Calc!$A$2:$A$105,0)) -> Cache / Nuke | U61: =TEXT(INDEX(Calc!$J$2:$J$105,MATCH($W61,Calc!$A$2:$A$105,0)),"0.0")&" / "&TEXT(INDEX(Calc!$K$2:$K$105,MATCH($W61,Calc!$A$2:$A$105,0)),"0.0") -> 21.1 / 21.1 | V61: =IFERROR(INDEX(Calc!$AQ$2:$AQ$105,MATCH($W61,Calc!$A$2:$A$105,0)),"") | W61: 1d7bsesjr3mn3m2|CS2 · BBL vs BCG | X61: H12 | Y61: =W61&"|"&X61 -> 1d7bsesjr3mn3m2|CS2 · BBL vs BCG|H12 | Z61: =IFERROR(INDEX(CHOOSE(MATCH($X61,{"K1","K2","K3","K12","K13","H1","H2","H3","H12","H13"},0),Calc!$BA$2:$BA$105,Calc!$BB$2:$BB$105,Calc!$BC$2:$BC$105,Calc!$BD$2:$BD$105,Calc!$BE$2:$BE$105,Calc!$BF$2:$BF$105,Calc!$BG$2:$BG$105,Calc!$BH$2:$BH$105,Calc!$BI$2:$BI$105,Calc!$BJ$2:$BJ$105),MATCH($W61,Calc!$A$2:$A$105,0)),"") -> 14.395218 | AA61: =IF(Z61="","",IF(LEFT($X61,1)="H",SQRT(Z61*(IFERROR(INDEX(Calc!$AP$2:$AP$105,MATCH($W61,Calc!$A$2:$A$105,0)),0.5)*Config!$B$5+1-IFERROR(INDEX(Calc!$AP$2:$AP$105,MATCH($W61,Calc!$A$2:$A$105,0)),0.5))),SQRT(Z61*Config!$B$5))) -> 4.2091325 | AB61: =IF(OR(F61="",Z61="",N(AA61)<=0),"",1-NORMDIST(FLOOR(F61,1)+0.5,Z61,AA61,TRUE())) -> 0.49006981 | AC61: =IF(AB61="","",NORMDIST(CEILING(F61,1)-0.5,Z61,AA61,TRUE())) -> 0.50993019 | AD61: =IF(AB61="","",IF(AB61>=0.5+Config!$B$6,"OVER",IF(AC61>=0.5+Config!$B$6,"UNDER","—"))) -> — | AE61: =IFERROR(Z61/G61,"") -> 0.97386279
A62: CS2 | B62: CS2 · BBL vs BCG | C62: Magisk | D62: BCG | E62: Maps 1-2 Kills | F62: 27.5 | G62: =IFERROR(INDEX(CHOOSE(MATCH($X62,{"K1","K2","K3","K12","K13","H1","H2","H3","H12","H13"},0),Calc!$V$2:$V$105,Calc!$AC$2:$AC$105,Calc!$AJ$2:$AJ$105,Calc!$AL$2:$AL$105,Calc!$AM$2:$AM$105,Calc!$W$2:$W$105,Calc!$AD$2:$AD$105,Calc!$AK$2:$AK$105,Calc!$AN$2:$AN$105,Calc!$AO$2:$AO$105),MATCH($W62,Calc!$A$2:$A$105,0)),"") -> 25.624436 | H62: =IF(G62="","",IF(LEFT($X62,1)="H",SQRT(G62*(IFERROR(INDEX(Calc!$AP$2:$AP$105,MATCH($W62,Calc!$A$2:$A$105,0)),0.5)*Config!$B$5+1-IFERROR(INDEX(Calc!$AP$2:$AP$105,MATCH($W62,Calc!$A$2:$A$105,0)),0.5))),SQRT(G62*Config!$B$5))) -> 5.9895084 | I62: =IF(OR(F62="",G62="",N(H62)<=0),"",1-NORMDIST(FLOOR(F62,1)+0.5,G62,H62,TRUE())) -> 0.37708658 | J62: =IF(I62="","",NORMDIST(CEILING(F62,1)-0.5,G62,H62,TRUE())) -> 0.62291342 | K62: =IF(I62="","",MAX(0,1-I62-J62)) -> 0 | L62: =IF(I62="","",IF(I62>=0.5+Config!$B$6,"OVER",IF(J62>=0.5+Config!$B$6,"UNDER","—"))) -> UNDER | M62: 25.58 | N62: 28.1 | O62: 0.4 | P62: 0.5 | Q62: 0.47 | R62: 100%/1/1 | S62: -3 | T62: =INDEX(Calc!$G$2:$G$105,MATCH($W62,Calc!$A$2:$A$105,0))&" / "&INDEX(Calc!$H$2:$H$105,MATCH($W62,Calc!$A$2:$A$105,0)) -> Cache / Nuke | U62: =TEXT(INDEX(Calc!$J$2:$J$105,MATCH($W62,Calc!$A$2:$A$105,0)),"0.0")&" / "&TEXT(INDEX(Calc!$K$2:$K$105,MATCH($W62,Calc!$A$2:$A$105,0)),"0.0") -> 21.1 / 21.1 | V62: =IFERROR(INDEX(Calc!$AQ$2:$AQ$105,MATCH($W62,Calc!$A$2:$A$105,0)),"") | W62: 1d7bsesjr3mn3m2|CS2 · BBL vs BCG | X62: K12 | Y62: =W62&"|"&X62 -> 1d7bsesjr3mn3m2|CS2 · BBL vs BCG|K12 | Z62: =IFERROR(INDEX(CHOOSE(MATCH($X62,{"K1","K2","K3","K12","K13","H1","H2","H3","H12","H13"},0),Calc!$BA$2:$BA$105,Calc!$BB$2:$BB$105,Calc!$BC$2:$BC$105,Calc!$BD$2:$BD$105,Calc!$BE$2:$BE$105,Calc!$BF$2:$BF$105,Calc!$BG$2:$BG$105,Calc!$BH$2:$BH$105,Calc!$BI$2:$BI$105,Calc!$BJ$2:$BJ$105),MATCH($W62,Calc!$A$2:$A$105,0)),"") -> 24.980127 | AA62: =IF(Z62="","",IF(LEFT($X62,1)="H",SQRT(Z62*(IFERROR(INDEX(Calc!$AP$2:$AP$105,MATCH($W62,Calc!$A$2:$A$105,0)),0.5)*Config!$B$5+1-IFERROR(INDEX(Calc!$AP$2:$AP$105,MATCH($W62,Calc!$A$2:$A$105,0)),0.5))),SQRT(Z62*Config!$B$5))) -> 5.9137279 | AB62: =IF(OR(F62="",Z62="",N(AA62)<=0),"",1-NORMDIST(FLOOR(F62,1)+0.5,Z62,AA62,TRUE())) -> 0.33501541 | AC62: =IF(AB62="","",NORMDIST(CEILING(F62,1)-0.5,Z62,AA62,TRUE())) -> 0.66498459 | AD62: =IF(AB62="","",IF(AB62>=0.5+Config!$B$6,"OVER",IF(AC62>=0.5+Config!$B$6,"UNDER","—"))) -> UNDER | AE62: =IFERROR(Z62/G62,"") -> 0.97485566
A63: CS2 | B63: CS2 · BBL vs BCG | C63: mzinho | D63: BCG | E63: Maps 1-2 HS | F63: 19.5 | G63: =IFERROR(INDEX(CHOOSE(MATCH($X63,{"K1","K2","K3","K12","K13","H1","H2","H3","H12","H13"},0),Calc!$V$2:$V$105,Calc!$AC$2:$AC$105,Calc!$AJ$2:$AJ$105,Calc!$AL$2:$AL$105,Calc!$AM$2:$AM$105,Calc!$W$2:$W$105,Calc!$AD$2:$AD$105,Calc!$AK$2:$AK$105,Calc!$AN$2:$AN$105,Calc!$AO$2:$AO$105),MATCH($W63,Calc!$A$2:$A$105,0)),"") -> 19.415561 | H63: =IF(G63="","",IF(LEFT($X63,1)="H",SQRT(G63*(IFERROR(INDEX(Calc!$AP$2:$AP$105,MATCH($W63,Calc!$A$2:$A$105,0)),0.5)*Config!$B$5+1-IFERROR(INDEX(Calc!$AP$2:$AP$105,MATCH($W63,Calc!$A$2:$A$105,0)),0.5))),SQRT(G63*Config!$B$5))) -> 4.9998507 | I63: =IF(OR(F63="",G63="",N(H63)<=0),"",1-NORMDIST(FLOOR(F63,1)+0.5,G63,H63,TRUE())) -> 0.49326289 | J63: =IF(I63="","",NORMDIST(CEILING(F63,1)-0.5,G63,H63,TRUE())) -> 0.50673711 | K63: =IF(I63="","",MAX(0,1-I63-J63)) -> 0 | L63: =IF(I63="","",IF(I63>=0.5+Config!$B$6,"OVER",IF(J63>=0.5+Config!$B$6,"UNDER","—"))) -> — | N63: 20 | O63: 0.6 | P63: 0.6 | Q63: 0.67 | R63: 0%/0/1 | S63: 1 | T63: =INDEX(Calc!$G$2:$G$105,MATCH($W63,Calc!$A$2:$A$105,0))&" / "&INDEX(Calc!$H$2:$H$105,MATCH($W63,Calc!$A$2:$A$105,0)) -> Cache / Nuke | U63: =TEXT(INDEX(Calc!$J$2:$J$105,MATCH($W63,Calc!$A$2:$A$105,0)),"0.0")&" / "&TEXT(INDEX(Calc!$K$2:$K$105,MATCH($W63,Calc!$A$2:$A$105,0)),"0.0") -> 21.1 / 21.1 | V63: =IFERROR(INDEX(Calc!$AQ$2:$AQ$105,MATCH($W63,Calc!$A$2:$A$105,0)),"") | W63: d5pdwo5hc84he1g|CS2 · BBL vs BCG | X63: H12 | Y63: =W63&"|"&X63 -> d5pdwo5hc84he1g|CS2 · BBL vs BCG|H12 | Z63: =IFERROR(INDEX(CHOOSE(MATCH($X63,{"K1","K2","K3","K12","K13","H1","H2","H3","H12","H13"},0),Calc!$BA$2:$BA$105,Calc!$BB$2:$BB$105,Calc!$BC$2:$BC$105,Calc!$BD$2:$BD$105,Calc!$BE$2:$BE$105,Calc!$BF$2:$BF$105,Calc!$BG$2:$BG$105,Calc!$BH$2:$BH$105,Calc!$BI$2:$BI$105,Calc!$BJ$2:$BJ$105),MATCH($W63,Calc!$A$2:$A$105,0)),"") -> 18.906424 | AA63: =IF(Z63="","",IF(LEFT($X63,1)="H",SQRT(Z63*(IFERROR(INDEX(Calc!$AP$2:$AP$105,MATCH($W63,Calc!$A$2:$A$105,0)),0.5)*Config!$B$5+1-IFERROR(INDEX(Calc!$AP$2:$AP$105,MATCH($W63,Calc!$A$2:$A$105,0)),0.5))),SQRT(Z63*Config!$B$5))) -> 4.9338592 | AB63: =IF(OR(F63="",Z63="",N(AA63)<=0),"",1-NORMDIST(FLOOR(F63,1)+0.5,Z63,AA63,TRUE())) -> 0.4521201 | AC63: =IF(AB63="","",NORMDIST(CEILING(F63,1)-0.5,Z63,AA63,TRUE())) -> 0.5478799 | AD63: =IF(AB63="","",IF(AB63>=0.5+Config!$B$6,"OVER",IF(AC63>=0.5+Config!$B$6,"UNDER","—"))) -> UNDER | AE63: =IFERROR(Z63/G63,"") -> 0.97377683
A64: CS2 | B64: CS2 · BBL vs BCG | C64: mzinho | D64: BCG | E64: Maps 1-2 Kills | F64: 29.5 | G64: =IFERROR(INDEX(CHOOSE(MATCH($X64,{"K1","K2","K3","K12","K13","H1","H2","H3","H12","H13"},0),Calc!$V$2:$V$105,Calc!$AC$2:$AC$105,Calc!$AJ$2:$AJ$105,Calc!$AL$2:$AL$105,Calc!$AM$2:$AM$105,Calc!$W$2:$W$105,Calc!$AD$2:$AD$105,Calc!$AK$2:$AK$105,Calc!$AN$2:$AN$105,Calc!$AO$2:$AO$105),MATCH($W64,Calc!$A$2:$A$105,0)),"") -> 27.008255 | H64: =IF(G64="","",IF(LEFT($X64,1)="H",SQRT(G64*(IFERROR(INDEX(Calc!$AP$2:$AP$105,MATCH($W64,Calc!$A$2:$A$105,0)),0.5)*Config!$B$5+1-IFERROR(INDEX(Calc!$AP$2:$AP$105,MATCH($W64,Calc!$A$2:$A$105,0)),0.5))),SQRT(G64*Config!$B$5))) -> 6.1491102 | I64: =IF(OR(F64="",G64="",N(H64)<=0),"",1-NORMDIST(FLOOR(F64,1)+0.5,G64,H64,TRUE())) -> 0.34265772 | J64: =IF(I64="","",NORMDIST(CEILING(F64,1)-0.5,G64,H64,TRUE())) -> 0.65734228 | K64: =IF(I64="","",MAX(0,1-I64-J64)) -> 0 | L64: =IF(I64="","",IF(I64>=0.5+Config!$B$6,"OVER",IF(J64>=0.5+Config!$B$6,"UNDER","—"))) -> UNDER | M64: 26.4 | N64: 29.3 | O64: 0.4 | P64: 0.3 | Q64: 0.4 | R64: 0%/0/1 | S64: -2 | T64: =INDEX(Calc!$G$2:$G$105,MATCH($W64,Calc!$A$2:$A$105,0))&" / "&INDEX(Calc!$H$2:$H$105,MATCH($W64,Calc!$A$2:$A$105,0)) -> Cache / Nuke | U64: =TEXT(INDEX(Calc!$J$2:$J$105,MATCH($W64,Calc!$A$2:$A$105,0)),"0.0")&" / "&TEXT(INDEX(Calc!$K$2:$K$105,MATCH($W64,Calc!$A$2:$A$105,0)),"0.0") -> 21.1 / 21.1 | V64: =IFERROR(INDEX(Calc!$AQ$2:$AQ$105,MATCH($W64,Calc!$A$2:$A$105,0)),"") | W64: d5pdwo5hc84he1g|CS2 · BBL vs BCG | X64: K12 | Y64: =W64&"|"&X64 -> d5pdwo5hc84he1g|CS2 · BBL vs BCG|K12 | Z64: =IFERROR(INDEX(CHOOSE(MATCH($X64,{"K1","K2","K3","K12","K13","H1","H2","H3","H12","H13"},0),Calc!$BA$2:$BA$105,Calc!$BB$2:$BB$105,Calc!$BC$2:$BC$105,Calc!$BD$2:$BD$105,Calc!$BE$2:$BE$105,Calc!$BF$2:$BF$105,Calc!$BG$2:$BG$105,Calc!$BH$2:$BH$105,Calc!$BI$2:$BI$105,Calc!$BJ$2:$BJ$105),MATCH($W64,Calc!$A$2:$A$105,0)),"") -> 26.295704 | AA64: =IF(Z64="","",IF(LEFT($X64,1)="H",SQRT(Z64*(IFERROR(INDEX(Calc!$AP$2:$AP$105,MATCH($W64,Calc!$A$2:$A$105,0)),0.5)*Config!$B$5+1-IFERROR(INDEX(Calc!$AP$2:$AP$105,MATCH($W64,Calc!$A$2:$A$105,0)),0.5))),SQRT(Z64*Config!$B$5))) -> 6.067453 | AB64: =IF(OR(F64="",Z64="",N(AA64)<=0),"",1-NORMDIST(FLOOR(F64,1)+0.5,Z64,AA64,TRUE())) -> 0.29871073 | AC64: =IF(AB64="","",NORMDIST(CEILING(F64,1)-0.5,Z64,AA64,TRUE())) -> 0.70128927 | AD64: =IF(AB64="","",IF(AB64>=0.5+Config!$B$6,"OVER",IF(AC64>=0.5+Config!$B$6,"UNDER","—"))) -> UNDER | AE64: =IFERROR(Z64/G64,"") -> 0.9736173
A65: CS2 | B65: CS2 · BBL vs BCG | C65: s1mple | D65: BCG | E65: Maps 1-2 HS | F65: 13 | G65: =IFERROR(INDEX(CHOOSE(MATCH($X65,{"K1","K2","K3","K12","K13","H1","H2","H3","H12","H13"},0),Calc!$V$2:$V$105,Calc!$AC$2:$AC$105,Calc!$AJ$2:$AJ$105,Calc!$AL$2:$AL$105,Calc!$AM$2:$AM$105,Calc!$W$2:$W$105,Calc!$AD$2:$AD$105,Calc!$AK$2:$AK$105,Calc!$AN$2:$AN$105,Calc!$AO$2:$AO$105),MATCH($W65,Calc!$A$2:$A$105,0)),"") -> 13.508821 | H65: =IF(G65="","",IF(LEFT($X65,1)="H",SQRT(G65*(IFERROR(INDEX(Calc!$AP$2:$AP$105,MATCH($W65,Calc!$A$2:$A$105,0)),0.5)*Config!$B$5+1-IFERROR(INDEX(Calc!$AP$2:$AP$105,MATCH($W65,Calc!$A$2:$A$105,0)),0.5))),SQRT(G65*Config!$B$5))) -> 3.96173 | I65: =IF(OR(F65="",G65="",N(H65)<=0),"",1-NORMDIST(FLOOR(F65,1)+0.5,G65,H65,TRUE())) -> 0.50088831 | J65: =IF(I65="","",NORMDIST(CEILING(F65,1)-0.5,G65,H65,TRUE())) -> 0.39949994 | K65: =IF(I65="","",MAX(0,1-I65-J65)) -> 0.099611744 | L65: =IF(I65="","",IF(I65>=0.5+Config!$B$6,"OVER",IF(J65>=0.5+Config!$B$6,"UNDER","—"))) -> — | N65: 13.4 | O65: 0.4 | P65: 0.5 | Q65: 0.47 | R65: 0%/0/1 | S65: 2 | T65: =INDEX(Calc!$G$2:$G$105,MATCH($W65,Calc!$A$2:$A$105,0))&" / "&INDEX(Calc!$H$2:$H$105,MATCH($W65,Calc!$A$2:$A$105,0)) -> Cache / Nuke | U65: =TEXT(INDEX(Calc!$J$2:$J$105,MATCH($W65,Calc!$A$2:$A$105,0)),"0.0")&" / "&TEXT(INDEX(Calc!$K$2:$K$105,MATCH($W65,Calc!$A$2:$A$105,0)),"0.0") -> 21.1 / 21.1 | V65: =IFERROR(INDEX(Calc!$AQ$2:$AQ$105,MATCH($W65,Calc!$A$2:$A$105,0)),"") | W65: wmdnx0gqjw734wn|CS2 · BBL vs BCG | X65: H12 | Y65: =W65&"|"&X65 -> wmdnx0gqjw734wn|CS2 · BBL vs BCG|H12 | Z65: =IFERROR(INDEX(CHOOSE(MATCH($X65,{"K1","K2","K3","K12","K13","H1","H2","H3","H12","H13"},0),Calc!$BA$2:$BA$105,Calc!$BB$2:$BB$105,Calc!$BC$2:$BC$105,Calc!$BD$2:$BD$105,Calc!$BE$2:$BE$105,Calc!$BF$2:$BF$105,Calc!$BG$2:$BG$105,Calc!$BH$2:$BH$105,Calc!$BI$2:$BI$105,Calc!$BJ$2:$BJ$105),MATCH($W65,Calc!$A$2:$A$105,0)),"") -> 13.202533 | AA65: =IF(Z65="","",IF(LEFT($X65,1)="H",SQRT(Z65*(IFERROR(INDEX(Calc!$AP$2:$AP$105,MATCH($W65,Calc!$A$2:$A$105,0)),0.5)*Config!$B$5+1-IFERROR(INDEX(Calc!$AP$2:$AP$105,MATCH($W65,Calc!$A$2:$A$105,0)),0.5))),SQRT(Z65*Config!$B$5))) -> 3.9165599 | AB65: =IF(OR(F65="",Z65="",N(AA65)<=0),"",1-NORMDIST(FLOOR(F65,1)+0.5,Z65,AA65,TRUE())) -> 0.469729 | AC65: =IF(AB65="","",NORMDIST(CEILING(F65,1)-0.5,Z65,AA65,TRUE())) -> 0.42882163 | AD65: =IF(AB65="","",IF(AB65>=0.5+Config!$B$6,"OVER",IF(AC65>=0.5+Config!$B$6,"UNDER","—"))) -> — | AE65: =IFERROR(Z65/G65,"") -> 0.97732678
A66: CS2 | B66: CS2 · BBL vs BCG | C66: s1mple | D66: BCG | E66: Maps 1-2 Kills | F66: 32.5 | G66: =IFERROR(INDEX(CHOOSE(MATCH($X66,{"K1","K2","K3","K12","K13","H1","H2","H3","H12","H13"},0),Calc!$V$2:$V$105,Calc!$AC$2:$AC$105,Calc!$AJ$2:$AJ$105,Calc!$AL$2:$AL$105,Calc!$AM$2:$AM$105,Calc!$W$2:$W$105,Calc!$AD$2:$AD$105,Calc!$AK$2:$AK$105,Calc!$AN$2:$AN$105,Calc!$AO$2:$AO$105),MATCH($W66,Calc!$A$2:$A$105,0)),"") -> 33.3848 | H66: =IF(G66="","",IF(LEFT($X66,1)="H",SQRT(G66*(IFERROR(INDEX(Calc!$AP$2:$AP$105,MATCH($W66,Calc!$A$2:$A$105,0)),0.5)*Config!$B$5+1-IFERROR(INDEX(Calc!$AP$2:$AP$105,MATCH($W66,Calc!$A$2:$A$105,0)),0.5))),SQRT(G66*Config!$B$5))) -> 6.8365722 | I66: =IF(OR(F66="",G66="",N(H66)<=0),"",1-NORMDIST(FLOOR(F66,1)+0.5,G66,H66,TRUE())) -> 0.55148796 | J66: =IF(I66="","",NORMDIST(CEILING(F66,1)-0.5,G66,H66,TRUE())) -> 0.44851204 | K66: =IF(I66="","",MAX(0,1-I66-J66)) -> 0 | L66: =IF(I66="","",IF(I66>=0.5+Config!$B$6,"OVER",IF(J66>=0.5+Config!$B$6,"UNDER","—"))) -> OVER | M66: 31.22 | N66: 32.4 | O66: 0.4 | P66: 0.4 | Q66: 0.4 | R66: 0%/0/1 | S66: -2 | T66: =INDEX(Calc!$G$2:$G$105,MATCH($W66,Calc!$A$2:$A$105,0))&" / "&INDEX(Calc!$H$2:$H$105,MATCH($W66,Calc!$A$2:$A$105,0)) -> Cache / Nuke | U66: =TEXT(INDEX(Calc!$J$2:$J$105,MATCH($W66,Calc!$A$2:$A$105,0)),"0.0")&" / "&TEXT(INDEX(Calc!$K$2:$K$105,MATCH($W66,Calc!$A$2:$A$105,0)),"0.0") -> 21.1 / 21.1 | V66: =IFERROR(INDEX(Calc!$AQ$2:$AQ$105,MATCH($W66,Calc!$A$2:$A$105,0)),"") | W66: wmdnx0gqjw734wn|CS2 · BBL vs BCG | X66: K12 | Y66: =W66&"|"&X66 -> wmdnx0gqjw734wn|CS2 · BBL vs BCG|K12 | Z66: =IFERROR(INDEX(CHOOSE(MATCH($X66,{"K1","K2","K3","K12","K13","H1","H2","H3","H12","H13"},0),Calc!$BA$2:$BA$105,Calc!$BB$2:$BB$105,Calc!$BC$2:$BC$105,Calc!$BD$2:$BD$105,Calc!$BE$2:$BE$105,Calc!$BF$2:$BF$105,Calc!$BG$2:$BG$105,Calc!$BH$2:$BH$105,Calc!$BI$2:$BI$105,Calc!$BJ$2:$BJ$105),MATCH($W66,Calc!$A$2:$A$105,0)),"") -> 32.543686 | AA66: =IF(Z66="","",IF(LEFT($X66,1)="H",SQRT(Z66*(IFERROR(INDEX(Calc!$AP$2:$AP$105,MATCH($W66,Calc!$A$2:$A$105,0)),0.5)*Config!$B$5+1-IFERROR(INDEX(Calc!$AP$2:$AP$105,MATCH($W66,Calc!$A$2:$A$105,0)),0.5))),SQRT(Z66*Config!$B$5))) -> 6.7499008 | AB66: =IF(OR(F66="",Z66="",N(AA66)<=0),"",1-NORMDIST(FLOOR(F66,1)+0.5,Z66,AA66,TRUE())) -> 0.50258196 | AC66: =IF(AB66="","",NORMDIST(CEILING(F66,1)-0.5,Z66,AA66,TRUE())) -> 0.49741804 | AD66: =IF(AB66="","",IF(AB66>=0.5+Config!$B$6,"OVER",IF(AC66>=0.5+Config!$B$6,"UNDER","—"))) -> — | AE66: =IFERROR(Z66/G66,"") -> 0.97480548
A67: CS2 | B67: CS2 · BBL vs BCG | C67: senzu | D67: BCG | E67: Maps 1-2 HS | F67: 18.5 | G67: =IFERROR(INDEX(CHOOSE(MATCH($X67,{"K1","K2","K3","K12","K13","H1","H2","H3","H12","H13"},0),Calc!$V$2:$V$105,Calc!$AC$2:$AC$105,Calc!$AJ$2:$AJ$105,Calc!$AL$2:$AL$105,Calc!$AM$2:$AM$105,Calc!$W$2:$W$105,Calc!$AD$2:$AD$105,Calc!$AK$2:$AK$105,Calc!$AN$2:$AN$105,Calc!$AO$2:$AO$105),MATCH($W67,Calc!$A$2:$A$105,0)),"") -> 20.661333 | H67: =IF(G67="","",IF(LEFT($X67,1)="H",SQRT(G67*(IFERROR(INDEX(Calc!$AP$2:$AP$105,MATCH($W67,Calc!$A$2:$A$105,0)),0.5)*Config!$B$5+1-IFERROR(INDEX(Calc!$AP$2:$AP$105,MATCH($W67,Calc!$A$2:$A$105,0)),0.5))),SQRT(G67*Config!$B$5))) -> 5.0864334 | I67: =IF(OR(F67="",G67="",N(H67)<=0),"",1-NORMDIST(FLOOR(F67,1)+0.5,G67,H67,TRUE())) -> 0.6645529 | J67: =IF(I67="","",NORMDIST(CEILING(F67,1)-0.5,G67,H67,TRUE())) -> 0.3354471 | K67: =IF(I67="","",MAX(0,1-I67-J67)) -> 0 | L67: =IF(I67="","",IF(I67>=0.5+Config!$B$6,"OVER",IF(J67>=0.5+Config!$B$6,"UNDER","—"))) -> OVER | N67: 18.7 | O67: 0.2 | P67: 0.4 | Q67: 0.47 | R67: 0%/0/1 | S67: -4 | T67: =INDEX(Calc!$G$2:$G$105,MATCH($W67,Calc!$A$2:$A$105,0))&" / "&INDEX(Calc!$H$2:$H$105,MATCH($W67,Calc!$A$2:$A$105,0)) -> Cache / Nuke | U67: =TEXT(INDEX(Calc!$J$2:$J$105,MATCH($W67,Calc!$A$2:$A$105,0)),"0.0")&" / "&TEXT(INDEX(Calc!$K$2:$K$105,MATCH($W67,Calc!$A$2:$A$105,0)),"0.0") -> 21.1 / 21.1 | V67: =IFERROR(INDEX(Calc!$AQ$2:$AQ$105,MATCH($W67,Calc!$A$2:$A$105,0)),"") | W67: 5mlzxv2cg2u3emi|CS2 · BBL vs BCG | X67: H12 | Y67: =W67&"|"&X67 -> 5mlzxv2cg2u3emi|CS2 · BBL vs BCG|H12 | Z67: =IFERROR(INDEX(CHOOSE(MATCH($X67,{"K1","K2","K3","K12","K13","H1","H2","H3","H12","H13"},0),Calc!$BA$2:$BA$105,Calc!$BB$2:$BB$105,Calc!$BC$2:$BC$105,Calc!$BD$2:$BD$105,Calc!$BE$2:$BE$105,Calc!$BF$2:$BF$105,Calc!$BG$2:$BG$105,Calc!$BH$2:$BH$105,Calc!$BI$2:$BI$105,Calc!$BJ$2:$BJ$105),MATCH($W67,Calc!$A$2:$A$105,0)),"") -> 20.108812 | AA67: =IF(Z67="","",IF(LEFT($X67,1)="H",SQRT(Z67*(IFERROR(INDEX(Calc!$AP$2:$AP$105,MATCH($W67,Calc!$A$2:$A$105,0)),0.5)*Config!$B$5+1-IFERROR(INDEX(Calc!$AP$2:$AP$105,MATCH($W67,Calc!$A$2:$A$105,0)),0.5))),SQRT(Z67*Config!$B$5))) -> 5.0179625 | AB67: =IF(OR(F67="",Z67="",N(AA67)<=0),"",1-NORMDIST(FLOOR(F67,1)+0.5,Z67,AA67,TRUE())) -> 0.62574729 | AC67: =IF(AB67="","",NORMDIST(CEILING(F67,1)-0.5,Z67,AA67,TRUE())) -> 0.37425271 | AD67: =IF(AB67="","",IF(AB67>=0.5+Config!$B$6,"OVER",IF(AC67>=0.5+Config!$B$6,"UNDER","—"))) -> OVER | AE67: =IFERROR(Z67/G67,"") -> 0.97325824
A68: CS2 | B68: CS2 · BBL vs BCG | C68: senzu | D68: BCG | E68: Maps 1-2 Kills | F68: 31.5 | G68: =IFERROR(INDEX(CHOOSE(MATCH($X68,{"K1","K2","K3","K12","K13","H1","H2","H3","H12","H13"},0),Calc!$V$2:$V$105,Calc!$AC$2:$AC$105,Calc!$AJ$2:$AJ$105,Calc!$AL$2:$AL$105,Calc!$AM$2:$AM$105,Calc!$W$2:$W$105,Calc!$AD$2:$AD$105,Calc!$AK$2:$AK$105,Calc!$AN$2:$AN$105,Calc!$AO$2:$AO$105),MATCH($W68,Calc!$A$2:$A$105,0)),"") -> 32.771745 | H68: =IF(G68="","",IF(LEFT($X68,1)="H",SQRT(G68*(IFERROR(INDEX(Calc!$AP$2:$AP$105,MATCH($W68,Calc!$A$2:$A$105,0)),0.5)*Config!$B$5+1-IFERROR(INDEX(Calc!$AP$2:$AP$105,MATCH($W68,Calc!$A$2:$A$105,0)),0.5))),SQRT(G68*Config!$B$5))) -> 6.7735104 | I68: =IF(OR(F68="",G68="",N(H68)<=0),"",1-NORMDIST(FLOOR(F68,1)+0.5,G68,H68,TRUE())) -> 0.57446478 | J68: =IF(I68="","",NORMDIST(CEILING(F68,1)-0.5,G68,H68,TRUE())) -> 0.42553522 | K68: =IF(I68="","",MAX(0,1-I68-J68)) -> 0 | L68: =IF(I68="","",IF(I68>=0.5+Config!$B$6,"OVER",IF(J68>=0.5+Config!$B$6,"UNDER","—"))) -> OVER | M68: 31.62 | N68: 33.4 | O68: 0.6 | P68: 0.6 | Q68: 0.47 | R68: 0%/0/1 | S68: -1 | T68: =INDEX(Calc!$G$2:$G$105,MATCH($W68,Calc!$A$2:$A$105,0))&" / "&INDEX(Calc!$H$2:$H$105,MATCH($W68,Calc!$A$2:$A$105,0)) -> Cache / Nuke | U68: =TEXT(INDEX(Calc!$J$2:$J$105,MATCH($W68,Calc!$A$2:$A$105,0)),"0.0")&" / "&TEXT(INDEX(Calc!$K$2:$K$105,MATCH($W68,Calc!$A$2:$A$105,0)),"0.0") -> 21.1 / 21.1 | V68: =IFERROR(INDEX(Calc!$AQ$2:$AQ$105,MATCH($W68,Calc!$A$2:$A$105,0)),"") | W68: 5mlzxv2cg2u3emi|CS2 · BBL vs BCG | X68: K12 | Y68: =W68&"|"&X68 -> 5mlzxv2cg2u3emi|CS2 · BBL vs BCG|K12 | Z68: =IFERROR(INDEX(CHOOSE(MATCH($X68,{"K1","K2","K3","K12","K13","H1","H2","H3","H12","H13"},0),Calc!$BA$2:$BA$105,Calc!$BB$2:$BB$105,Calc!$BC$2:$BC$105,Calc!$BD$2:$BD$105,Calc!$BE$2:$BE$105,Calc!$BF$2:$BF$105,Calc!$BG$2:$BG$105,Calc!$BH$2:$BH$105,Calc!$BI$2:$BI$105,Calc!$BJ$2:$BJ$105),MATCH($W68,Calc!$A$2:$A$105,0)),"") -> 31.877278 | AA68: =IF(Z68="","",IF(LEFT($X68,1)="H",SQRT(Z68*(IFERROR(INDEX(Calc!$AP$2:$AP$105,MATCH($W68,Calc!$A$2:$A$105,0)),0.5)*Config!$B$5+1-IFERROR(INDEX(Calc!$AP$2:$AP$105,MATCH($W68,Calc!$A$2:$A$105,0)),0.5))),SQRT(Z68*Config!$B$5))) -> 6.6804333 | AB68: =IF(OR(F68="",Z68="",N(AA68)<=0),"",1-NORMDIST(FLOOR(F68,1)+0.5,Z68,AA68,TRUE())) -> 0.52251834 | AC68: =IF(AB68="","",NORMDIST(CEILING(F68,1)-0.5,Z68,AA68,TRUE())) -> 0.47748166 | AD68: =IF(AB68="","",IF(AB68>=0.5+Config!$B$6,"OVER",IF(AC68>=0.5+Config!$B$6,"UNDER","—"))) -> — | AE68: =IFERROR(Z68/G68,"") -> 0.97270615
A69: CS2 | B69: CS2 · BIG vs MGLZ | C69: blameF | D69: BIG | E69: Maps 1-2 HS | F69: 15.5 | G69: =IFERROR(INDEX(CHOOSE(MATCH($X69,{"K1","K2","K3","K12","K13","H1","H2","H3","H12","H13"},0),Calc!$V$2:$V$105,Calc!$AC$2:$AC$105,Calc!$AJ$2:$AJ$105,Calc!$AL$2:$AL$105,Calc!$AM$2:$AM$105,Calc!$W$2:$W$105,Calc!$AD$2:$AD$105,Calc!$AK$2:$AK$105,Calc!$AN$2:$AN$105,Calc!$AO$2:$AO$105),MATCH($W69,Calc!$A$2:$A$105,0)),"") -> 17.07622 | H69: =IF(G69="","",IF(LEFT($X69,1)="H",SQRT(G69*(IFERROR(INDEX(Calc!$AP$2:$AP$105,MATCH($W69,Calc!$A$2:$A$105,0)),0.5)*Config!$B$5+1-IFERROR(INDEX(Calc!$AP$2:$AP$105,MATCH($W69,Calc!$A$2:$A$105,0)),0.5))),SQRT(G69*Config!$B$5))) -> 4.5534127 | I69: =IF(OR(F69="",G69="",N(H69)<=0),"",1-NORMDIST(FLOOR(F69,1)+0.5,G69,H69,TRUE())) -> 0.63538962 | J69: =IF(I69="","",NORMDIST(CEILING(F69,1)-0.5,G69,H69,TRUE())) -> 0.36461038 | K69: =IF(I69="","",MAX(0,1-I69-J69)) -> 0 | L69: =IF(I69="","",IF(I69>=0.5+Config!$B$6,"OVER",IF(J69>=0.5+Config!$B$6,"UNDER","—"))) -> OVER | N69: 16.2 | O69: 0.2 | P69: 0.6 | Q69: 0.53 | R69: 0%/0/1 | S69: -3 | T69: =INDEX(Calc!$G$2:$G$105,MATCH($W69,Calc!$A$2:$A$105,0))&" / "&INDEX(Calc!$H$2:$H$105,MATCH($W69,Calc!$A$2:$A$105,0)) -> Inferno / Dust2 | U69: =TEXT(INDEX(Calc!$J$2:$J$105,MATCH($W69,Calc!$A$2:$A$105,0)),"0.0")&" / "&TEXT(INDEX(Calc!$K$2:$K$105,MATCH($W69,Calc!$A$2:$A$105,0)),"0.0") -> 21.5 / 21.5 | V69: =IFERROR(INDEX(Calc!$AQ$2:$AQ$105,MATCH($W69,Calc!$A$2:$A$105,0)),"") | W69: 8trkhn8eds1uu4p|CS2 · BIG vs MGLZ | X69: H12 | Y69: =W69&"|"&X69 -> 8trkhn8eds1uu4p|CS2 · BIG vs MGLZ|H12 | Z69: =IFERROR(INDEX(CHOOSE(MATCH($X69,{"K1","K2","K3","K12","K13","H1","H2","H3","H12","H13"},0),Calc!$BA$2:$BA$105,Calc!$BB$2:$BB$105,Calc!$BC$2:$BC$105,Calc!$BD$2:$BD$105,Calc!$BE$2:$BE$105,Calc!$BF$2:$BF$105,Calc!$BG$2:$BG$105,Calc!$BH$2:$BH$105,Calc!$BI$2:$BI$105,Calc!$BJ$2:$BJ$105),MATCH($W69,Calc!$A$2:$A$105,0)),"") -> 16.756288 | AA69: =IF(Z69="","",IF(LEFT($X69,1)="H",SQRT(Z69*(IFERROR(INDEX(Calc!$AP$2:$AP$105,MATCH($W69,Calc!$A$2:$A$105,0)),0.5)*Config!$B$5+1-IFERROR(INDEX(Calc!$AP$2:$AP$105,MATCH($W69,Calc!$A$2:$A$105,0)),0.5))),SQRT(Z69*Config!$B$5))) -> 4.5105558 | AB69: =IF(OR(F69="",Z69="",N(AA69)<=0),"",1-NORMDIST(FLOOR(F69,1)+0.5,Z69,AA69,TRUE())) -> 0.60969407 | AC69: =IF(AB69="","",NORMDIST(CEILING(F69,1)-0.5,Z69,AA69,TRUE())) -> 0.39030593 | AD69: =IF(AB69="","",IF(AB69>=0.5+Config!$B$6,"OVER",IF(AC69>=0.5+Config!$B$6,"UNDER","—"))) -> OVER | AE69: =IFERROR(Z69/G69,"") -> 0.98126449
A70: CS2 | B70: CS2 · BIG vs MGLZ | C70: blameF | D70: BIG | E70: Maps 1-2 Kills | F70: 32.5 | G70: =IFERROR(INDEX(CHOOSE(MATCH($X70,{"K1","K2","K3","K12","K13","H1","H2","H3","H12","H13"},0),Calc!$V$2:$V$105,Calc!$AC$2:$AC$105,Calc!$AJ$2:$AJ$105,Calc!$AL$2:$AL$105,Calc!$AM$2:$AM$105,Calc!$W$2:$W$105,Calc!$AD$2:$AD$105,Calc!$AK$2:$AK$105,Calc!$AN$2:$AN$105,Calc!$AO$2:$AO$105),MATCH($W70,Calc!$A$2:$A$105,0)),"") -> 31.891667 | H70: =IF(G70="","",IF(LEFT($X70,1)="H",SQRT(G70*(IFERROR(INDEX(Calc!$AP$2:$AP$105,MATCH($W70,Calc!$A$2:$A$105,0)),0.5)*Config!$B$5+1-IFERROR(INDEX(Calc!$AP$2:$AP$105,MATCH($W70,Calc!$A$2:$A$105,0)),0.5))),SQRT(G70*Config!$B$5))) -> 6.6819408 | I70: =IF(OR(F70="",G70="",N(H70)<=0),"",1-NORMDIST(FLOOR(F70,1)+0.5,G70,H70,TRUE())) -> 0.46372984 | J70: =IF(I70="","",NORMDIST(CEILING(F70,1)-0.5,G70,H70,TRUE())) -> 0.53627016 | K70: =IF(I70="","",MAX(0,1-I70-J70)) -> 0 | L70: =IF(I70="","",IF(I70>=0.5+Config!$B$6,"OVER",IF(J70>=0.5+Config!$B$6,"UNDER","—"))) -> — | N70: 34.1 | O70: 0.6 | P70: 0.7 | Q70: 0.53 | R70: 0%/0/1 | S70: 1 | T70: =INDEX(Calc!$G$2:$G$105,MATCH($W70,Calc!$A$2:$A$105,0))&" / "&INDEX(Calc!$H$2:$H$105,MATCH($W70,Calc!$A$2:$A$105,0)) -> Inferno / Dust2 | U70: =TEXT(INDEX(Calc!$J$2:$J$105,MATCH($W70,Calc!$A$2:$A$105,0)),"0.0")&" / "&TEXT(INDEX(Calc!$K$2:$K$105,MATCH($W70,Calc!$A$2:$A$105,0)),"0.0") -> 21.5 / 21.5 | V70: =IFERROR(INDEX(Calc!$AQ$2:$AQ$105,MATCH($W70,Calc!$A$2:$A$105,0)),"") | W70: 8trkhn8eds1uu4p|CS2 · BIG vs MGLZ | X70: K12 | Y70: =W70&"|"&X70 -> 8trkhn8eds1uu4p|CS2 · BIG vs MGLZ|K12 | Z70: =IFERROR(INDEX(CHOOSE(MATCH($X70,{"K1","K2","K3","K12","K13","H1","H2","H3","H12","H13"},0),Calc!$BA$2:$BA$105,Calc!$BB$2:$BB$105,Calc!$BC$2:$BC$105,Calc!$BD$2:$BD$105,Calc!$BE$2:$BE$105,Calc!$BF$2:$BF$105,Calc!$BG$2:$BG$105,Calc!$BH$2:$BH$105,Calc!$BI$2:$BI$105,Calc!$BJ$2:$BJ$105),MATCH($W70,Calc!$A$2:$A$105,0)),"") -> 31.243135 | AA70: =IF(Z70="","",IF(LEFT($X70,1)="H",SQRT(Z70*(IFERROR(INDEX(Calc!$AP$2:$AP$105,MATCH($W70,Calc!$A$2:$A$105,0)),0.5)*Config!$B$5+1-IFERROR(INDEX(Calc!$AP$2:$AP$105,MATCH($W70,Calc!$A$2:$A$105,0)),0.5))),SQRT(Z70*Config!$B$5))) -> 6.6136517 | AB70: =IF(OR(F70="",Z70="",N(AA70)<=0),"",1-NORMDIST(FLOOR(F70,1)+0.5,Z70,AA70,TRUE())) -> 0.4246385 | AC70: =IF(AB70="","",NORMDIST(CEILING(F70,1)-0.5,Z70,AA70,TRUE())) -> 0.5753615 | AD70: =IF(AB70="","",IF(AB70>=0.5+Config!$B$6,"OVER",IF(AC70>=0.5+Config!$B$6,"UNDER","—"))) -> UNDER | AE70: =IFERROR(Z70/G70,"") -> 0.97966454
